customer_id,total_revenue,n_orders,aov,units_per_order,recency_days,tenure_days,n_categories,bike_share,first_order_before_jun2013
11000,8248.99,3,2749.6633333333334,2.6666666666666665,241,1076,3,0.9824293640797238,True
11002,8114.039999999999,3,2704.68,1.3333333333333333,310,1088,2,0.9956877215295956,True
11005,8121.33,3,2707.11,2.0,242,1096,2,0.9947939561623527,True
11009,8091.33,3,2697.11,1.6666666666666667,235,1068,2,0.9953925992389384,True
11010,8088.039999999999,3,2696.013333333333,1.3333333333333333,221,1081,2,0.9988884822528079,True
11011,8133.039999999999,3,2711.013333333333,1.3333333333333333,286,1096,2,0.9933616458298496,True
11014,138.45,2,69.225,3.0,244,282,2,0.0,False
11015,2500.97,1,2500.97,3.0,346,346,2,0.9276360772020456,False
11016,2332.28,1,2332.28,3.0,324,324,2,0.9840113536968117,False
11017,6434.3099999999995,3,2144.77,1.3333333333333333,77,1083,2,0.9965839382933058,True
11018,6533.28,3,2177.7599999999998,2.3333333333333335,67,1078,2,0.9891402174711632,True
11022,2322.28,1,2322.28,2.0,344,344,2,0.9990139001326283,False
11026,6575.789999999999,3,2191.93,2.3333333333333335,76,1072,3,0.982745799364031,True
11028,6474.62,3,2158.2066666666665,1.6666666666666667,84,1069,2,0.994240588636862,True
11029,6565.289999999999,3,2188.43,2.3333333333333335,49,1076,3,0.9843175244353259,True
11030,6471.32,3,2157.1066666666666,1.3333333333333333,51,1059,2,0.9986107934702657,True
11031,6478.6,3,2159.5333333333333,2.0,47,1063,2,0.9974886549563178,True
11032,6525.5599999999995,3,2175.1866666666665,3.3333333333333335,52,1046,3,0.9864793213149525,True
11034,6491.32,3,2163.773333333333,1.3333333333333333,50,1063,2,0.9916827394120149,True
11035,6451.3099999999995,3,2150.4366666666665,1.6666666666666667,45,1058,2,0.9978329982592683,True
11037,2374.23,1,2374.23,7.0,344,344,2,0.9666249689372979,False
11039,6636.58,3,2212.193333333333,3.0,49,1057,3,0.9737440067022474,True
11042,3112.33,2,1556.165,1.5,74,343,2,0.9839380785456556,False
11044,6515.299999999999,3,2171.7666666666664,2.3333333333333335,52,1036,3,0.984195662517459,True
11047,6582.33,3,2194.11,1.3333333333333333,41,1061,2,0.9817693734589423,True
11049,81.26,2,40.63,2.5,62,296,1,0.0,False
11050,5007.299999999999,3,1669.0999999999997,2.0,41,1044,3,0.9759411259561042,True
11052,8131.32,3,2710.44,2.3333333333333335,217,1047,2,0.9904972378408425,True
11054,8223.02,3,2741.0066666666667,2.0,214,1061,3,0.9824918339004406,True
11055,8168.01,3,2722.67,2.6666666666666665,206,1064,2,0.9891087302782441,True
11060,8153.0199999999995,3,2717.673333333333,2.0,188,1017,2,0.9939936367137577,True
11062,2351.96,1,2351.96,3.0,357,357,2,0.9757776492797497,False
11063,2372.95,1,2372.95,5.0,352,352,3,0.9671463789797513,False
11064,2304.98,1,2304.98,2.0,339,339,2,0.9956659059948461,False
11065,196.29,1,196.29,3.0,323,323,1,0.0,False
11067,6.28,1,6.28,2.0,134,134,1,0.0,False
11070,8165.549999999999,3,2721.85,3.3333333333333335,187,977,2,0.9894067147956966,True
11071,110.23,3,36.74333333333333,2.3333333333333335,29,304,2,0.0,False
11074,94.19,3,31.396666666666665,2.3333333333333335,217,282,1,0.0,False
11075,8068.03,3,2689.3433333333332,1.6666666666666667,189,977,2,0.9982672350003657,True
11079,32.96,2,16.48,2.0,121,290,2,0.0,False
11081,104.25999999999999,2,52.129999999999995,2.5,261,321,2,0.0,False
11083,3137.3199999999997,2,1568.6599999999999,2.5,52,358,2,0.9761006209121162,False
11085,74.98,1,74.98,3.0,24,24,1,0.0,False
11088,3176.78,2,1588.39,3.5,48,351,3,0.963976101587142,False
11091,1125.36,26,43.28307692307692,2.1538461538461537,9,335,2,0.0,False
11092,8110.0199999999995,3,2703.3399999999997,1.6666666666666667,192,997,2,0.9961812671238789,True
11093,8180.0,3,2726.6666666666665,2.3333333333333335,205,998,3,0.9876589242053792,True
11096,8063.039999999999,3,2687.68,1.3333333333333333,153,994,2,0.9988850359169743,True
11097,8099.03,3,2699.6766666666667,1.6666666666666667,159,1001,2,0.9944462485013638,True
11101,8262.52,3,2754.1733333333336,2.3333333333333335,184,976,3,0.980820621311658,True
11103,8182.5,3,2727.5,2.6666666666666665,207,990,3,0.9843018637335779,True
11104,8173.03,3,2724.3433333333332,2.0,198,971,3,0.9885012045716216,True
11107,8171.01,3,2723.67,2.0,192,974,2,0.9887455773521268,True
11108,8124.039999999999,3,2708.013333333333,1.6666666666666667,190,972,2,0.9913848282381672,True
11110,8093.03,3,2697.6766666666667,1.6666666666666667,132,974,2,0.9982725876464069,True
11114,122.89,3,40.96333333333333,2.3333333333333335,4,287,1,0.0,False
11115,35.230000000000004,2,17.615000000000002,1.5,8,323,1,0.0,False
11117,8184.99,3,2728.33,2.6666666666666665,188,969,3,0.9901111669042969,True
11118,115.85,2,57.925,3.5,50,173,1,0.0,False
11122,42.93,3,14.31,1.0,130,312,1,0.0,False
11124,8129.0199999999995,3,2709.673333333333,2.0,195,970,2,0.9938528875559416,True
11125,79.69000000000001,3,26.563333333333336,2.3333333333333335,180,333,2,0.0,False
11128,143.94,2,71.97,3.5,140,194,2,0.0,False
11129,5873.26,2,2936.63,1.0,355,877,1,1.0,True
11130,37.29,1,37.29,2.0,21,21,1,0.0,False
11131,115.91999999999999,4,28.979999999999997,2.0,8,73,2,0.0,False
11132,2371.94,1,2371.94,6.0,265,265,2,0.9675582013035745,False
11134,4911.83,3,1637.2766666666666,1.0,57,972,1,1.0,True
11135,2334.97,1,2334.97,3.0,256,256,2,0.9935845000149897,False
11137,196.29,1,196.29,3.0,152,152,1,0.0,False
11139,83.97,2,41.985,1.5,74,107,2,0.0,False
11143,48.56,2,24.28,2.5,11,198,1,0.0,False
11145,2309.97,1,2309.97,3.0,339,339,2,0.9935150672952464,False
11150,192.42,3,64.14,2.6666666666666665,168,278,2,0.0,False
11154,2319.99,1,2319.99,1.0,354,354,1,1.0,False
11155,2319.99,1,2319.99,1.0,358,358,1,1.0,False
11156,2389.97,1,2389.97,4.0,356,356,2,0.9602589153838753,False
11158,2395.96,1,2395.96,3.0,345,345,3,0.968292458972604,False
11159,48.56,2,24.28,2.5,53,113,1,0.0,False
11160,2322.28,1,2322.28,2.0,312,312,2,0.9990139001326283,False
11162,2329.98,1,2329.98,2.0,315,315,2,0.984982703714195,False
11163,46.27,2,23.135,2.0,147,243,1,0.0,False
11165,102.49,2,51.245,1.5,208,219,2,0.0,False
11166,87.96000000000001,2,43.980000000000004,2.5,24,77,2,0.0,False
11167,3126.33,2,1563.165,2.0,32,357,3,0.971535314570119,False
11168,3136.59,2,1568.295,3.5,44,349,2,0.9683573562371877,False
11170,157.23,2,78.615,3.5,1,126,2,0.0,False
11172,38.98,1,38.98,2.0,241,241,1,0.0,False
11173,102.49,2,51.245,1.5,6,303,2,0.0,False
11174,48.56,2,24.28,2.5,158,170,1,0.0,False
11177,135.25,2,67.625,3.0,77,276,2,0.0,False
11179,61.97,1,61.97,3.0,293,293,1,0.0,False
11180,138.45,2,69.225,3.0,96,288,2,0.0,False
11181,41.28,2,20.64,1.5,172,237,1,0.0,False
11182,42.28,1,42.28,3.0,124,124,1,0.0,False
11183,46.27,2,23.135,2.0,200,244,1,0.0,False
11184,68.25,2,34.125,2.5,82,142,1,0.0,False
11189,5944.219999999999,2,2972.1099999999997,3.0,328,857,3,0.9880623530084689,True
11190,6.28,1,6.28,2.0,124,124,1,0.0,False
11191,6743.58,3,2247.86,2.3333333333333335,54,872,3,0.9847306623484856,True
11192,113.96000000000001,2,56.980000000000004,2.5,96,190,1,0.0,False
11194,105.75,2,52.875,3.0,22,292,2,0.0,False
11195,105.75,2,52.875,3.0,69,260,2,0.0,False
11198,98.47,2,49.235,2.0,320,328,2,0.0,False
11199,131.75,2,65.875,3.0,74,287,2,0.0,False
11200,1267.1100000000001,25,50.684400000000004,2.04,12,326,2,0.0,False
11204,77.27000000000001,2,38.635000000000005,2.0,50,143,1,0.0,False
11205,37.29,2,18.645,1.0,83,156,1,0.0,False
11207,77.27000000000001,2,38.635000000000005,2.0,73,333,1,0.0,False
11208,134.23,2,67.115,3.5,104,301,1,0.0,False
11212,760.9300000000001,15,50.72866666666667,1.9333333333333333,17,334,2,0.0,False
11213,77.27000000000001,2,38.635000000000005,2.0,112,277,1,0.0,False
11217,5953.25,2,2976.625,1.5,319,873,2,0.9907630285978247,True
11220,50.230000000000004,2,25.115000000000002,2.0,17,291,1,0.0,False
11224,6685.59,3,2228.53,1.6666666666666667,27,876,2,0.9895327113986949,True
11225,73.25,2,36.625,2.5,115,191,2,0.0,False
11228,2.29,1,2.29,1.0,66,66,1,0.0,False
11229,42.28,1,42.28,3.0,156,156,1,0.0,False
11230,54.22,2,27.11,2.5,21,167,1,0.0,False
11235,74.98,1,74.98,3.0,179,179,1,0.0,False
11236,74.98,1,74.98,3.0,88,88,1,0.0,False
11237,10566.38,4,2641.595,1.5,35,847,2,0.995837741970287,True
11238,7542.7699999999995,4,1885.6924999999999,2.25,244,1089,3,0.987676940964659,True
11239,7511.549999999999,4,1877.8874999999998,2.75,216,1076,3,0.9884537811769876,True
11242,11068.0082,7,1581.1440285714286,1.7142857142857142,26,467,3,0.992460251339532,True
11244,7175.75,4,1793.9375,3.0,164,1052,3,0.9758310977946558,True
11246,10575.33,4,2643.8325,1.75,10,819,2,0.9949949552401675,True
11249,9890.27,4,2472.5675,2.75,106,813,3,0.9888547026522027,True
11251,2318.96,1,2318.96,4.0,73,73,3,0.9896634698313039,False
11253,696.6100000000001,16,43.53812500000001,1.875,27,304,2,0.0,False
11254,203.92,2,101.96,4.5,16,37,2,0.0,False
11255,113.96000000000001,2,56.980000000000004,2.5,274,310,1,0.0,False
11257,6677.38,3,2225.7933333333335,2.0,16,859,3,0.9907493657692089,True
11259,6770.6,3,2256.866666666667,1.6666666666666667,10,848,2,0.9771083803503383,True
11264,3182.27,2,1591.135,4.0,30,362,3,0.9544570385291006,False
11266,5922.23,2,2961.115,2.5,344,842,3,0.9959525381486367,True
11267,5943.23,2,2971.615,2.5,357,835,2,0.9882269405693538,True
11268,98.25,2,49.125,2.5,44,215,1,0.0,False
11270,5984.219999999999,2,2992.1099999999997,2.5,357,842,3,0.9814579009461551,True
11273,273.23,2,136.615,4.0,221,230,1,0.0,False
11275,5955.23,2,2977.615,2.0,352,853,2,0.9904336188526724,True
11277,1305.66,24,54.4025,2.375,37,331,2,0.0,False
11279,44.57,2,22.285,2.0,191,302,1,0.0,False
11280,77.27000000000001,2,38.635000000000005,2.0,144,182,1,0.0,False
11282,5998.73,2,2999.365,3.0,362,852,3,0.9790839060934565,True
11285,127.76,2,63.88,2.5,65,156,2,0.0,False
11286,5954.219999999999,2,2977.1099999999997,2.5,344,831,3,0.9864029209535423,True
11287,1009.24,24,42.05166666666667,2.25,28,335,2,0.0,False
11288,77.27000000000001,2,38.635000000000005,2.0,131,300,1,0.0,False
11289,5905.48,2,2952.74,2.5,348,844,2,0.9945440506106193,True
11296,5897.530000000001,2,2948.7650000000003,2.0,335,851,2,0.9958847178395024,True
11298,5922.23,2,2961.115,2.5,312,840,3,0.9959525381486367,True
11301,131.26,2,65.63,2.5,80,204,2,0.0,False
11303,5875.55,2,2937.775,1.5,310,850,2,0.9996102492532614,True
11306,42.28,2,21.14,1.5,114,183,1,0.0,False
11307,5964.219999999999,2,2982.1099999999997,2.5,325,848,3,0.9889407164725649,True
11308,91.97,1,91.97,3.0,114,114,1,0.0,False
11309,39.99,1,39.99,2.0,174,174,1,0.0,False
11310,77.27000000000001,2,38.635000000000005,2.0,6,140,1,0.0,False
11312,42.28,2,21.14,1.5,211,227,1,0.0,False
11313,44.57,2,22.285,2.0,34,237,1,0.0,False
11314,47.53,2,23.765,2.0,27,308,1,0.0,False
11317,5873.26,2,2936.63,1.0,315,851,1,1.0,True
11319,5930.23,2,2965.115,2.0,309,843,2,0.9903932899735762,True
11320,72.21000000000001,2,36.105000000000004,2.5,133,198,1,0.0,False
11321,37.29,2,18.645,1.0,216,310,1,0.0,False
11323,6074.54,2,3037.27,3.0,334,842,2,0.9668649807228202,True
11324,5945.23,2,2972.615,2.0,328,826,3,0.9878944969328354,True
11325,6044.2,2,3022.1,3.5,333,833,3,0.9758545382350023,True
11326,5948.24,2,2974.12,2.5,313,837,2,0.9873945906688366,True
11330,1111.3600000000001,26,42.744615384615386,2.1538461538461537,16,321,2,0.0,False
11332,5754.969999999999,2,2877.4849999999997,1.5,358,807,2,0.9939200378107966,True
11336,4441.3796,2,2220.6898,2.5,359,459,2,0.9887489914169914,True
11337,8162.0,3,2720.6666666666665,2.6666666666666665,164,1027,3,0.9898370497427103,True
11338,5744.95,2,2872.475,2.5,365,811,2,0.9913019260393913,True
11341,8192.0,3,2730.6666666666665,2.6666666666666665,164,994,3,0.9862121582031251,True
11343,8221.99,3,2740.6633333333334,3.0,159,1001,3,0.982614914394204,True
11344,8119.8099999999995,3,2706.603333333333,2.3333333333333335,160,962,3,0.9949801781076157,True
11347,13.98,1,13.98,2.0,289,289,1,0.0,False
11350,38.47,1,38.47,3.0,328,328,2,0.0,False
11351,8068.03,3,2689.3433333333332,1.6666666666666667,124,932,2,0.9982672350003657,True
11354,22.97,1,22.97,3.0,27,27,2,0.0,False
11355,13.98,1,13.98,2.0,95,95,1,0.0,False
11357,4943.799999999999,3,1647.9333333333332,1.6666666666666667,62,926,2,0.988476475585582,True
11358,5034.78,3,1678.26,2.6666666666666665,46,916,3,0.9706144061905388,True
11360,5025.799999999999,3,1675.2666666666664,2.0,8,917,3,0.9773230132516217,True
11361,114.96000000000001,2,57.480000000000004,2.0,36,90,2,0.0,False
11364,4921.82,3,1640.6066666666666,1.3333333333333333,4,937,2,0.9928908411928921,True
11365,5024.79,3,1674.93,2.3333333333333335,8,944,3,0.9725441262221906,True
11366,77.27000000000001,2,38.635000000000005,1.5,137,189,2,0.0,False
11367,86.25999999999999,2,43.129999999999995,2.0,35,176,2,0.0,False
11368,5106.24,3,1702.08,3.6666666666666665,29,920,3,0.9570310052014793,True
11371,74.98,2,37.49,1.0,2,53,2,0.0,False
11374,68.97,1,68.97,3.0,259,259,1,0.0,False
11375,13.98,1,13.98,2.0,74,74,1,0.0,False
11378,4436.3896,2,2218.1948,2.0,319,439,2,0.9898611249111215,True
11379,4426.0581999999995,2,2213.0290999999997,2.0,307,454,2,0.9871285018348834,True
11381,8161.0199999999995,3,2720.3399999999997,1.6666666666666667,134,932,2,0.993019254946073,True
11385,13.98,1,13.98,2.0,177,177,1,0.0,False
11387,6958.799999999999,3,2319.6,2.0,273,888,2,0.9929628671610049,True
11388,6986.75,3,2328.9166666666665,2.3333333333333335,248,911,3,0.9889905893298031,True
11391,33.98,1,33.98,2.0,65,65,1,0.0,False
11393,13.98,1,13.98,2.0,167,167,1,0.0,False
11395,5729.969999999999,2,2864.9849999999997,1.5,313,777,2,0.9982565353745307,True
11396,28.99,1,28.99,1.0,65,65,1,0.0,False
11397,38.47,1,38.47,3.0,176,176,2,0.0,False
11401,5020.8696,3,1673.6232,2.0,297,428,3,0.9772011605320323,True
11403,5033.1396,3,1677.7132000000001,3.0,216,428,3,0.9797859769278009,True
11405,53.99,1,53.99,1.0,274,274,1,0.0,False
11407,53.99,1,53.99,1.0,190,190,1,0.0,False
11408,34.47,1,34.47,3.0,300,300,2,0.0,False
11409,4444.0682,2,2222.0341,2.5,336,408,2,0.9831280717069104,True
11410,4464.0682,2,2232.0341,2.5,329,412,3,0.9731231704748597,True
11413,7189.75,4,1797.4375,2.75,116,873,3,0.9739309433568624,True
11418,39.98,1,39.98,2.0,13,13,1,0.0,False
11419,231.75,2,115.875,3.0,186,293,1,0.0,False
11422,7075.27,4,1768.8175,2.5,57,861,3,0.9861560053538594,True
11423,9904.97,4,2476.2425,2.5,71,751,3,0.9848631545577625,True
11426,34.99,1,34.99,1.0,265,265,1,0.0,False
11428,9954.259999999998,4,2488.5649999999996,3.0,69,756,3,0.9850094331472155,True
11429,10468.3796,6,1744.7299333333333,2.8333333333333335,6,381,3,0.9781389280151822,True
11432,9330.1996,6,1555.0332666666666,2.6666666666666665,5,385,3,0.9748247615195716,True
11438,34.99,1,34.99,1.0,328,328,1,0.0,False
11440,78.48,1,78.48,2.0,278,278,1,0.0,False
11442,34.99,1,34.99,1.0,92,92,1,0.0,False
11443,8235.0,3,2745.0,2.6666666666666665,90,937,3,0.9780267152398301,True
11444,8136.02,3,2712.0066666666667,1.6666666666666667,211,943,2,0.9929978048234888,True
11445,8098.03,3,2699.3433333333332,1.6666666666666667,185,938,2,0.997656220093035,True
11448,8132.01,3,2710.67,2.3333333333333335,192,928,3,0.9904131942779215,True
11450,8173.26,3,2724.42,3.0,196,915,3,0.9884733876078824,True
11452,8183.039999999999,3,2727.68,1.6666666666666667,201,903,3,0.984236909510402,True
11453,8176.98,3,2725.66,2.0,194,899,2,0.9880236957898881,True
11454,8089.039999999999,3,2696.3466666666664,1.3333333333333333,195,883,2,0.9956743939948375,True
11455,8142.03,3,2714.0099999999998,1.6666666666666667,213,913,2,0.9922648283044893,True
11457,8211.48,3,2737.16,3.3333333333333335,212,897,3,0.9808280602278763,True
11458,31.919999999999998,2,15.959999999999999,2.0,158,275,2,0.0,False
11459,8141.33,3,2713.7766666666666,1.6666666666666667,195,887,2,0.9954208956030525,True
11462,8116.33,3,2705.443333333333,1.6666666666666667,158,898,2,0.9954067910003659,True
11463,47.92,3,15.973333333333334,1.3333333333333333,17,300,1,0.0,False
11466,90.19,3,30.063333333333333,2.3333333333333335,131,222,1,0.0,False
11467,47.92,2,23.96,2.0,71,152,1,0.0,False
11470,4344.0882,2,2172.0441,1.0,312,708,1,1.0,True
11471,53.99,1,53.99,1.0,227,227,1,0.0,False
11472,8165.82,3,2721.94,2.0,65,888,3,0.9924355422970381,True
11474,49.97,1,49.97,3.0,95,95,2,0.0,False
11475,69.46,1,69.46,4.0,251,251,2,0.0,False
11476,53.99,1,53.99,1.0,59,59,1,0.0,False
11479,4970.6096,3,1656.8698666666667,3.0,220,390,2,0.9870820673584988,True
11480,4935.3596,3,1645.1198666666667,2.3333333333333335,158,370,2,0.9941321398343498,True
11481,4978.048199999999,3,1659.3493999999998,2.0,253,703,2,0.9861451723187414,True
11482,8143.03,3,2714.3433333333332,1.6666666666666667,111,844,2,0.9921429738070473,True
11485,7048.299999999999,3,2349.433333333333,2.3333333333333335,109,838,3,0.9839010825305393,True
11486,34.99,1,34.99,1.0,36,36,1,0.0,False
11487,53.99,1,53.99,1.0,15,15,1,0.0,False
11489,8127.51,3,2709.17,2.3333333333333335,93,794,3,0.9940375342509576,True
11490,53.99,1,53.99,1.0,270,270,1,0.0,False
11491,8158.01,3,2719.3366666666666,2.3333333333333335,114,784,2,0.9903211690105799,True
11494,6973.8099999999995,3,2324.603333333333,1.6666666666666667,91,738,2,0.9908256749180148,True
11496,7013.789999999999,3,2337.93,2.3333333333333335,55,761,3,0.9851777712192696,True
11497,34.99,1,34.99,1.0,56,56,1,0.0,False
11498,557.5400000000001,15,37.16933333333334,1.9333333333333333,27,305,2,0.0,False
11500,651.98,15,43.465333333333334,1.9333333333333333,3,333,2,0.0,False
11504,44.57,2,22.285,2.0,241,243,1,0.0,False
11506,675.6400000000001,15,45.042666666666676,2.1333333333333333,68,297,2,0.0,False
11508,77.27000000000001,2,38.635000000000005,2.0,230,242,1,0.0,False
11509,196.29,1,196.29,3.0,154,154,1,0.0,False
11510,258.15,5,51.629999999999995,3.2,4,293,2,0.0,False
11512,2319.99,1,2319.99,1.0,2,2,1,1.0,False
11513,863.95,1,863.95,5.0,205,205,3,0.89066496903756,False
11514,39.99,1,39.99,2.0,189,189,1,0.0,False
11515,5930.23,2,2965.115,2.0,254,852,2,0.9903932899735762,True
11517,101.76,2,50.88,2.5,129,187,2,0.0,False
11518,82.19999999999999,2,41.099999999999994,3.0,49,64,1,0.0,False
11520,702.9900000000001,15,46.86600000000001,2.0,6,311,2,0.0,False
11521,44.57,2,22.285,2.0,53,300,1,0.0,False
11522,5888.24,2,2944.12,2.0,332,849,2,0.997455946089154,True
11525,5935.55,2,2967.775,2.0,311,846,2,0.9937175156472442,True
11526,2376.96,1,2376.96,3.0,330,330,2,0.9760324111470113,False
11527,39.58,2,19.79,1.5,59,326,1,0.0,False
11528,5959.71,2,2979.855,3.0,314,840,3,0.9896890956103571,True
11531,5875.55,2,2937.775,1.5,325,853,2,0.9996102492532614,True
11533,2.29,1,2.29,1.0,230,230,1,0.0,False
11536,5915.54,2,2957.77,2.5,284,828,2,0.9928527235045321,True
11538,5895.24,2,2947.62,1.5,304,836,2,0.9962715682482818,True
11544,88.98,1,88.98,2.0,124,124,2,0.0,False
11545,53.99,1,53.99,1.0,170,170,1,0.0,False
11546,4460.3796,2,2230.1898,2.5,293,393,3,0.9845371905117674,True
11547,4976.3796,3,1658.7932,1.6666666666666667,155,370,2,0.9859375679459823,True
11550,5241.4282,3,1747.1427333333334,1.6666666666666667,289,710,2,0.9704298152934729,True
11553,21.49,1,21.49,1.0,130,130,1,0.0,False
11554,34.99,1,34.99,1.0,236,236,1,0.0,False
11556,21.49,1,21.49,1.0,9,9,1,0.0,False
11557,21.49,1,21.49,1.0,144,144,1,0.0,False
11560,53.99,1,53.99,1.0,27,27,1,0.0,False
11561,4344.0882,2,2172.0441,1.0,294,680,1,1.0,True
11563,53.99,1,53.99,1.0,178,178,1,0.0,False
11565,34.99,1,34.99,1.0,113,113,1,0.0,False
11569,34.99,1,34.99,1.0,40,40,1,0.0,False
11571,4390.6796,2,2195.3398,2.0,285,383,2,0.9944723819064366,True
11573,34.99,1,34.99,1.0,156,156,1,0.0,False
11574,34.99,1,34.99,1.0,290,290,1,0.0,False
11575,6806.118200000001,3,2268.706066666667,2.3333333333333335,105,710,3,0.9885456000455591,True
11576,4486.4096,2,2243.2048,1.5,282,380,2,0.9732525536678595,True
11577,4344.0882,2,2172.0441,1.0,293,374,1,1.0,True
11579,43.98,1,43.98,2.0,152,152,2,0.0,False
11581,237.19,5,47.438,2.2,38,322,2,0.0,False
11582,4379.0782,2,2189.5391,1.5,282,388,2,0.9920097339207142,True
11583,4381.3896,2,2190.6948,2.0,266,374,2,0.9965809933907728,True
11587,4540.3782,2,2270.1891,2.5,265,396,2,0.9567679185844034,True
11589,14.98,1,14.98,2.0,209,209,1,0.0,False
11593,5908.25,2,2954.125,1.5,194,1074,2,0.9983091439935684,True
11594,88.98,1,88.98,2.0,135,135,2,0.0,False
11596,49.97,1,49.97,3.0,90,90,1,0.0,False
11598,4548.6996,2,2274.3498,2.5,281,659,2,0.9654208864441169,True
11599,5957.219999999999,2,2978.6099999999997,3.0,201,1077,3,0.9901027660553078,True
11600,34.99,1,34.99,1.0,238,238,1,0.0,False
11601,5932.219999999999,2,2966.1099999999997,3.0,206,1076,3,0.9900610564004708,True
11602,34.99,1,34.99,1.0,173,173,1,0.0,False
11603,6767.138199999999,3,2255.7127333333333,1.6666666666666667,83,712,2,0.9979341341070883,True
11604,6786.118200000001,3,2262.0394,2.3333333333333335,75,727,3,0.9951430259496513,True
11607,5913.24,2,2956.62,2.0,203,1076,2,0.9974667018419683,True
11609,6872.108200000001,3,2290.7027333333335,3.0,37,702,2,0.9790530073435109,True
11610,6786.439600000001,3,2262.1465333333335,2.0,59,720,2,0.994701197959531,True
11612,6795.118200000001,3,2265.0394,2.0,42,697,2,0.9901458667782999,True
11613,4381.3896,2,2190.6948,2.0,250,596,2,0.9965809933907728,True
11615,5205.7096,3,1735.2365333333335,2.3333333333333335,261,677,2,0.9861786373946024,True
11617,5935.55,2,2967.775,2.0,267,842,2,0.9937175156472442,True
11619,634.84,16,39.6775,1.8125,28,325,2,0.0,False
11620,44.57,2,22.285,2.0,156,325,1,0.0,False
11626,5958.74,2,2979.37,2.0,267,851,3,0.9856546853865079,True
11634,39.58,2,19.79,1.5,248,294,1,0.0,False
11635,42.28,2,21.14,1.5,100,325,1,0.0,False
11636,74.98,1,74.98,3.0,110,110,1,0.0,False
11637,39.58,2,19.79,1.5,318,325,1,0.0,False
11639,124.97,1,124.97,4.0,51,51,2,0.0,False
11643,100.22,2,50.11,2.5,179,253,2,0.0,False
11644,39.99,1,39.99,2.0,227,227,1,0.0,False
11646,113.48,2,56.74,1.5,158,168,2,0.0,False
11647,2365.94,1,2365.94,5.0,318,318,3,0.9805785438345861,False
11652,310.93,5,62.186,2.8,12,187,2,0.0,False
11655,50.230000000000004,2,25.115000000000002,2.0,28,92,1,0.0,False
11657,124.97,1,124.97,4.0,219,219,2,0.0,False
11661,287.70000000000005,5,57.540000000000006,2.2,16,268,2,0.0,False
11662,100.27,2,50.135,2.0,177,238,2,0.0,False
11663,5948.24,2,2974.12,2.5,318,794,2,0.9873945906688366,True
11664,5948.24,2,2974.12,2.5,312,795,2,0.9873945906688366,True
11668,74.98,1,74.98,3.0,14,14,1,0.0,False
11670,100.27,2,50.135,2.0,103,261,2,0.0,False
11676,91.28,2,45.64,1.5,21,132,2,0.0,False
11677,298.21000000000004,5,59.64200000000001,2.0,30,269,2,0.0,False
11679,145.96,2,72.98,2.0,31,78,2,0.0,False
11680,39.99,1,39.99,2.0,120,120,1,0.0,False
11681,137.96,2,68.98,2.5,35,298,2,0.0,False
11682,252.98000000000002,2,126.49000000000001,2.0,21,116,2,0.0,False
11684,93.98,2,46.99,1.5,18,182,2,0.0,False
11687,97.97999999999999,2,48.989999999999995,1.5,192,262,2,0.0,False
11689,88.99000000000001,2,44.495000000000005,1.0,119,126,2,0.0,False
11692,39.99,1,39.99,2.0,176,176,1,0.0,False
11693,2294.99,1,2294.99,1.0,336,336,1,1.0,False
11696,5873.26,2,2936.63,1.0,245,821,1,1.0,True
11700,137.96,2,68.98,2.5,204,331,2,0.0,False
11701,128.97,2,64.485,2.0,240,250,2,0.0,False
11702,96.27000000000001,2,48.135000000000005,2.0,46,227,2,0.0,False
11704,93.98,2,46.99,1.5,166,176,2,0.0,False
11706,88.99000000000001,2,44.495000000000005,1.0,87,297,2,0.0,False
11710,97.97999999999999,2,48.989999999999995,1.5,18,37,2,0.0,False
11711,999.2200000000001,24,41.63416666666667,2.0833333333333335,5,326,2,0.0,False
11713,191.95,2,95.975,3.0,39,176,2,0.0,False
11715,89.98,1,89.98,3.0,4,4,2,0.0,False
11716,42.28,1,42.28,3.0,213,213,1,0.0,False
11719,287.2,5,57.44,2.2,101,248,2,0.0,False
11720,117.95,2,58.975,3.0,159,227,2,0.0,False
11723,152.54999999999998,4,38.137499999999996,1.75,116,333,1,0.0,False
11726,223.44,2,111.72,3.5,23,81,2,0.0,False
11728,109.97,2,54.985,2.0,54,202,1,0.0,False
11732,173.47,2,86.735,2.5,137,204,2,0.0,False
11735,109.97,2,54.985,2.0,8,309,1,0.0,False
11738,331.68,5,66.336,2.6,3,331,2,0.0,False
11741,6079.24,2,3039.62,2.0,313,807,2,0.9702298313604991,True
11742,5915.54,2,2957.77,2.5,222,819,2,0.9928527235045321,True
11745,5948.23,2,2974.115,2.5,240,812,2,0.9915991816052844,True
11747,115.96000000000001,2,57.980000000000004,2.0,78,145,2,0.0,False
11748,131.54,5,26.308,1.6,59,206,2,0.0,False
11751,8215.02,3,2738.34,2.0,166,906,3,0.9864918162098206,True
11758,58.05,3,19.349999999999998,1.6666666666666667,36,275,2,0.0,False
11760,274.92,3,91.64,3.0,41,274,2,0.0,False
11765,8143.03,3,2714.3433333333332,1.6666666666666667,157,840,3,0.989072863540967,True
11766,8280.48,3,2760.16,3.6666666666666665,173,833,3,0.9786932641585997,True
11767,8319.51,3,2773.17,2.3333333333333335,171,835,3,0.9710968554638435,True
11768,8139.039999999999,3,2713.013333333333,1.3333333333333333,169,849,2,0.9957009671902337,True
11772,5913.24,2,2956.62,2.0,229,814,2,0.9974667018419683,True
11774,5900.55,2,2950.275,1.5,200,796,2,0.9996119005855386,True
11780,5973.24,2,2986.62,2.5,195,807,2,0.9874473485076777,True
11784,272.69,5,54.538,2.4,13,262,2,0.0,False
11786,34.99,1,34.99,1.0,1,1,1,0.0,False
11788,255.27,2,127.635,2.5,132,235,2,0.0,False
11789,72.28,2,36.14,1.5,246,298,1,0.0,False
11798,5953.25,2,2976.625,1.5,202,807,2,0.9907630285978247,True
11799,5921.1900000000005,2,2960.5950000000003,2.5,204,812,2,0.9961274676205291,True
11800,77.27000000000001,2,38.635000000000005,2.0,139,142,1,0.0,False
11802,215.29000000000002,5,43.05800000000001,2.4,29,308,2,0.0,False
11805,128.97,2,64.485,2.0,55,251,2,0.0,False
11806,96.27000000000001,2,48.135000000000005,2.0,88,312,2,0.0,False
11808,610.19,5,122.03800000000001,2.8,66,279,2,0.0,False
11811,5898.26,2,2949.13,1.0,196,807,1,1.0,True
11812,5900.55,2,2950.275,1.5,195,819,2,0.9996119005855386,True
11813,5953.25,2,2976.625,1.5,185,806,2,0.9907630285978247,True
11816,5933.25,2,2966.625,1.5,313,820,2,0.9941027261618843,True
11817,5898.26,2,2949.13,1.0,321,809,1,1.0,True
11818,5954.219999999999,2,2977.1099999999997,2.5,334,801,3,0.9864029209535423,True
11822,87.28,2,43.64,1.5,126,224,2,0.0,False
11823,178.47,3,59.49,3.6666666666666665,59,226,2,0.0,False
11824,181.03,4,45.2575,2.25,10,287,2,0.0,False
11827,512.47,5,102.494,3.0,21,313,2,0.0,False
11828,93.98,2,46.99,1.5,255,271,2,0.0,False
11829,130.94,2,65.47,3.0,192,292,2,0.0,False
11833,240.00999999999996,5,48.001999999999995,2.2,32,201,2,0.0,False
11834,5908.25,2,2954.125,1.5,320,800,2,0.9940777726061016,True
11836,69.99000000000001,2,34.995000000000005,1.0,252,281,1,0.0,False
11837,5923.23,2,2961.615,2.5,313,809,2,0.9915637245219248,True
11838,135.21,2,67.605,3.0,124,213,2,0.0,False
11843,116.76,2,58.38,2.5,297,326,2,0.0,False
11844,49.99,1,49.99,1.0,86,86,1,0.0,False
11845,197.2,4,49.3,2.75,21,320,1,0.0,False
11846,84.99000000000001,2,42.495000000000005,1.0,173,246,2,0.0,False
11847,124.97,2,62.485,2.0,45,185,2,0.0,False
11849,58.98,1,58.98,2.0,33,33,1,0.0,False
11852,124.97,2,62.485,2.0,119,173,2,0.0,False
11854,5985.2,2,2992.6,4.0,198,797,2,0.9812971997594068,True
11855,89.98,2,44.99,1.5,110,247,2,0.0,False
11857,124.97,2,62.485,2.0,25,85,2,0.0,False
11859,72.28,2,36.14,1.5,29,252,1,0.0,False
11861,286.29999999999995,5,57.25999999999999,2.6,8,230,2,0.0,False
11862,209.23,2,104.615,2.5,68,228,1,0.0,False
11864,47.940000000000005,2,23.970000000000002,1.5,207,304,1,0.0,False
11865,114.92,2,57.46,2.0,85,316,2,0.0,False
11867,82.93,2,41.465,2.0,68,209,1,0.0,False
11868,247.01,5,49.402,2.2,13,331,2,0.0,False
11869,239.6,4,59.9,3.0,49,285,2,0.0,False
11870,34.99,1,34.99,1.0,163,163,1,0.0,False
11871,69.99000000000001,2,34.995000000000005,1.0,215,310,1,0.0,False
11875,265.42,4,66.355,2.25,39,254,2,0.0,False
11878,82.93,2,41.465,2.0,18,30,1,0.0,False
11880,50.230000000000004,2,25.115000000000002,2.0,57,264,1,0.0,False
11885,5900.55,2,2950.275,1.5,329,794,2,0.9996119005855386,True
11887,82.93,2,41.465,2.0,186,216,1,0.0,False
11888,2376.96,1,2376.96,3.0,287,287,2,0.9760324111470113,False
11891,109.97,2,54.985,2.0,183,298,1,0.0,False
11893,8123.03,3,2707.6766666666667,1.6666666666666667,160,852,3,0.9945857641791302,True
11897,8203.02,3,2734.34,2.0,77,853,3,0.984887273223764,True
11898,8179.03,3,2726.3433333333332,2.0,160,838,2,0.9908326537498946,True
11903,8108.039999999999,3,2702.68,1.3333333333333333,170,831,2,0.9933411773992236,True
11905,8155.98,3,2718.66,2.3333333333333335,177,854,2,0.9905676571055838,True
11907,8135.33,3,2711.7766666666666,1.6666666666666667,163,824,3,0.9930820261747217,True
11914,8165.959999999999,3,2721.986666666666,2.6666666666666665,129,804,2,0.9862955488393282,True
11915,8143.0,3,2714.3333333333335,2.6666666666666665,128,820,2,0.9921466290065087,True
11916,8178.51,3,2726.17,2.3333333333333335,131,821,3,0.9878388606237568,True
11918,8204.99,3,2734.9966666666664,2.6666666666666665,35,809,3,0.9876977302836446,True
11924,5897.23,2,2948.615,2.5,194,796,3,0.9959353798308699,True
11925,5968.23,2,2984.115,2.5,194,813,2,0.9882762561094329,True
11928,47.940000000000005,2,23.970000000000002,1.5,17,213,1,0.0,False
11933,5933.26,2,2966.63,1.5,186,809,2,0.9941010506871433,True
11934,5994.719999999999,2,2997.3599999999997,2.5,203,772,3,0.9839091734059306,True
11936,42.28,1,42.28,3.0,269,269,1,0.0,False
11937,5888.24,2,2944.12,2.0,181,793,2,0.997455946089154,True
11939,5976.74,2,2988.37,2.5,194,781,3,0.9868690958616236,True
11944,4776.27,3,1592.0900000000001,3.0,10,803,2,0.9750977226999313,True
11947,4747.299999999999,3,1582.4333333333332,2.0,3,809,2,0.9863143260379585,True
11949,69.99000000000001,2,34.995000000000005,1.0,97,167,1,0.0,False
11952,8169.0,3,2723.0,2.3333333333333335,145,817,3,0.9889888603256214,True
11953,65.25,2,32.625,3.0,105,324,2,0.0,False
11956,5873.26,2,2936.63,1.0,212,791,1,1.0,True
11958,159.96,2,79.98,2.5,50,197,2,0.0,False
11960,74.98,2,37.49,1.5,155,280,1,0.0,False
11961,72.28,2,36.14,1.5,83,322,1,0.0,False
11964,8173.53,3,2724.5099999999998,2.0,143,808,3,0.9884407349089073,True
11966,55.76,3,18.586666666666666,1.3333333333333333,12,59,2,0.0,False
11967,8153.0199999999995,3,2717.673333333333,2.0,145,799,3,0.9878609398725872,True
11969,8173.0199999999995,3,2724.3399999999997,2.0,136,803,2,0.9915612588737089,True
11970,109.97,2,54.985,2.0,100,219,1,0.0,False
11972,65.25,2,32.625,3.0,8,51,2,0.0,False
11973,88.96000000000001,2,44.480000000000004,2.5,295,306,1,0.0,False
11977,8212.5,3,2737.5,2.6666666666666665,137,790,3,0.9867945205479454,True
11981,77.48,1,77.48,3.0,265,265,2,0.0,False
11983,5873.26,2,2936.63,1.0,312,783,1,1.0,True
11986,8245.23,3,2748.41,3.6666666666666665,125,769,2,0.9828773727355091,True
11987,279.23,3,93.07666666666667,2.6666666666666665,50,196,2,0.0,False
11989,8139.53,3,2713.1766666666667,1.6666666666666667,146,788,3,0.9894981651274706,True
11992,8123.03,3,2707.6766666666667,1.6666666666666667,19,774,3,0.9976634334724851,True
11993,8131.32,3,2710.44,2.3333333333333335,7,778,2,0.9904972378408425,True
11995,8249.01,3,2749.67,2.3333333333333335,20,783,3,0.9824269821469487,True
11996,7058.7,3,2352.9,3.6666666666666665,150,787,2,0.9789097142533331,True
11997,7029.78,3,2343.2599999999998,2.3333333333333335,138,786,3,0.98293687711422,True
12000,8183.0,3,2727.6666666666665,2.6666666666666665,137,775,2,0.9872968349016255,True
12001,8113.01,3,2704.3366666666666,2.3333333333333335,138,777,3,0.9927326602580301,True
12004,8114.039999999999,3,2704.68,1.3333333333333333,144,783,2,0.9956877215295956,True
12007,7023.78,3,2341.2599999999998,2.6666666666666665,100,754,2,0.9837765419759732,True
12009,8195.5,3,2731.8333333333335,2.3333333333333335,139,750,3,0.9857909828564457,True
12012,73.96,3,24.653333333333332,1.3333333333333333,140,320,2,0.0,False
12013,3949.97,2,1974.985,1.5,296,752,2,0.9974708668673433,True
12016,5913.24,2,2956.62,2.0,212,777,2,0.9974667018419683,True
12017,2339.97,1,2339.97,3.0,285,285,2,0.980777531335872,False
12018,6011.74,2,3005.87,3.0,97,793,3,0.9769650716764199,True
12019,74.98,1,74.98,3.0,96,96,1,0.0,False
12021,4043.46,2,2021.73,2.5,231,758,3,0.9805908800878457,True
12024,83.97,2,41.985,2.0,135,310,2,0.0,False
12025,5910.55,2,2955.275,2.0,200,773,2,0.9936909424672831,True
12027,5913.24,2,2956.62,2.0,157,781,2,0.9974667018419683,True
12031,769.49,1,769.49,1.0,54,54,1,1.0,False
12032,614.96,1,614.96,4.0,313,313,2,0.9187426824508911,False
12033,5949.23,2,2974.615,2.0,170,768,3,0.987230280221138,True
12034,72.25,2,36.125,2.5,97,98,1,0.0,False
12035,81.24,3,27.08,2.0,230,326,2,0.0,False
12036,69.55,3,23.183333333333334,1.6666666666666667,83,287,1,0.0,False
12037,7107.099999999999,3,2369.0333333333333,2.6666666666666665,112,734,2,0.9722432497080385,True
12038,66.76,2,33.38,2.0,171,240,2,0.0,False
12039,8213.0,3,2737.6666666666665,3.0,146,734,3,0.9806465359795448,True
12041,5998.23,2,2999.115,3.0,182,782,3,0.9791655204952129,True
12044,105.94999999999999,2,52.974999999999994,2.5,29,42,2,0.0,False
12045,65.97,2,32.985,1.5,58,224,2,0.0,False
12053,5973.24,2,2986.62,2.5,334,793,2,0.9874473485076777,True
12059,5930.23,2,2965.115,2.0,311,769,2,0.9903932899735762,True
12060,4811.54,2,2405.77,2.5,188,333,3,0.9776620375181335,False
12061,140.17000000000002,4,35.042500000000004,2.5,92,335,1,0.0,False
12064,122.42,2,61.21,2.5,32,287,2,0.0,False
12065,92.27000000000001,2,46.135000000000005,2.0,273,299,2,0.0,False
12070,84.99000000000001,2,42.495000000000005,1.0,4,33,2,0.0,False
12071,5973.24,2,2986.62,2.5,316,768,2,0.9874473485076777,True
12072,5951.18,2,2975.59,3.0,293,779,2,0.9869067983156283,True
12075,5933.26,2,2966.63,1.5,158,769,2,0.9941010506871433,True
12078,5975.23,2,2987.615,2.0,179,764,2,0.9871184874891846,True
12084,5985.21,2,2992.605,3.0,164,783,3,0.9854725231027819,True
12085,108.46,2,54.23,2.5,128,192,2,0.0,False
12086,2294.99,1,2294.99,1.0,230,230,1,1.0,False
12088,58.98,1,58.98,2.0,4,4,1,0.0,False
12089,4710.03,2,2355.015,2.0,194,331,3,0.9934246703311868,False
12094,5962.52,2,2981.26,3.0,158,786,2,0.9892226776597816,True
12098,83.97,2,41.985,2.0,19,335,2,0.0,False
12100,129.47,2,64.735,2.0,104,139,2,0.0,False
12102,5903.1900000000005,2,2951.5950000000003,2.0,305,784,2,0.9949298599570742,True
12105,5993.26,2,2996.63,1.5,301,790,2,0.9799775080673957,True
12110,5888.24,2,2944.12,2.0,156,777,2,0.997455946089154,True
12111,194.98000000000002,2,97.49000000000001,2.0,98,173,1,0.0,False
12114,4719.02,2,2359.51,2.5,185,303,3,0.9915321401477425,False
12120,5908.26,2,2954.13,1.5,154,788,2,0.9940760900840518,True
12122,4814.04,2,2407.02,2.5,202,300,2,0.9719611802145393,False
12124,13195.640000000001,5,2639.128,2.4,84,1066,3,0.9915964667117321,True
12127,34.99,1,34.99,1.0,50,50,1,0.0,False
12132,13294.27,5,2658.8540000000003,2.8,74,1065,2,0.9842398266320754,True
12133,5830.6795999999995,4,1457.6698999999999,2.5,29,688,3,0.9730854701740088,True
12135,84.99000000000001,2,42.495000000000005,1.0,182,235,2,0.0,False
12136,131.74,3,43.913333333333334,2.3333333333333335,80,250,2,0.0,False
12141,5979.219999999999,2,2989.6099999999997,2.5,295,786,3,0.9864597723448879,True
12143,5993.26,2,2996.63,1.5,286,775,2,0.9799775080673957,True
12155,5930.23,2,2965.115,2.0,279,770,2,0.9903932899735762,True
12156,5920.24,2,2960.12,1.5,301,785,2,0.9962873126765132,True
12160,5945.23,2,2972.615,2.0,297,773,3,0.9878944969328354,True
12162,5913.24,2,2956.62,2.0,280,780,2,0.9974667018419683,True
12163,5944.73,2,2972.365,2.0,301,786,3,0.9921829923310227,True
12167,5975.23,2,2987.615,2.0,292,793,2,0.9871184874891846,True
12168,72.88000000000001,2,36.440000000000005,2.0,129,307,1,0.0,False
12171,5983.74,2,2991.87,2.0,298,790,3,0.9857146199534071,True
12174,5873.26,2,2936.63,1.0,283,755,1,1.0,True
12175,155.0,2,77.5,1.0,40,43,1,0.0,False
12180,5930.23,2,2965.115,2.0,179,751,2,0.9903932899735762,True
12181,5958.74,2,2979.37,2.0,293,758,3,0.9856546853865079,True
12182,87.25,4,21.8125,1.5,69,291,1,0.0,False
12183,228.42,4,57.105,2.5,174,314,2,0.0,False
12184,5875.55,2,2937.775,1.5,287,739,2,0.9996102492532614,True
12185,50.230000000000004,2,25.115000000000002,2.0,259,276,1,0.0,False
12188,5933.25,2,2966.625,1.5,295,736,2,0.9941027261618843,True
12191,245.47,2,122.735,2.5,93,258,2,0.0,False
12192,159.99,2,79.995,1.5,8,262,1,0.0,False
12193,4833.03,2,2416.515,3.0,176,276,3,0.9733148770026258,False
12196,124.92999999999999,3,41.64333333333333,2.3333333333333335,170,264,1,0.0,False
12199,194.98000000000002,2,97.49000000000001,2.0,47,197,1,0.0,False
12201,58.18,2,29.09,2.5,143,202,1,0.0,False
12202,171.47,4,42.8675,3.25,87,328,1,0.0,False
12204,119.92999999999999,2,59.964999999999996,3.5,191,336,2,0.0,False
12207,5875.55,2,2937.775,1.5,263,736,2,0.9996102492532614,True
12209,5908.25,2,2954.125,1.5,253,744,2,0.9983091439935684,True
12210,6825.4496,3,2275.1498666666666,2.0,49,655,2,0.9926788705611423,True
12215,6890.729600000001,3,2296.909866666667,3.0,9,660,3,0.9832746303091042,True
12217,5873.26,2,2936.63,1.0,176,1013,1,1.0,True
12218,4472.3696,2,2236.1848,2.5,249,584,3,0.9818977393997135,True
12219,5967.23,2,2983.615,2.5,156,1012,3,0.9884418733650288,True
12222,6909.0982,3,2303.0327333333335,2.6666666666666665,23,657,3,0.9774297606596475,True
12223,34.99,1,34.99,1.0,144,144,1,0.0,False
12224,84.98,1,84.98,2.0,45,45,2,0.0,False
12227,43.98,1,43.98,2.0,245,245,2,0.0,False
12230,4401.0581999999995,2,2200.5290999999997,2.0,199,558,2,0.9870553859069623,True
12231,4354.0782,2,2177.0391,1.5,191,563,2,0.997705599316062,True
12234,34.99,1,34.99,1.0,248,248,1,0.0,False
12235,62.760000000000005,2,31.380000000000003,2.0,177,282,1,0.0,False
12236,34.99,1,34.99,1.0,170,170,1,0.0,False
12237,4470.3896,2,2235.1948,2.5,211,561,3,0.9823326360637562,True
12238,34.99,1,34.99,1.0,174,174,1,0.0,False
12239,6901.4196,3,2300.4732,2.6666666666666665,13,647,3,0.9781291373734182,True
12240,3964.9799999999996,2,1982.4899999999998,1.0,210,733,1,1.0,True
12243,3914.9799999999996,2,1957.4899999999998,1.0,194,737,1,1.0,True
12245,3967.2599999999998,2,1983.6299999999999,2.0,200,749,2,0.9931237176287917,True
12246,3947.25,2,1973.625,2.5,197,755,2,0.9918246880739757,True
12247,77.27000000000001,2,38.635000000000005,1.5,241,332,2,0.0,False
12249,114.96000000000001,2,57.480000000000004,2.0,70,276,2,0.0,False
12250,3964.9799999999996,2,1982.4899999999998,1.0,173,754,1,1.0,True
12252,3938.95,2,1969.475,2.5,158,736,3,0.9939146219170085,True
12253,4066.93,2,2033.465,3.0,167,743,3,0.974931951127755,True
12254,5968.23,2,2984.115,2.5,154,1020,3,0.9840874094999691,True
12255,5883.25,2,2941.625,1.5,163,1015,2,0.99830195895126,True
12257,49.99,1,49.99,1.0,25,25,1,0.0,False
12259,86.75,2,43.375,2.5,194,302,2,0.0,False
12260,241.76,2,120.88,2.5,154,320,2,0.0,False
12261,5973.24,2,2986.62,2.5,131,983,2,0.9874473485076777,True
12262,119.44999999999999,2,59.724999999999994,2.5,274,295,2,0.0,False
12263,6829.3796,3,2276.4598666666666,2.6666666666666665,3,642,2,0.9884469740121054,True
12267,5873.26,2,2936.63,1.0,136,1004,1,1.0,True
12268,49.99,1,49.99,1.0,258,258,1,0.0,False
12271,5683.1796,3,1894.3932000000002,2.3333333333333335,226,628,3,0.986465323038533,True
12272,5139.729600000001,3,1713.2432000000001,1.6666666666666667,266,637,2,0.9939743911819798,True
12275,4435.3796,2,2217.6898,2.5,153,533,3,0.9844500344457554,True
12276,4416.3796,2,2208.1898,2.5,167,547,2,0.9886853023231972,True
12279,5974.23,2,2987.115,2.0,139,962,3,0.9872837168974078,True
12282,5111.4382,3,1703.8127333333332,1.0,267,615,1,1.0,True
12283,5582.9082,3,1860.9694,2.0,233,640,3,0.9957065387534046,True
12285,5968.25,2,2984.125,2.0,138,945,2,0.9882729443304151,True
12293,86.75999999999999,2,43.379999999999995,2.0,80,212,2,0.0,False
12295,174.17,4,43.5425,2.25,95,321,2,0.0,False
12297,8022.5782,4,2005.64455,2.75,51,505,3,0.9814361423114581,True
12300,13242.7,5,2648.54,2.0,74,951,2,0.9899605065432276,True
12301,13295.380000000001,5,2659.076,2.6,40,965,3,0.9860380071874592,True
12303,84.47,2,42.235,1.5,89,134,2,0.0,False
12306,74.97,2,37.485,1.5,205,242,1,0.0,False
12307,13173.19,5,2634.638,2.2,43,946,3,0.9932863641988009,True
12309,102.26,2,51.13,2.0,230,276,2,0.0,False
12315,6803.128199999999,3,2267.7093999999997,2.0,291,552,2,0.9926548495734654,True
12317,6823.4196,3,2274.4732,3.0,281,553,3,0.9893103452116592,True
12319,79.47,2,39.735,1.5,27,264,2,0.0,False
12320,77.96000000000001,2,38.980000000000004,2.0,65,135,2,0.0,False
12323,10836.9,4,2709.225,2.75,229,920,3,0.9897369173841228,True
12331,49.99,1,49.99,1.0,300,300,1,0.0,False
12332,10789.53,4,2697.3825,2.5,189,931,2,0.9917651649330417,True
12333,10829.220000000001,4,2707.3050000000003,2.75,208,926,3,0.9881302623827017,True
12334,44.22,1,44.22,4.0,200,200,1,0.0,False
12335,6912.5982,3,2304.1994,3.0,283,567,3,0.9769348665455488,True
12340,6752.128200000001,3,2250.7094,2.0,98,707,3,0.9964500081618712,True
12343,5567.9282,3,1855.9760666666668,1.3333333333333333,101,713,2,0.9983853958461606,True
12344,68.7,3,22.900000000000002,2.0,139,291,2,0.0,False
12345,64.71,2,32.355,2.5,272,274,2,0.0,False
12346,6864.4596,3,2288.1532,1.6666666666666667,103,726,3,0.9870375812248936,True
12348,6906.0882,3,2302.0294,3.3333333333333335,109,702,3,0.9778557707965562,True
12349,6772.138199999999,3,2257.3794,1.6666666666666667,120,732,3,0.9935057438727403,True
12350,6791.7496,3,2263.9165333333335,2.0,96,724,2,0.9976044464301217,True
12351,117.97,2,58.985,2.0,23,190,2,0.0,False
12352,274.24,3,91.41333333333334,2.3333333333333335,41,93,2,0.0,False
12353,6765.4596,3,2255.1532,1.6666666666666667,123,705,2,0.9977858119203018,True
12354,6797.128199999999,3,2265.7093999999997,2.0,119,727,3,0.989853067652895,True
12359,95.74,3,31.91333333333333,2.0,84,110,2,0.0,False
12360,6750.4796,3,2250.1598666666664,1.0,97,714,1,1.0,True
12362,5904.23,2,2952.115,2.0,253,757,3,0.9947546081368782,True
12365,53.97,2,26.985,2.0,207,273,1,0.0,False
12366,88.96000000000001,2,44.480000000000004,2.5,33,263,1,0.0,False
12367,160.45,2,80.225,2.5,50,323,2,0.0,False
12368,34.99,1,34.99,1.0,33,33,1,0.0,False
12369,94.23,3,31.41,2.0,16,96,1,0.0,False
12371,214.04000000000002,3,71.34666666666668,2.3333333333333335,35,182,2,0.0,False
12372,99.03,3,33.01,2.3333333333333335,164,283,2,0.0,False
12373,5937.73,2,2968.865,2.5,135,917,3,0.9933526785488732,True
12374,34.99,1,34.99,1.0,326,326,1,0.0,False
12377,49.99,1,49.99,1.0,189,189,1,0.0,False
12378,4366.4096,2,2183.2048,1.0,158,510,1,1.0,True
12380,5570.218199999999,3,1856.7393999999997,1.6666666666666667,194,574,3,0.997974944679905,True
12383,5898.26,2,2949.13,1.0,144,944,1,1.0,True
12386,4447.3696,2,2223.6848,2.5,178,515,3,0.9817959811570419,True
12387,34.99,1,34.99,1.0,100,100,1,0.0,False
12390,4977.8596,3,1659.2865333333332,2.3333333333333335,218,512,2,0.9856444323982141,True
12391,5121.4282,3,1707.1427333333334,1.3333333333333333,215,554,2,0.9931679214012998,True
12392,75.47,2,37.735,1.5,290,336,2,0.0,False
12395,5968.25,2,2984.125,2.0,97,925,2,0.9882729443304151,True
12396,49.99,1,49.99,1.0,76,76,1,0.0,False
12397,4968.0382,3,1656.0127333333332,2.3333333333333335,220,494,2,0.9881321363430742,True
12398,6498.719999999999,3,2166.24,2.0,104,927,2,0.9906950907255584,True
12400,68.97,1,68.97,3.0,143,143,2,0.0,False
12401,36.59,1,36.59,2.0,102,102,1,0.0,False
12402,5218.3982,3,1739.4660666666666,2.0,211,570,3,0.9795032889594361,True
12404,5251.7096,3,1750.5698666666667,2.6666666666666665,210,526,3,0.9727802923451824,True
12407,74.98,1,74.98,3.0,65,65,1,0.0,False
12409,155.0,2,77.5,1.0,53,224,1,0.0,False
12411,159.99,2,79.995,1.5,74,183,1,0.0,False
12414,157.29,2,78.645,1.5,121,217,1,0.0,False
12415,74.98,1,74.98,3.0,38,38,1,0.0,False
12420,42.28,1,42.28,3.0,290,290,1,0.0,False
12425,89.98,1,89.98,3.0,43,43,2,0.0,False
12426,99.47,1,99.47,4.0,55,55,2,0.0,False
12427,39.99,1,39.99,2.0,209,209,1,0.0,False
12428,74.98,1,74.98,3.0,65,65,1,0.0,False
12430,223.93,3,74.64333333333333,2.6666666666666665,164,254,2,0.0,False
12433,74.98,1,74.98,3.0,275,275,1,0.0,False
12434,74.98,1,74.98,3.0,40,40,1,0.0,False
12435,5920.24,2,2960.12,1.5,154,757,2,0.9962873126765132,True
12437,5983.219999999999,2,2991.6099999999997,2.5,165,748,3,0.9858002881391627,True
12438,5898.26,2,2949.13,1.0,268,752,1,1.0,True
12442,5900.55,2,2950.275,1.5,150,761,2,0.9996119005855386,True
12446,5944.73,2,2972.365,2.0,127,753,3,0.9921829923310227,True
12447,2331.95,1,2331.95,4.0,241,241,2,0.9841506035721179,False
12450,5955.23,2,2977.615,2.0,134,737,2,0.9904336188526724,True
12452,5935.55,2,2967.775,2.0,152,740,2,0.9937175156472442,True
12454,71.95,1,71.95,4.0,266,266,1,0.0,False
12455,21.98,1,21.98,1.0,43,43,1,0.0,False
12460,5678.9082,3,1892.9694,2.0,194,523,3,0.978874460411246,True
12462,5047.538199999999,3,1682.512733333333,2.6666666666666665,235,479,3,0.9676158963987634,True
12466,58.98,1,58.98,2.0,286,286,1,0.0,False
12467,58.98,1,58.98,2.0,253,253,1,0.0,False
12468,5875.55,2,2937.775,1.5,104,902,2,0.9996102492532614,True
12469,49.99,1,49.99,1.0,102,102,1,0.0,False
12473,5665.2196,3,1888.4065333333335,2.3333333333333335,183,537,2,0.9895926364443138,True
12475,4438.3796,2,2219.1898,2.0,129,483,3,0.9837846226582333,True
12476,73.77000000000001,2,36.885000000000005,1.5,67,82,2,0.0,False
12479,4401.4096,2,2200.7048,1.5,133,482,2,0.9920480020764257,True
12482,49.99,1,49.99,1.0,5,5,1,0.0,False
12483,5898.26,2,2949.13,1.0,106,910,1,1.0,True
12485,5923.49,2,2961.745,3.0,98,902,2,0.9915202017729413,True
12488,8.99,1,8.99,1.0,101,101,1,0.0,False
12489,87.94999999999999,3,29.316666666666663,1.6666666666666667,219,285,2,0.0,False
12490,167.82999999999998,3,55.94333333333333,2.6666666666666665,118,287,2,0.0,False
12491,86.58,1,86.58,3.0,150,150,2,0.0,False
12492,5166.4082,3,1722.1360666666667,2.0,147,535,2,0.9845211611424743,True
12494,5948.23,2,2974.115,2.5,69,913,2,0.9915991816052844,True
12495,4416.3796,2,2208.1898,2.5,134,468,2,0.9886853023231972,True
12499,4379.0782,2,2189.5391,1.5,125,473,2,0.9920097339207142,True
12500,4475.3796,2,2237.6898,3.0,117,485,3,0.981237345766156,True
12502,110.46000000000001,2,55.230000000000004,2.0,114,330,2,0.0,False
12503,84.46,2,42.23,2.0,96,318,2,0.0,False
12504,61.08,1,61.08,3.0,249,249,2,0.0,False
12506,119.98,1,119.98,2.0,322,322,1,0.0,False
12507,8.99,1,8.99,1.0,263,263,1,0.0,False
12509,82.85000000000001,3,27.61666666666667,2.0,120,312,2,0.0,False
12512,8.99,1,8.99,1.0,282,282,1,0.0,False
12517,8.99,1,8.99,1.0,72,72,1,0.0,False
12518,8.99,1,8.99,1.0,151,151,1,0.0,False
12519,21.49,1,21.49,1.0,233,233,1,0.0,False
12520,5919.73,2,2959.865,2.0,79,881,3,0.9921499798132686,True
12521,4438.3796,2,2219.1898,2.0,97,451,3,0.9837846226582333,True
12524,8.99,1,8.99,1.0,200,200,1,0.0,False
12525,119.98,1,119.98,2.0,219,219,1,0.0,False
12527,86.96,1,86.96,3.0,13,13,1,0.0,False
12528,71.97,1,71.97,2.0,124,124,2,0.0,False
12531,21.98,1,21.98,1.0,287,287,1,0.0,False
12534,8.99,1,8.99,1.0,113,113,1,0.0,False
12538,8.99,1,8.99,1.0,217,217,1,0.0,False
12540,75.47,2,37.735,1.5,134,303,2,0.0,False
12543,8.99,1,8.99,1.0,240,240,1,0.0,False
12544,8.99,1,8.99,1.0,9,9,1,0.0,False
12548,4368.0581999999995,2,2184.0290999999997,2.5,123,440,3,0.9945124357546337,True
12549,5908.25,2,2954.125,1.5,70,865,2,0.9940777726061016,True
12550,86.75,2,43.375,2.5,21,200,2,0.0,False
12552,8.99,1,8.99,1.0,78,78,1,0.0,False
12556,8.99,1,8.99,1.0,33,33,1,0.0,False
12557,49.97,1,49.97,3.0,237,237,1,0.0,False
12560,5636.8982,3,1878.9660666666666,2.3333333333333335,135,533,3,0.9861696987893095,True
12562,58.96,1,58.96,4.0,291,291,2,0.0,False
12564,110.75,2,55.375,2.5,44,298,2,0.0,False
12566,147.95,2,73.975,2.5,96,213,2,0.0,False
12567,42.97,2,21.485,1.5,86,322,2,0.0,False
12568,67.46,2,33.73,2.0,288,320,2,0.0,False
12569,74.98,1,74.98,3.0,162,162,1,0.0,False
12570,2654.0582,2,1327.0291,2.5,140,728,2,0.9755205066716324,True
12572,2611.4096,2,1305.7048,1.0,110,708,1,1.0,True
12573,2668.0782,2,1334.0391,1.5,121,722,2,0.9797644611765878,True
12574,2626.3896000000004,2,1313.1948000000002,2.0,101,715,2,0.9942963526812627,True
12576,2653.0681999999997,2,1326.5340999999999,2.0,102,726,3,0.9758845249436108,True
12578,2668.0782,2,1334.0391,1.5,68,685,2,0.9797644611765878,True
12581,2646.3996,2,1323.1998,1.5,74,672,2,0.9962250598889149,True
12583,2646.3996,2,1323.1998,1.5,81,671,2,0.9962250598889149,True
12585,2629.0681999999997,2,1314.5340999999999,2.0,54,671,2,0.9943021637856334,True
12590,67.46,2,33.73,2.0,63,78,2,0.0,False
12591,49.97,1,49.97,3.0,147,147,1,0.0,False
12592,51.96,2,25.98,2.0,23,186,2,0.0,False
12593,42.97,2,21.485,1.5,123,315,2,0.0,False
12595,40.27,2,20.135,1.5,148,297,2,0.0,False
12597,53.21,2,26.605,2.5,91,148,2,0.0,False
12599,5649.2096,3,1883.0698666666667,2.6666666666666665,142,500,3,0.9879717686523795,True
12600,49.97,1,49.97,3.0,113,113,1,0.0,False
12602,45.260000000000005,2,22.630000000000003,2.0,4,313,2,0.0,False
12603,117.44999999999999,2,58.724999999999994,2.5,97,268,2,0.0,False
12604,23.97,1,23.97,3.0,214,214,2,0.0,False
12612,5657.9082,3,1885.9694,2.0,117,502,3,0.9825076695305874,True
12617,39.47,1,39.47,3.0,165,165,2,0.0,False
12619,5200.4082,3,1733.4694,2.0,83,513,2,0.982891727614767,True
12621,6471.21,3,2157.07,2.3333333333333335,99,827,3,0.9910434061017956,True
12624,4379.0782,2,2189.5391,1.5,95,441,2,0.9920097339207142,True
12625,99.96,1,99.96,4.0,117,117,2,0.0,False
12626,77.96,2,38.98,2.0,43,52,2,0.0,False
12631,10799.52,4,2699.88,2.75,206,797,2,0.9908477413810984,True
12633,86.26,2,43.13,2.0,91,168,2,0.0,False
12637,6845.118200000001,3,2281.706066666667,2.0,245,478,2,0.9865656081731359,True
12638,38.47,2,19.235,1.5,58,87,2,0.0,False
12639,49.99,1,49.99,1.0,315,315,1,0.0,False
12640,6752.128199999999,3,2250.7093999999997,2.0,247,471,3,0.9964500081618712,True
12643,8.99,1,8.99,1.0,325,325,1,0.0,False
12646,4.99,1,4.99,1.0,312,312,1,0.0,False
12648,6817.5982,3,2272.5327333333335,2.6666666666666665,243,463,3,0.9868810103828063,True
12650,10813.63,4,2703.4075,2.25,188,816,3,0.9895548488342953,True
12652,182.94,2,91.47,3.0,37,120,2,0.0,False
12653,6860.0882,3,2286.696066666667,3.3333333333333335,216,474,3,0.9807684688368877,True
12654,45.260000000000005,2,22.630000000000003,2.0,187,310,2,0.0,False
12655,10899.62,4,2724.905,2.75,196,812,3,0.9840416454885584,True
12658,6863.439600000001,3,2287.8132,2.3333333333333335,231,476,3,0.9871842683659664,True
12659,73.97,1,73.97,3.0,258,258,2,0.0,False
12661,49.97,1,49.97,3.0,274,274,1,0.0,False
12665,74.54,3,24.846666666666668,2.0,94,184,1,0.0,False
12666,34.56,3,11.520000000000001,1.3333333333333333,1,57,1,0.0,False
12669,6791.0982,3,2263.6994,1.6666666666666667,102,692,2,0.9907319849976547,True
12672,381.97,3,127.32333333333334,1.6666666666666667,196,258,1,0.0,False
12673,6768.138199999999,3,2256.0460666666663,1.6666666666666667,116,675,2,0.9977866882209941,True
12675,6812.7696000000005,3,2270.9232,1.6666666666666667,107,689,2,0.9945264551438817,True
12677,6785.469599999999,3,2261.8232,1.3333333333333333,100,695,2,0.9948433930055482,True
12679,187.98000000000002,3,62.660000000000004,1.0,32,292,1,0.0,False
12682,227.96,3,75.98666666666666,1.6666666666666667,35,211,1,0.0,False
12684,6893.0782,3,2297.6927333333333,3.3333333333333335,72,693,3,0.9797013763749266,True
12685,6904.108200000001,3,2301.3694,2.6666666666666665,82,701,3,0.9781362059186733,True
12686,6864.4596,3,2288.1532,1.6666666666666667,90,671,3,0.9870375812248936,True
12689,6846.9196,3,2282.3065333333334,2.6666666666666665,92,647,3,0.9859148338765364,True
12696,159.0,1,159.0,1.0,232,232,1,0.0,False
12697,296.19,3,98.73,2.6666666666666665,45,114,2,0.0,False
12699,6798.128200000001,3,2266.0427333333337,2.0,71,656,2,0.9897074609449114,True
12700,6860.439600000001,3,2286.8132,2.3333333333333335,67,611,2,0.9876159539397448,True
12702,6911.0982,3,2303.6994,3.0,84,621,3,0.9771469026442138,True
12705,6854.108200000001,3,2284.7027333333335,2.3333333333333335,73,640,3,0.9852716068882602,True
12706,6851.4096,3,2283.8032,3.0,73,627,3,0.9852687248475119,True
12707,5948.23,2,2974.115,2.5,261,738,2,0.9915991816052844,True
12708,83.97,2,41.985,2.0,62,331,1,0.0,False
12709,5933.25,2,2966.625,1.5,250,753,2,0.9941027261618843,True
12713,4441.3796,2,2220.6898,2.5,66,445,2,0.9887489914169914,True
12714,49.97,1,49.97,3.0,164,164,1,0.0,False
12715,74.53999999999999,3,24.846666666666664,2.0,149,293,1,0.0,False
12716,78.48,1,78.48,3.0,321,321,2,0.0,False
12717,5883.25,2,2941.625,1.5,54,801,2,0.99830195895126,True
12718,103.96,1,103.96,4.0,48,48,2,0.0,False
12719,14.98,1,14.98,2.0,173,173,1,0.0,False
12720,49.97,1,49.97,3.0,201,201,1,0.0,False
12726,98.96,1,98.96,4.0,149,149,2,0.0,False
12727,14.98,1,14.98,2.0,188,188,1,0.0,False
12728,59.98,1,59.98,2.0,267,267,1,0.0,False
12730,64.89999999999999,2,32.449999999999996,3.0,8,130,2,0.0,False
12731,59.98,1,59.98,2.0,105,105,1,0.0,False
12734,49.97,1,49.97,3.0,99,99,1,0.0,False
12735,4404.0782,2,2202.0391,1.5,86,448,2,0.9920550911198626,True
12736,4460.3796,2,2230.1898,2.5,85,448,3,0.9845371905117674,True
12738,4956.028200000001,3,1652.0094000000001,2.3333333333333335,236,446,2,0.9854823263515734,True
12739,35.0,1,35.0,1.0,185,185,1,0.0,False
12745,5199.7196,3,1733.2398666666668,2.0,6,443,3,0.9873147005850086,True
12746,105.24000000000001,2,52.620000000000005,3.0,61,159,2,0.0,False
12748,49.97,1,49.97,3.0,153,153,1,0.0,False
12750,6491.73,3,2163.91,2.0,63,812,3,0.9879107726291759,True
12751,83.97,1,83.97,4.0,21,21,2,0.0,False
12752,156.25,3,52.083333333333336,1.6666666666666667,104,177,2,0.0,False
12754,6503.2,3,2167.733333333333,2.3333333333333335,88,816,3,0.9861683478902695,True
12755,5998.719999999999,2,2999.3599999999997,3.0,149,748,3,0.9832530939933855,True
12756,5908.25,2,2954.125,1.5,147,743,2,0.9940777726061016,True
12760,273.18,4,68.295,3.0,203,283,2,0.0,False
12762,5933.26,2,2966.63,1.5,3,739,2,0.9941010506871433,True
12766,4417.73,2,2208.865,2.5,208,740,2,0.9841615490308373,True
12769,5948.24,2,2974.12,2.5,143,738,2,0.9873945906688366,True
12770,5943.5,2,2971.75,2.5,135,743,2,0.9923883233784807,True
12773,5908.25,2,2954.125,1.5,143,734,2,0.9983091439935684,True
12774,5943.23,2,2971.615,2.5,126,741,2,0.9882269405693538,True
12779,5980.23,2,2990.115,2.5,130,760,3,0.9821127281057753,True
12780,5940.54,2,2970.27,2.5,104,740,2,0.992882801900164,True
12781,2329.98,1,2329.98,2.0,195,195,2,0.9957124095485799,False
12783,2420.46,1,2420.46,5.0,154,154,3,0.9481627459243285,False
12784,5985.219999999999,2,2992.6099999999997,2.5,115,742,2,0.9854708765926734,True
12786,21.98,1,21.98,1.0,49,49,1,0.0,False
12787,53.56,2,26.78,2.5,96,232,1,0.0,False
12790,24.27,1,24.27,2.0,17,17,1,0.0,False
12791,29.93,1,29.93,2.0,311,311,1,0.0,False
12793,120.47,1,120.47,3.0,314,314,2,0.0,False
12794,21.98,1,21.98,1.0,126,126,1,0.0,False
12795,108.54,3,36.18,2.3333333333333335,47,330,1,0.0,False
12800,39.98,1,39.98,2.0,132,132,1,0.0,False
12809,39.98,1,39.98,2.0,237,237,1,0.0,False
12814,29.48,1,29.48,2.0,246,246,2,0.0,False
12815,7.28,1,7.28,2.0,65,65,1,0.0,False
12821,124.94,2,62.47,3.5,18,208,1,0.0,False
12823,38.88,1,38.88,3.0,6,6,1,0.0,False
12824,44.54,1,44.54,3.0,20,20,1,0.0,False
12825,4419.0581999999995,2,2209.5290999999997,2.5,39,410,2,0.9886921606961412,True
12829,4406.0581999999995,2,2203.0290999999997,2.5,34,387,2,0.9859352743002806,True
12830,5915.54,2,2957.77,2.5,3,781,2,0.9928527235045321,True
12832,39.98,1,39.98,2.0,282,282,1,0.0,False
12834,5898.26,2,2949.13,1.0,28,773,1,1.0,True
12835,39.98,1,39.98,2.0,211,211,1,0.0,False
12836,68.46,2,34.23,2.0,34,203,2,0.0,False
12837,4.99,1,4.99,1.0,323,323,1,0.0,False
12838,36.96,1,36.96,3.0,275,275,1,0.0,False
12841,5933.25,2,2966.625,1.5,12,765,2,0.9941027261618843,True
12842,32.6,1,32.6,1.0,96,96,1,0.0,False
12843,6018.26,2,3009.13,1.5,26,777,2,0.9800606819911403,True
12847,24.99,1,24.99,1.0,187,187,1,0.0,False
12849,5888.24,2,2944.12,2.0,8,780,2,0.997455946089154,True
12850,4406.3896,2,2203.1948,2.0,62,368,2,0.9966003913952594,True
12855,4414.3396,2,2207.1698,2.5,202,450,2,0.9948055650272128,True
12856,4460.3796,2,2230.1898,2.5,200,451,3,0.9845371905117674,True
12857,4384.0782,2,2192.0391,2.0,184,457,2,0.9908783561388116,True
12858,4393.6996,2,2196.8498,1.5,41,379,2,0.9994787991422991,True
12859,5666.2196,3,1888.7398666666668,2.0,75,454,3,0.9850058758753368,True
12860,4464.0882,2,2232.0441,1.5,158,409,2,0.9731188106901651,True
12861,4394.0581999999995,2,2197.0290999999997,2.5,176,406,2,0.988627824729313,True
12864,86.24000000000001,2,43.120000000000005,3.0,16,308,1,0.0,False
12865,114.22999999999999,2,57.114999999999995,3.5,245,269,2,0.0,False
12866,5883.25,2,2941.625,1.5,16,780,2,0.99830195895126,True
12867,4366.4096,2,2183.2048,1.0,11,384,1,1.0,True
12868,32.6,1,32.6,1.0,286,286,1,0.0,False
12872,48.97,1,48.97,3.0,32,32,2,0.0,False
12877,29.93,1,29.93,2.0,200,200,1,0.0,False
12878,46.47,1,46.47,2.0,310,310,2,0.0,False
12879,36.96,1,36.96,3.0,8,8,1,0.0,False
12880,200.73,4,50.1825,2.0,73,231,2,0.0,False
12882,5930.23,2,2965.115,2.0,110,743,2,0.9903932899735762,True
12884,5900.55,2,2950.275,1.5,105,757,2,0.9996119005855386,True
12887,21.98,1,21.98,1.0,71,71,1,0.0,False
12888,96.46,1,96.46,3.0,78,78,2,0.0,False
12892,419.47,4,104.8675,3.5,31,319,2,0.0,False
12895,336.65,4,84.1625,3.75,28,317,2,0.0,False
12896,44.91,1,44.91,4.0,275,275,1,0.0,False
12898,5958.74,2,2979.37,2.0,111,751,3,0.9856546853865079,True
12900,21.98,1,21.98,1.0,41,41,1,0.0,False
12903,2332.28,1,2332.28,3.0,175,175,2,0.9840113536968117,False
12904,5915.530000000001,2,2957.7650000000003,2.5,120,739,2,0.997080565900266,True
12906,21.98,1,21.98,1.0,317,317,1,0.0,False
12909,71.97,1,71.97,2.0,73,73,2,0.0,False
12912,5898.26,2,2949.13,1.0,67,734,1,1.0,True
12915,5896.1900000000005,2,2948.0950000000003,2.5,81,751,2,0.9961110479818325,True
12916,261.22,4,65.305,2.25,23,234,2,0.0,False
12918,4763.34,2,2381.67,1.0,262,727,1,1.0,True
12919,257.88,4,64.47,3.25,53,321,2,0.0,False
12920,105.94999999999999,2,52.974999999999994,2.5,111,196,1,0.0,False
12921,4803.33,2,2401.665,2.0,71,706,2,0.9916745257977279,True
12924,90.95,1,90.95,4.0,59,59,2,0.0,False
12930,4513.842500000001,2,2256.9212500000003,2.0,252,719,2,0.9917387458689576,True
12934,4551.532499999999,2,2275.7662499999997,2.5,264,723,2,0.9835264276372849,True
12935,4794.3099999999995,2,2397.1549999999997,2.0,253,711,3,0.9935402591822391,True
12938,81.46,1,81.46,3.0,314,314,2,0.0,False
12939,169.42000000000002,3,56.473333333333336,3.6666666666666665,99,283,2,0.0,False
12940,108.46,2,54.23,2.5,68,201,2,0.0,False
12942,4501.5525,2,2250.77625,1.0,261,720,1,1.0,True
12946,81.46,1,81.46,3.0,104,104,2,0.0,False
12951,30.97,1,30.97,2.0,276,276,2,0.0,False
12954,51.27,2,25.635,2.0,198,226,2,0.0,False
12958,207.98000000000002,2,103.99000000000001,2.0,53,99,2,0.0,False
12960,51.27,2,25.635,2.0,217,268,2,0.0,False
12961,8.99,1,8.99,1.0,56,56,1,0.0,False
12962,83.97,2,41.985,2.0,46,66,2,0.0,False
12963,108.46,2,54.23,2.5,3,22,2,0.0,False
12965,56.97,1,56.97,2.0,329,329,1,0.0,False
12966,106.96,1,106.96,3.0,178,178,2,0.0,False
12967,21.98,1,21.98,1.0,204,204,1,0.0,False
12968,21.98,1,21.98,1.0,37,37,1,0.0,False
12969,180.79000000000002,4,45.197500000000005,3.0,79,229,2,0.0,False
12975,4618.532499999999,2,2309.2662499999997,2.0,79,720,2,0.9692586335594695,True
12976,21.98,1,21.98,1.0,119,119,1,0.0,False
12977,71.97,1,71.97,2.0,299,299,2,0.0,False
12980,4552.5225,2,2276.26125,2.0,270,725,3,0.9833125481532492,True
12983,100.46,1,100.46,4.0,302,302,2,0.0,False
12986,4823.01,2,2411.505,4.0,181,299,2,0.9701534933578825,False
12987,6759.469599999999,3,2253.1565333333333,1.3333333333333333,77,623,2,0.9986700139904469,True
12991,5641.8982,3,1880.6327333333331,2.3333333333333335,104,622,3,0.9897268617856311,True
12993,96.25,3,32.083333333333336,1.6666666666666667,216,269,1,0.0,False
12994,6855.439600000001,3,2285.1465333333335,2.3333333333333335,83,612,2,0.9846895303402572,True
12997,118.17999999999998,3,39.393333333333324,2.6666666666666665,52,178,2,0.0,False
12999,6840.4596,3,2280.1532,1.6666666666666667,72,617,2,0.9868459131020964,True
13001,6799.4282,3,2266.4760666666666,2.3333333333333335,82,616,2,0.9895182362540426,True
13003,230.25,3,76.75,2.0,169,294,1,0.0,False
13004,190.27,3,63.42333333333334,1.3333333333333333,115,191,1,0.0,False
13006,6762.1482,3,2254.0494,1.3333333333333333,92,616,2,0.9986705408201495,True
13007,5671.2396,3,1890.4132,1.6666666666666667,71,634,2,0.9841339801619385,True
13008,125.51,3,41.836666666666666,2.6666666666666665,13,135,1,0.0,False
13009,168.67,3,56.22333333333333,3.0,9,104,2,0.0,False
13011,6819.108200000001,3,2273.036066666667,2.3333333333333335,86,620,2,0.9866624788267769,True
13012,7017.439600000001,3,2339.1465333333335,3.0,73,620,3,0.9619576348045804,True
13016,4813.32,2,2406.66,2.5,250,719,2,0.9844223945218685,True
13020,2589.0882,2,1294.5441,1.0,14,638,1,1.0,True
13027,2319.26,1,2319.26,3.0,141,141,2,0.9895354552745272,False
13028,48.98,1,48.98,3.0,8,8,2,0.0,False
13030,76.97,1,76.97,2.0,112,112,1,0.0,False
13032,4740.63,2,2370.315,1.5,269,730,2,0.9995169418410633,True
13035,2638.0582,2,1319.0291,2.5,29,618,3,0.9909137713489417,True
13036,2677.0681999999997,2,1338.5340999999999,2.0,26,631,2,0.9764742638980959,True
13037,59.980000000000004,2,29.990000000000002,1.0,50,246,1,0.0,False
13038,5581.259599999999,3,1860.4198666666664,1.0,73,628,1,1.0,True
13039,3282.83,2,1641.415,1.5,108,730,2,0.9786799803827796,True
13040,59.98,1,59.98,2.0,40,40,1,0.0,False
13041,153.95,2,76.975,2.5,194,270,2,0.0,False
13043,175.93,2,87.965,3.0,100,263,2,0.0,False
13044,59.980000000000004,2,29.990000000000002,1.0,46,159,1,0.0,False
13049,5647.2196,3,1882.4065333333335,2.0,56,617,2,0.988319915875062,True
13052,30.97,1,30.97,2.0,239,239,2,0.0,False
13057,3341.81,2,1670.905,2.5,55,724,2,0.9614071416388127,True
13058,3032.31,2,1516.155,2.5,344,713,3,0.9920951353918303,True
13059,3089.8,2,1544.9,2.5,365,729,3,0.9736358340345654,True
13061,46.47,1,46.47,2.0,115,115,2,0.0,False
13062,4500.5225,2,2250.26125,2.5,70,732,3,0.994673951746714,True
13066,3033.31,2,1516.655,2.5,287,714,2,0.9835262469051962,True
13067,3059.31,2,1529.655,2.0,245,711,3,0.9751676031523449,True
13069,2731.5425,2,1365.77125,1.5,268,716,2,0.9963427257675838,True
13072,120.0,1,120.0,1.0,184,184,1,0.0,False
13077,6766.628199999999,3,2255.542733333333,2.0,50,617,3,0.9943147460059947,True
13078,6850.4596,3,2283.486533333333,2.0,46,633,2,0.9890547489689597,True
13081,6772.1482,3,2257.3827333333334,1.6666666666666667,43,582,3,0.9935042768260742,True
13082,6906.3895999999995,3,2302.1298666666667,2.6666666666666665,49,602,3,0.9810450890288613,True
13084,1798.96,1,1798.96,4.0,204,204,3,0.9455407568817539,False
13085,3089.8,2,1544.9,2.5,204,729,3,0.9736358340345654,True
13086,4805.62,2,2402.81,2.5,92,706,2,0.9912019676961558,True
13087,4803.33,2,2401.665,2.0,69,704,2,0.9916745257977279,True
13088,4760.32,2,2380.16,1.5,87,702,2,0.9953826633503631,True
13089,6800.4496,3,2266.816533333333,2.0,48,590,2,0.9926519564235872,True
13090,6812.4182,3,2270.8060666666665,2.0,42,556,2,0.9913011799539846,True
13092,231.95999999999998,2,115.97999999999999,2.5,36,307,2,0.0,False
13093,4778.33,2,2389.165,2.0,251,728,2,0.9916309673044768,True
13096,200.69,3,66.89666666666666,4.0,39,76,2,0.0,False
13098,71.97,1,71.97,2.0,236,236,2,0.0,False
13102,2386.94,1,2386.94,5.0,266,266,2,0.9614778754388467,False
13103,6842.5982,3,2280.866066666667,2.6666666666666665,37,552,3,0.9832753587664992,True
13104,6894.439600000001,3,2298.1465333333335,2.6666666666666665,35,568,3,0.9827455156761401,True
13105,5585.448200000001,3,1861.816066666667,2.6666666666666665,59,568,2,0.9952537380975086,True
13106,5697.5196,3,1899.1732,2.3333333333333335,47,562,2,0.9839825035441738,True
13108,5718.6596,3,1906.2198666666666,3.0,16,560,3,0.9759733906875663,True
13110,5583.9382,3,1861.3127333333332,1.0,25,574,1,1.0,True
13113,6832.4096,3,2277.469866666667,2.3333333333333335,56,563,2,0.991667654117224,True
13117,6831.4182,3,2277.1394,2.0,51,576,3,0.9885441064053142,True
13119,6829.4496,3,2276.4832,2.0,36,567,3,0.992097459801153,True
13120,205.39,3,68.46333333333332,2.3333333333333335,4,320,2,0.0,False
13121,121.25,3,40.416666666666664,1.6666666666666667,115,268,1,0.0,False
13123,6765.4382000000005,3,2255.1460666666667,1.6666666666666667,62,564,2,0.9944896400058757,True
13125,138.54000000000002,3,46.18000000000001,2.0,10,225,2,0.0,False
13127,86.26,3,28.753333333333334,1.3333333333333333,90,194,1,0.0,False
13129,6823.1482,3,2274.3827333333334,1.6666666666666667,41,560,2,0.9897422717566065,True
13131,6737.1482,3,2245.7160666666664,1.3333333333333333,37,555,2,0.998665607504374,True
13132,6880.618200000001,3,2293.5394,3.0,51,570,3,0.9778421072687917,True
13133,6813.118200000001,3,2271.0394,2.3333333333333335,62,564,2,0.987529938934569,True
13136,62.27,2,31.135,1.5,83,191,1,0.0,False
13137,177.94,3,59.31333333333333,2.0,194,279,2,0.0,False
13138,83.97,3,27.99,1.0,154,331,1,0.0,False
13141,240.24,3,80.08,2.3333333333333335,35,76,2,0.0,False
13147,74.98,1,74.98,3.0,207,207,1,0.0,False
13148,1137.43,1,1137.43,3.0,287,287,2,0.9851067758015878,False
13151,91.95,1,91.95,4.0,26,26,1,0.0,False
13152,4582.5125,2,2291.25625,2.5,51,716,3,0.9823328359715333,True
13153,106.96,1,106.96,3.0,321,321,2,0.0,False
13154,2309.97,1,2309.97,3.0,55,55,2,0.9935150672952464,False
13155,226.95000000000002,3,75.65,2.0,4,292,2,0.0,False
13156,2663.6896,2,1331.8448,2.0,3,560,2,0.9897585664636,True
13157,24.99,1,24.99,1.0,122,122,1,0.0,False
13158,221.91,3,73.97,3.0,70,328,2,0.0,False
13160,6839.4596,3,2279.8198666666667,1.6666666666666667,40,554,2,0.9906454597670261,True
13165,4501.5525,2,2250.77625,1.0,50,716,1,1.0,True
13167,42.28,1,42.28,3.0,54,54,1,0.0,False
13169,191.97,2,95.985,1.5,76,208,2,0.0,False
13172,24.27,1,24.27,2.0,85,85,1,0.0,False
13176,4753.32,2,2376.66,2.0,253,702,2,0.9968485185091684,True
13178,4498.532499999999,2,2249.2662499999997,1.5,258,720,2,0.9951139621643281,True
13179,190.17000000000002,4,47.542500000000004,2.5,17,259,1,0.0,False
13183,195.97,2,97.985,1.5,277,293,2,0.0,False
13192,56.97,1,56.97,2.0,51,51,1,0.0,False
13198,114.94999999999999,3,38.31666666666666,2.0,93,310,1,0.0,False
13202,4558.5225,2,2279.26125,2.0,269,722,2,0.9875025296025194,True
13204,141.98,1,141.98,2.0,56,56,1,0.0,False
13205,4803.32,2,2401.66,2.0,253,711,2,0.9864718569655989,True
13206,163.19,3,54.39666666666667,3.6666666666666665,119,316,2,0.0,False
13208,4813.32,2,2406.66,2.5,263,730,2,0.9844223945218685,True
13209,2319.99,1,2319.99,1.0,121,121,1,1.0,False
13212,4564.4925,2,2282.24625,2.0,52,703,2,0.9862109533535218,True
13213,21.98,1,21.98,1.0,297,297,1,0.0,False
13215,71.95,1,71.95,4.0,140,140,1,0.0,False
13222,150.41,3,50.13666666666666,3.0,54,283,2,0.0,False
13224,4536.032499999999,2,2268.0162499999997,2.0,221,708,3,0.9868872191722613,True
13226,4564.4925,2,2282.24625,2.0,35,726,2,0.9862109533535218,True
13227,71.97,1,71.97,2.0,260,260,2,0.0,False
13231,247.90000000000003,4,61.97500000000001,2.75,104,250,2,0.0,False
13232,21.98,1,21.98,1.0,114,114,1,0.0,False
13237,4516.532499999999,2,2258.2662499999997,2.0,243,683,2,0.9966832963119385,True
13238,4511.5425,2,2255.77125,1.5,216,693,2,0.9922443377181973,True
13239,185.7,4,46.425,2.75,9,220,2,0.0,False
13240,21.98,1,21.98,1.0,121,121,1,0.0,False
13241,2325.96,1,2325.96,3.0,117,117,3,0.9866850676709833,False
13245,46.47,1,46.47,2.0,176,176,2,0.0,False
13246,4813.3099999999995,2,2406.6549999999997,2.5,38,701,2,0.989618370726174,True
13249,4795.34,2,2397.67,2.5,162,264,3,0.9809648533784882,False
13250,4501.5525,2,2250.77625,1.0,238,679,1,1.0,True
13251,6844.4182,3,2281.4727333333335,2.3333333333333335,237,424,2,0.9866665073154063,True
13252,6820.4596,3,2273.486533333333,1.6666666666666667,226,415,2,0.9897396943748483,True
13254,6801.128199999999,3,2267.042733333333,2.0,228,384,3,0.98927089773135,True
13258,8886.53,4,2221.6325,2.5,16,1090,2,0.9927744575216649,True
13259,7853.49,4,1963.3725,3.5,42,1072,3,0.9744839555407854,True
13261,7200.58,4,1800.145,1.5,91,1087,2,0.9937532809856985,True
13262,86.94999999999999,2,43.474999999999994,2.5,96,283,2,0.0,False
13263,10872.06,4,2718.015,3.0,177,778,3,0.9865361302273903,True
13264,7265.5599999999995,4,1816.3899999999999,2.0,84,1092,2,0.9883064760321297,True
13268,289.7,4,72.425,3.0,118,320,2,0.0,False
13269,4507.5225,2,2253.76125,2.0,35,687,3,0.9931292633591958,True
13270,2394.95,1,2394.95,5.0,94,94,3,0.9582621766633962,False
13272,81.46,1,81.46,3.0,62,62,2,0.0,False
13275,21.98,1,21.98,1.0,323,323,1,0.0,False
13276,21.98,1,21.98,1.0,26,26,1,0.0,False
13277,4498.532499999999,2,2249.2662499999997,1.5,243,683,2,0.9951139621643281,True
13278,4578.5225,2,2289.26125,2.0,239,673,2,0.9831888999125811,True
13279,4533.5225,2,2266.76125,2.0,221,697,2,0.9874336126047683,True
13285,214.35,3,71.45,3.6666666666666665,65,327,2,0.0,False
13287,4763.34,2,2381.67,1.0,227,688,1,1.0,True
13288,4573.5025000000005,2,2286.7512500000003,3.0,223,673,2,0.9842680746320792,True
13292,4478.842500000001,2,2239.4212500000003,1.5,218,681,2,0.9994887071827152,True
13294,86.95,1,86.95,4.0,85,85,2,0.0,False
13298,4511.5425,2,2255.77125,1.5,226,680,2,0.9977856797314888,True
13301,66.96,1,66.96,3.0,106,106,1,0.0,False
13302,56.97,1,56.97,2.0,304,304,1,0.0,False
13303,66.25,3,22.083333333333332,2.0,115,241,2,0.0,False
13307,81.46,1,81.46,3.0,209,209,2,0.0,False
13312,80.96,1,80.96,3.0,161,161,2,0.0,False
13314,4854.29,2,2427.145,3.0,227,683,3,0.9761139116122031,True
13315,4541.532499999999,2,2270.7662499999997,2.0,240,674,2,0.9856920543891298,True
13316,4576.532499999999,2,2288.2662499999997,2.5,233,675,2,0.98361641701441,True
13319,4647.5125,2,2323.75625,3.0,223,697,3,0.9685939521410649,True
13320,21.98,1,21.98,1.0,307,307,1,0.0,False
13322,85.48,1,85.48,2.0,235,235,2,0.0,False
13324,4526.782499999999,2,2263.3912499999997,3.0,235,692,2,0.9889038185510349,True
13329,4807.3099999999995,2,2403.6549999999997,2.5,221,688,3,0.9856530991344433,True
13330,94.95,3,31.650000000000002,2.0,111,272,1,0.0,False
13333,21.98,1,21.98,1.0,97,97,1,0.0,False
13334,71.95,1,71.95,4.0,152,152,1,0.0,False
13335,71.97,1,71.97,2.0,30,30,2,0.0,False
13336,106.96,1,106.96,3.0,266,266,2,0.0,False
13337,180.98,1,180.98,2.0,207,207,1,0.0,False
13340,4546.5225,2,2273.26125,2.5,224,681,2,0.9846102158297909,True
13342,32.22,1,32.22,3.0,53,53,1,0.0,False
13347,71.97,1,71.97,2.0,208,208,2,0.0,False
13349,21.98,1,21.98,1.0,320,320,1,0.0,False
13352,56.97,1,56.97,2.0,192,192,1,0.0,False
13353,4547.5025000000005,2,2273.7512500000003,3.0,60,677,3,0.9898955525587949,True
13355,4558.532499999999,2,2279.2662499999997,2.0,216,687,2,0.9875003633296462,True
13357,4543.8325,2,2271.91625,2.5,37,694,2,0.9906950795391336,True
13360,56.97,1,56.97,2.0,329,329,1,0.0,False
13363,71.97,1,71.97,2.0,305,305,2,0.0,False
13364,56.97,1,56.97,2.0,229,229,1,0.0,False
13365,24.27,1,24.27,2.0,110,110,1,0.0,False
13366,4749.04,2,2374.52,2.0,180,218,2,0.9852643902767718,False
13368,71.97,1,71.97,2.0,65,65,2,0.0,False
13369,4778.33,2,2389.165,2.0,217,697,2,0.9916309673044768,True
13374,56.97,1,56.97,2.0,78,78,1,0.0,False
13375,71.97,1,71.97,2.0,27,27,2,0.0,False
13378,4522.5025000000005,2,2261.2512500000003,3.0,242,699,3,0.9898396960532363,True
13380,4820.3099999999995,2,2410.1549999999997,2.0,42,698,2,0.9881812580518682,True
13381,71.97,1,71.97,2.0,159,159,2,0.0,False
13382,4525.8225,2,2262.91125,2.0,221,687,2,0.9946374388301796,True
13383,4511.5425,2,2255.77125,1.5,57,699,2,0.9977856797314888,True
13384,4573.5225,2,2286.76125,2.0,40,695,3,0.9842637704307786,True
13386,84.96,1,84.96,3.0,89,89,2,0.0,False
13388,106.96,1,106.96,3.0,300,300,2,0.0,False
13392,56.97,1,56.97,2.0,51,51,1,0.0,False
13395,21.98,1,21.98,1.0,165,165,1,0.0,False
13397,2396.94,1,2396.94,6.0,48,48,2,0.9678965681243588,False
13398,2322.28,1,2322.28,2.0,39,39,2,0.9990139001326283,False
13401,4798.34,2,2399.17,1.5,39,671,2,0.9927058107595543,True
13402,4793.33,2,2396.665,1.5,62,677,2,0.9885278084338028,True
13403,4578.5225,2,2289.26125,2.0,230,676,2,0.9831888999125811,True
13404,6812.118200000001,3,2270.706066666667,2.3333333333333335,217,379,3,0.9913448360305904,True
13405,10778.61,4,2694.6525,2.75,159,790,2,0.9927699397232113,True
13411,6819.4596,3,2273.1532,1.6666666666666667,214,388,3,0.9935508086300563,True
13414,2319.99,1,2319.99,1.0,238,238,1,1.0,False
13417,2369.97,1,2369.97,4.0,242,242,2,0.968362468723233,False
13419,4476.5525,2,2238.27625,1.0,240,689,1,1.0,True
13421,24.27,1,24.27,2.0,247,247,1,0.0,False
13422,81.46,1,81.46,3.0,228,228,2,0.0,False
13423,132.9,2,66.45,3.0,121,159,2,0.0,False
13427,2294.99,1,2294.99,1.0,223,223,1,1.0,False
13430,30.97,1,30.97,2.0,283,283,2,0.0,False
13431,4592.5025000000005,2,2296.2512500000003,3.0,200,656,3,0.9801959824736081,True
13435,4838.32,2,2419.16,2.5,197,653,2,0.9845028852990295,True
13440,4818.53,2,2409.265,2.5,146,232,3,0.9710554878770081,False
13442,4500.8225,2,2250.41125,2.0,193,652,2,0.9946076522680022,True
13444,56.97,1,56.97,2.0,170,170,1,0.0,False
13447,4533.5225,2,2266.76125,2.0,196,644,2,0.9874336126047683,True
13449,4526.5225,2,2263.26125,2.5,200,658,2,0.988960620432131,True
13451,21.98,1,21.98,1.0,73,73,1,0.0,False
13453,4576.532499999999,2,2288.2662499999997,2.5,196,631,2,0.98361641701441,True
13455,2349.92,1,2349.92,3.0,203,203,2,0.9872633962007218,False
13457,56.97,1,56.97,2.0,147,147,1,0.0,False
13458,44.91,1,44.91,4.0,326,326,1,0.0,False
13460,4693.04,2,2346.52,2.0,147,243,2,0.9970211206382218,False
13462,4558.0125,2,2279.00625,2.5,25,621,3,0.9821281753834595,True
13464,4501.5525,2,2250.77625,1.0,197,620,1,1.0,True
13465,75.97,1,75.97,2.0,39,39,2,0.0,False
13468,4626.5225,2,2313.26125,3.0,194,615,3,0.9729883514021602,True
13470,56.97,1,56.97,2.0,10,10,1,0.0,False
13472,2518.98,1,2518.98,4.0,189,189,2,0.9210037396088894,False
13473,2318.96,1,2318.96,4.0,204,204,3,0.9896634698313039,False
13475,56.97,1,56.97,2.0,20,20,1,0.0,False
13477,4511.5425,2,2255.77125,1.5,186,611,2,0.9922443377181973,True
13478,4898.32,2,2449.16,2.5,209,626,2,0.9724436133204855,True
13480,81.46,1,81.46,3.0,224,224,2,0.0,False
13482,4500.8225,2,2250.41125,2.0,23,637,2,0.9946076522680022,True
13484,4813.32,2,2406.66,2.5,210,597,2,0.9844223945218685,True
13485,36.96,1,36.96,3.0,318,318,1,0.0,False
13486,225.44,3,75.14666666666666,2.3333333333333335,119,252,2,0.0,False
13487,4533.5225,2,2266.76125,2.0,194,580,2,0.9874336126047683,True
13489,4740.63,2,2370.315,1.5,189,606,2,0.9995169418410633,True
13490,56.97,1,56.97,2.0,294,294,1,0.0,False
13497,39.98,1,39.98,2.0,309,309,1,0.0,False
13501,39.98,1,39.98,2.0,227,227,1,0.0,False
13502,54.98,1,54.98,2.0,134,134,2,0.0,False
13504,5923.23,2,2961.615,2.5,12,776,2,0.9915637245219248,True
13506,123.98,1,123.98,2.0,88,88,1,0.0,False
13508,128.97,1,128.97,3.0,329,329,1,0.0,False
13512,69.99,1,69.99,1.0,146,146,1,0.0,False
13514,5973.24,2,2986.62,2.5,27,1047,2,0.9874473485076777,True
13519,4492.4482,2,2246.2241,1.0,365,552,1,1.0,True
13520,4551.3596,2,2275.6798,2.0,307,561,2,0.9919606440238209,True
13521,4514.7696,2,2257.3848,1.0,330,556,1,1.0,True
13523,67.26,2,33.63,2.0,187,221,1,0.0,False
13524,4528.7496,2,2264.3748,2.0,258,558,2,0.9969130552062319,True
13526,4549.7596,2,2274.8798,1.5,195,533,2,0.992309483780198,True
13528,4531.0396,2,2265.5198,2.5,133,538,2,0.9964092125789411,True
13529,4614.8596,2,2307.4298,2.5,141,532,3,0.9783113661789407,True
13536,5973.24,2,2986.62,2.5,9,737,2,0.9874473485076777,True
13537,5910.219999999999,2,2955.1099999999997,2.5,8,762,2,0.9937464256829697,True
13538,5908.25,2,2954.125,1.5,26,1040,2,0.9940777726061016,True
13539,78.96,2,39.48,2.0,62,147,1,0.0,False
13542,5943.24,2,2971.62,2.0,27,1038,2,0.9924317375707528,True
13543,5923.23,2,2961.615,2.5,6,1038,2,0.9915637245219248,True
13544,108.44,2,54.22,3.0,43,255,2,0.0,False
13546,5918.24,2,2959.12,2.0,18,1066,2,0.9923997674984456,True
13550,69.99,1,69.99,1.0,284,284,1,0.0,False
13551,5622.9182,3,1874.3060666666668,1.6666666666666667,60,391,2,0.9886215666448785,True
13554,5641.2496,3,1880.4165333333333,1.3333333333333333,58,384,2,0.9937974735243057,True
13555,6484.450000000001,3,2161.4833333333336,3.0,89,737,3,0.9890198860350533,True
13556,6497.21,3,2165.7366666666667,2.3333333333333335,42,742,2,0.9870775302014251,True
13557,4443.3796,2,2221.6898,2.0,157,380,2,0.9826775997261186,True
13558,6500.219999999999,3,2166.74,2.0,47,745,2,0.9904664765192563,True
13559,6508.71,3,2169.57,2.3333333333333335,181,1038,2,0.9891745061617434,True
13560,6453.23,3,2151.0766666666664,1.6666666666666667,128,1017,2,0.9976786818383973,True
13561,4393.358200000001,2,2196.6791000000003,2.0,179,396,2,0.9944757520568208,True
13562,4369.0882,2,2184.5441,1.0,178,372,1,1.0,True
13563,5948.23,2,2974.115,2.5,144,1087,2,0.9915991816052844,True
13564,5932.219999999999,2,2966.1099999999997,3.0,26,756,3,0.9900610564004708,True
13569,48.97,1,48.97,3.0,213,213,2,0.0,False
13570,5948.23,2,2974.115,2.5,2,1022,2,0.9915991816052844,True
13571,144.47,1,144.47,3.0,336,336,1,0.0,False
13572,5945.23,2,2972.615,2.0,21,1034,3,0.9878944969328354,True
13575,9458.182499999999,4,2364.5456249999997,3.25,149,712,3,0.9836955990223283,True
13576,8330.79,3,2776.9300000000003,2.3333333333333335,192,1086,3,0.9911821087795997,True
13579,7295.04,4,1823.76,2.5,42,1009,3,0.9843126288546741,True
13580,7285.57,4,1821.3925,1.75,3,1013,2,0.9855920676076135,True
13582,77.96,2,38.98,2.0,124,335,2,0.0,False
13583,8375.29,3,2791.763333333334,2.6666666666666665,207,1074,3,0.988900682842027,True
13584,8361.29,3,2787.096666666667,2.3333333333333335,157,1069,2,0.9875665118659921,True
13585,8368.29,3,2789.4300000000003,2.0,164,1073,3,0.9867404212808114,True
13586,97.96,2,48.98,2.0,12,247,2,0.0,False
13588,14.98,1,14.98,2.0,44,44,1,0.0,False
13589,78.48,1,78.48,3.0,132,132,2,0.0,False
13593,49.97,1,49.97,3.0,15,15,1,0.0,False
13594,44.98,1,44.98,2.0,155,155,1,0.0,False
13595,9390.5325,4,2347.633125,2.25,137,717,2,0.9907822053754674,True
13596,9.99,1,9.99,1.0,323,323,1,0.0,False
13598,49.97,1,49.97,3.0,84,84,1,0.0,False
13600,8460.25,3,2820.0833333333335,3.6666666666666665,180,1061,3,0.9789698885966729,True
13603,133.94,2,66.97,3.0,203,283,2,0.0,False
13606,7195.58,4,1798.895,1.5,3,988,2,0.9979181664299474,True
13607,6465.030000000001,3,2155.01,1.6666666666666667,21,987,3,0.9958577145040317,True
13608,71.58,1,71.58,3.0,79,79,1,0.0,False
13609,98.96,2,49.48,2.0,43,145,1,0.0,False
13610,44.98,1,44.98,2.0,284,284,1,0.0,False
13612,83.94999999999999,2,41.974999999999994,2.5,4,203,1,0.0,False
13614,114.21000000000001,3,38.07,1.6666666666666667,75,248,2,0.0,False
13616,6872.0581999999995,3,2290.6860666666666,2.6666666666666665,53,534,2,0.9826980510729668,True
13620,6848.0682,3,2282.6893999999998,2.3333333333333335,47,542,2,0.9824899524219107,True
13624,114.97,2,57.485,1.5,13,311,1,0.0,False
13628,191.25,3,63.75,2.0,95,273,1,0.0,False
13629,6889.108200000001,3,2296.3694,2.3333333333333335,41,527,3,0.9802659508236495,True
13631,6817.118200000001,3,2272.3727333333336,2.6666666666666665,9,547,2,0.9869504976457649,True
13633,6803.138199999999,3,2267.7127333333333,2.0,19,523,2,0.988978615780582,True
13635,215.74,3,71.91333333333334,2.3333333333333335,4,332,2,0.0,False
13636,6831.7596,3,2277.2532,1.6666666666666667,31,534,3,0.9917620052087315,True
13637,6777.128199999999,3,2259.042733333333,2.0,8,523,2,0.992774225519299,True
13640,71.25,2,35.625,2.5,54,290,1,0.0,False
13641,144.74,2,72.37,3.0,206,288,2,0.0,False
13642,79.97,2,39.985,1.5,229,235,2,0.0,False
13644,6864.4596,3,2288.1532,1.6666666666666667,7,532,3,0.9870375812248936,True
13646,6843.5982,3,2281.1994,2.6666666666666665,25,526,3,0.9831316806413329,True
13648,6765.4382000000005,3,2255.1460666666667,1.6666666666666667,8,519,2,0.9944896400058757,True
13650,6768.138199999999,3,2256.0460666666663,1.6666666666666667,2,537,2,0.9977866882209941,True
13652,30.97,1,30.97,2.0,236,236,2,0.0,False
13653,4546.7925,2,2273.39625,2.5,208,596,2,0.9900501287446041,True
13658,4787.610000000001,2,2393.8050000000003,2.0,190,596,2,0.9949306647784595,True
13659,65.96,1,65.96,3.0,208,208,2,0.0,False
13661,5913.24,2,2956.62,2.0,146,1059,2,0.9974667018419683,True
13666,5900.55,2,2950.275,1.5,25,991,2,0.9996119005855386,True
13668,114.21000000000001,3,38.07,1.6666666666666667,23,327,2,0.0,False
13669,102.43,2,51.215,1.5,220,254,2,0.0,False
13673,94.48,1,94.48,2.0,43,43,1,0.0,False
13676,68.87,2,34.435,2.0,132,278,1,0.0,False
13680,5948.24,2,2974.12,2.5,146,1047,2,0.9915975145589284,True
13681,74.98,1,74.98,3.0,90,90,1,0.0,False
13682,15.23,1,15.23,3.0,200,200,1,0.0,False
13683,89.97,1,89.97,3.0,78,78,2,0.0,False
13692,24.99,1,24.99,1.0,68,68,1,0.0,False
13693,7171.58,3,2390.5266666666666,2.0,25,1046,3,0.9918469849043029,True
13697,6485.67,3,2161.89,2.3333333333333335,121,981,3,0.9926884963311424,True
13698,32.27,1,32.27,3.0,313,313,1,0.0,False
13700,4525.8225,2,2262.91125,2.0,4,585,2,0.9946374388301796,True
13703,74.98,1,74.98,3.0,238,238,1,0.0,False
13706,2337.27,1,2337.27,4.0,32,32,2,0.9819105195377514,False
13707,149.05,3,49.68333333333334,2.3333333333333335,30,123,2,0.0,False
13708,123.94,3,41.31333333333333,2.3333333333333335,175,308,1,0.0,False
13713,4828.3099999999995,2,2414.1549999999997,2.5,10,582,3,0.9865439460183792,True
13714,3033.31,2,1516.655,2.5,143,598,2,0.9835262469051962,True
13715,2778.5225,2,1389.26125,2.0,107,555,2,0.9794962970427629,True
13716,3078.31,2,1539.155,2.5,103,566,2,0.9772699955495062,True
13720,1155.48,1,1155.48,2.0,108,108,2,0.9697182123446533,False
13724,4476.5525,2,2238.27625,1.0,22,568,1,1.0,True
13725,4532.5225,2,2266.26125,2.0,10,560,3,0.9931671602292103,True
13726,4500.8225,2,2250.41125,2.0,17,564,2,0.9946076522680022,True
13727,80.96,1,80.96,3.0,20,20,2,0.0,False
13728,4879.799999999999,2,2439.8999999999996,3.0,4,553,3,0.9761342677978607,True
13732,108.96,3,36.32,1.6666666666666667,127,330,2,0.0,False
13733,4553.5225,2,2276.76125,2.0,25,577,2,0.9830966026850643,True
13734,4522.5025000000005,2,2261.2512500000003,3.0,26,573,3,0.9898396960532363,True
13741,2951.0525,2,1475.52625,1.0,356,563,1,1.0,True
13742,2988.3225,2,1494.16125,2.5,338,527,2,0.9875281198732735,True
13744,2959.0025,2,1479.50125,1.5,341,520,2,0.997313283783978,True
13745,3282.81,2,1641.405,2.5,355,521,2,0.9786859428355588,True
13746,3250.1099999999997,2,1625.0549999999998,2.5,341,538,2,0.9885326958164494,True
13748,71.97,1,71.97,2.0,254,254,2,0.0,False
13750,71.97,1,71.97,2.0,205,205,2,0.0,False
13751,224.91,3,74.97,3.0,3,193,2,0.0,False
13752,24.27,1,24.27,2.0,138,138,1,0.0,False
13756,298.49,4,74.6225,3.25,191,304,2,0.0,False
13759,100.46,1,100.46,4.0,271,271,2,0.0,False
13760,128.84,3,42.946666666666665,2.6666666666666665,103,200,1,0.0,False
13761,46.47,1,46.47,2.0,189,189,2,0.0,False
13762,186.03,3,62.01,3.0,11,278,2,0.0,False
13763,30.97,1,30.97,2.0,111,111,2,0.0,False
13765,7152.09,3,2384.03,1.6666666666666667,2,1034,2,0.991054363130218,True
13768,5063.5225,3,1687.8408333333334,1.3333333333333333,51,713,2,0.9956591483497902,True
13770,6428.23,3,2142.7433333333333,1.6666666666666667,87,986,2,0.9976696540105131,True
13773,42.28,1,42.28,3.0,173,173,1,0.0,False
13774,4392.74,2,2196.37,2.0,359,947,2,0.9897603773499002,True
13776,70.57,2,35.285,2.0,289,297,1,0.0,False
13778,4397.75,2,2198.875,1.5,339,967,2,0.9886328236029789,True
13779,3063.0025,2,1531.50125,3.0,256,728,2,0.9634508949960049,True
13780,59.49,1,59.49,2.0,36,36,2,0.0,False
13783,5955.23,2,2977.615,2.0,113,1018,2,0.9904336188526724,True
13784,7138.1,3,2379.366666666667,1.3333333333333333,7,1028,2,0.9929967358260602,True
13790,4397.75,2,2198.875,1.5,330,958,2,0.9886328236029789,True
13793,3021.0425,2,1510.52125,1.5,272,712,2,0.9768325007013308,True
13796,39.98,1,39.98,2.0,59,59,1,0.0,False
13800,3262.83,2,1631.415,1.5,229,709,2,0.984678944351989,True
13803,186.28,1,186.28,3.0,140,140,1,0.0,False
13810,53.47,1,53.47,3.0,11,11,2,0.0,False
13811,3001.0425,2,1500.52125,1.5,185,676,2,0.9833424551634974,True
13812,3262.83,2,1631.415,1.5,211,689,2,0.984678944351989,True
13813,74.98,1,74.98,3.0,302,302,1,0.0,False
13814,230.04,2,115.02,3.5,261,283,2,0.0,False
13821,5940.54,2,2970.27,2.5,111,1035,2,0.992882801900164,True
13823,5393.3099999999995,3,1797.7699999999998,1.6666666666666667,46,683,2,0.9833163678705656,True
13825,37.29,1,37.29,2.0,127,127,1,0.0,False
13831,35.0,1,35.0,1.0,299,299,1,0.0,False
13835,36.96,1,36.96,3.0,124,124,1,0.0,False
13836,4380.04,2,2190.02,2.0,189,943,2,0.9926302042903719,True
13841,6624.6,3,2208.2000000000003,1.3333333333333333,74,1014,2,0.9986429369320412,True
13842,4404.73,2,2202.365,2.0,192,929,2,0.9870661765874413,True
13843,30.97,1,30.97,2.0,294,294,2,0.0,False
13847,5888.24,2,2944.12,2.0,119,1016,2,0.997455946089154,True
13850,56.97,1,56.97,2.0,210,210,1,0.0,False
13851,2331.95,1,2331.95,4.0,49,49,2,0.9841506035721179,False
13857,45.95,1,45.95,4.0,20,20,2,0.0,False
13859,21.98,1,21.98,1.0,6,6,1,0.0,False
13862,2986.0425,2,1493.02125,1.5,316,525,2,0.9882821493665949,True
13863,71.97,1,71.97,2.0,113,113,2,0.0,False
13864,21.98,1,21.98,1.0,177,177,1,0.0,False
13866,4639.5125,2,2319.75625,3.5,206,504,3,0.9702641171890367,True
13867,56.97,1,56.97,2.0,212,212,1,0.0,False
13868,30.97,1,30.97,2.0,281,281,2,0.0,False
13871,3060.5225,2,1530.26125,2.5,310,510,3,0.9642315977092148,True
13872,180.98,1,180.98,2.0,332,332,1,0.0,False
13873,4765.63,2,2382.815,1.5,200,512,2,0.9995194759139925,True
13874,76.97,1,76.97,2.0,159,159,1,0.0,False
13877,3030.0325000000003,2,1515.0162500000001,2.0,306,496,2,0.9739342729822206,True
13879,21.98,1,21.98,1.0,113,113,1,0.0,False
13881,71.97,1,71.97,2.0,125,125,2,0.0,False
13885,4844.799999999999,2,2422.3999999999996,2.5,211,517,3,0.9831860964332895,True
13886,4536.5425,2,2268.27125,1.5,193,504,2,0.9922870776588117,True
13887,4763.34,2,2381.67,1.0,202,476,1,1.0,True
13889,3084.0225,2,1542.01125,2.5,308,472,2,0.9568842315514886,True
13890,2982.0225,2,1491.01125,2.0,287,475,3,0.989614431145305,True
13893,21.98,1,21.98,1.0,194,194,1,0.0,False
13894,4810.29,2,2405.145,3.0,197,485,2,0.9850424818462091,True
13897,4498.532499999999,2,2249.2662499999997,1.5,204,433,2,0.9951139621643281,True
13900,21.98,1,21.98,1.0,255,255,1,0.0,False
13901,66.96,1,66.96,3.0,202,202,1,0.0,False
13903,4511.5425,2,2255.77125,1.5,212,457,2,0.9922443377181973,True
13905,4548.5225,2,2274.26125,2.0,184,431,3,0.9841772795451711,True
13907,4596.5525,2,2298.27625,1.5,210,435,2,0.9738934777749193,True
13910,4526.5225,2,2263.26125,2.5,200,450,2,0.988960620432131,True
13911,4548.5225,2,2274.26125,2.0,187,456,3,0.9841772795451711,True
13913,106.96,1,106.96,3.0,175,175,2,0.0,False
13914,71.97,1,71.97,2.0,248,248,2,0.0,False
13916,2354.98,1,2354.98,2.0,16,16,2,0.9851421243492514,False
13918,2397.95,1,2397.95,5.0,14,14,3,0.9674888967659879,False
13921,56.97,1,56.97,2.0,87,87,1,0.0,False
13924,29.93,1,29.93,2.0,185,185,1,0.0,False
13927,3021.0425,2,1510.52125,1.5,285,406,2,0.9768325007013308,True
13932,21.98,1,21.98,1.0,54,54,1,0.0,False
13935,56.97,1,56.97,2.0,303,303,1,0.0,False
13936,218.93,3,72.97666666666667,2.6666666666666665,52,221,2,0.0,False
13938,3071.0125,2,1535.50625,3.0,288,398,3,0.9609379642707416,True
13940,85.48,1,85.48,2.0,144,144,2,0.0,False
13942,56.97,1,56.97,2.0,298,298,1,0.0,False
13943,36.96,1,36.96,3.0,117,117,1,0.0,False
13944,150.13,3,50.04333333333333,3.0,66,327,1,0.0,False
13945,56.97,1,56.97,2.0,290,290,1,0.0,False
13947,4605.0425,2,2302.52125,2.5,187,390,3,0.9775268089273877,True
13949,4548.5225,2,2274.26125,2.0,184,370,3,0.9841772795451711,True
13950,24.27,1,24.27,2.0,94,94,1,0.0,False
13952,82.26,2,41.13,2.0,90,116,2,0.0,False
13953,6840.7496,3,2280.2498666666665,2.0,11,535,3,0.9904586479820868,True
13955,6888.439600000001,3,2296.1465333333335,2.6666666666666665,15,541,3,0.9799722421896536,True
13962,40.22,1,40.22,4.0,313,313,1,0.0,False
13965,6872.3895999999995,3,2290.796533333333,3.0,10,521,2,0.9858986457927241,True
13966,6842.118200000001,3,2280.706066666667,2.6666666666666665,4,536,2,0.9869981784295981,True
13967,5721.9082,3,1907.3027333333332,2.6666666666666665,2,541,3,0.9715182428127737,True
13969,77.27000000000001,2,38.635000000000005,1.5,19,101,2,0.0,False
13971,6772.128199999999,3,2257.3760666666662,2.0,6,521,2,0.993507210923739,True
13972,77.27000000000001,2,38.635000000000005,1.5,5,80,2,0.0,False
13973,5185.6796,3,1728.5598666666667,2.3333333333333335,21,531,2,0.985166842934145,True
13974,5237.729600000001,3,1745.9098666666669,2.3333333333333335,29,530,3,0.9753767357520711,True
13978,4775.299999999999,2,2387.6499999999996,2.5,191,375,2,0.9922601721357822,True
13979,3282.83,2,1641.415,1.5,277,390,2,0.9786799803827796,True
13980,56.97,1,56.97,2.0,253,253,1,0.0,False
13985,30.97,1,30.97,2.0,252,252,2,0.0,False
13986,1893.9075,2,946.95375,2.0,282,722,2,0.9345374576107861,True
13987,2329.99,1,2329.99,2.0,6,6,2,0.9849784763024734,False
13989,46.47,1,46.47,2.0,286,286,2,0.0,False
13990,1893.9075,2,946.95375,2.0,279,714,2,0.9345374576107861,True
13991,85.48,1,85.48,2.0,58,58,2,0.0,False
13995,64.97,2,32.485,1.5,43,229,1,0.0,False
13996,66.26,2,33.13,2.0,183,229,1,0.0,False
13999,3295.4275,2,1647.71375,1.0,191,705,1,1.0,True
14003,1579.3975,2,789.69875,2.5,91,713,3,0.9753260341364349,True
14004,56.97,1,56.97,2.0,126,126,1,0.0,False
14007,3772.4096,2,1886.2048,1.0,356,506,1,1.0,True
14008,63.97,2,31.985,1.5,158,321,1,0.0,False
14009,63.97,2,31.985,1.5,56,77,1,0.0,False
14011,3831.8896000000004,2,1915.9448000000002,2.0,320,511,3,0.9844776321321993,True
14014,62.27,2,31.135,1.5,58,224,1,0.0,False
14016,121.06,2,60.53,2.5,116,160,2,0.0,False
14018,63.870000000000005,2,31.935000000000002,2.0,66,86,1,0.0,False
14020,6831.7596,3,2277.2532,1.6666666666666667,20,490,3,0.9917620052087315,True
14021,21.98,1,21.98,1.0,234,234,1,0.0,False
14022,1668.8975,2,834.44875,3.0,55,688,3,0.923021036342855,True
14023,1575.4175,2,787.70875,1.5,10,682,2,0.9936588237721112,True
14024,1902.8975,2,951.44875,2.5,269,676,2,0.9301223528855338,True
14026,1589.6975,2,794.84875,2.0,21,688,2,0.9847329444752854,True
14027,21.98,1,21.98,1.0,145,145,1,0.0,False
14032,6859.4296,3,2286.4765333333335,2.6666666666666665,12,513,3,0.9841167551307767,True
14033,6809.9596,3,2269.986533333333,1.6666666666666667,15,500,3,0.9912657337937806,True
14039,6808.128199999999,3,2269.3760666666662,2.0,25,503,2,0.988253746455597,True
14043,56.97,1,56.97,2.0,300,300,1,0.0,False
14045,6804.128200000001,3,2268.0427333333337,1.6666666666666667,5,507,3,0.9888347194869139,True
14046,5645.2396,3,1881.7465333333332,1.6666666666666667,136,509,3,0.9886665572175184,True
14047,5643.5396,3,1881.1798666666666,1.6666666666666667,139,517,2,0.9933942166366655,True
14048,5123.7396,3,1707.9132,1.6666666666666667,22,500,2,0.9970763541535171,True
14050,5650.2396,3,1883.4132,1.6666666666666667,148,509,3,0.9922162592892522,True
14052,86.25999999999999,2,43.129999999999995,2.0,208,334,2,0.0,False
14053,86.25999999999999,2,43.129999999999995,2.0,325,327,2,0.0,False
14056,49.48,2,24.74,1.0,169,235,2,0.0,False
14057,64.97,1,64.97,3.0,117,117,1,0.0,False
14061,82.26,2,41.13,2.0,275,306,2,0.0,False
14065,5608.5496,3,1869.5165333333334,1.3333333333333333,142,511,2,0.9995916947939624,True
14066,3612.1882,3,1204.0627333333334,2.6666666666666665,143,496,2,0.9858119241959765,True
14067,114.96000000000001,2,57.480000000000004,2.0,136,263,2,0.0,False
14070,5618.9282,3,1872.9760666666668,1.3333333333333333,140,500,2,0.9937728337585805,True
14074,59.88,2,29.94,1.5,217,232,1,0.0,False
14075,56.97,1,56.97,2.0,251,251,1,0.0,False
14079,184.73999999999998,3,61.57999999999999,2.6666666666666665,27,336,2,0.0,False
14080,1848.9075,2,924.45375,2.0,268,652,2,0.9572828819181057,True
14081,3451.7375,2,1725.86875,1.5,315,648,2,0.9976968121127404,True
14082,21.98,1,21.98,1.0,16,16,1,0.0,False
14083,2751.4175,2,1375.70875,1.5,289,658,2,0.9818311833809301,True
14086,31.27,1,31.27,3.0,69,69,1,0.0,False
14089,1893.9075,2,946.95375,2.0,257,660,2,0.9345374576107861,True
14091,251.20000000000002,5,50.24,2.2,147,333,2,0.0,False
14093,30.97,1,30.97,2.0,129,129,2,0.0,False
14094,21.98,1,21.98,1.0,248,248,1,0.0,False
14099,200.26,3,66.75333333333333,1.6666666666666667,107,288,2,0.0,False
14100,226.26,3,75.42,1.6666666666666667,24,201,1,0.0,False
14101,3679.8982,3,1226.6327333333334,2.3333333333333335,139,490,3,0.9676730187807915,True
14103,3612.2196000000004,3,1204.0732,2.3333333333333335,113,514,2,0.9919827687109612,True
14104,1889.9075,2,944.95375,2.0,273,637,2,0.9365154114685507,True
14107,819.46,1,819.46,4.0,286,286,2,0.9390208185878505,False
14108,839.48,1,839.48,2.0,266,266,2,0.9166269595463858,False
14109,2701.4275,2,1350.71375,1.0,137,611,1,1.0,True
14110,819.46,1,819.46,4.0,251,251,2,0.9390208185878505,False
14111,76.97,1,76.97,2.0,152,152,1,0.0,False
14116,3317.4075,2,1658.70375,1.5,192,587,2,0.993374344273352,True
14118,4741.34,2,2370.67,2.0,103,244,2,0.9921372439015129,False
14119,148.94,3,49.64666666666667,2.3333333333333335,63,250,2,0.0,False
14121,3319.6975,2,1659.84875,2.0,205,580,2,0.9926890929068085,True
14125,3772.4096,2,1886.2048,1.0,320,497,1,1.0,True
14127,3809.5681999999997,2,1904.7840999999999,2.0,294,505,3,0.9843866819341889,True
14129,3750.0882,2,1875.0441,1.0,259,516,1,1.0,True
14130,3814.0582,2,1907.0291,2.5,246,514,2,0.9832278385264285,True
14134,3835.0681999999997,2,1917.5340999999999,2.0,241,516,3,0.9778413327825566,True
14135,86.96,1,86.96,3.0,256,256,1,0.0,False
14137,4397.75,2,2198.875,1.5,184,917,2,0.9886328236029789,True
14140,4397.75,2,2198.875,1.5,180,938,2,0.9886328236029789,True
14145,24.27,1,24.27,2.0,327,327,1,0.0,False
14153,48.97,1,48.97,3.0,233,233,2,0.0,False
14156,229.57,2,114.785,2.5,46,323,1,0.0,False
14157,6650.6,3,2216.866666666667,1.3333333333333333,63,995,2,0.9947388205575437,True
14158,5976.74,2,2988.37,2.5,71,997,3,0.9868690958616236,True
14160,6679.700000000001,3,2226.566666666667,2.6666666666666665,82,860,2,0.963853167058401,True
14161,6497.209999999999,3,2165.736666666666,2.3333333333333335,57,879,3,0.9909253356440689,True
14164,6484.71,3,2161.57,2.3333333333333335,25,870,2,0.9889802319610285,True
14167,4406.74,2,2203.37,2.0,145,869,2,0.9866159564666852,True
14171,6615.700000000001,3,2205.2333333333336,3.3333333333333335,18,875,3,0.9693985519295012,True
14173,38.88,1,38.88,3.0,219,219,1,0.0,False
14176,121.57,1,121.57,4.0,203,203,2,0.0,False
14178,86.58,1,86.58,3.0,36,36,2,0.0,False
14182,32.6,1,32.6,1.0,119,119,1,0.0,False
14184,105.24000000000001,2,52.620000000000005,3.0,154,270,2,0.0,False
14185,9523.002499999999,4,2380.7506249999997,3.25,152,653,3,0.9769999010291136,True
14186,9796.32,4,2449.08,2.5,140,650,2,0.979016610318977,True
14188,32.6,1,32.6,1.0,163,163,1,0.0,False
14189,8317.32,3,2772.44,1.3333333333333333,203,866,2,0.9957931160518052,True
14190,36.59,1,36.59,2.0,167,167,1,0.0,False
14192,9451.912499999999,4,2362.9781249999996,2.5,149,649,3,0.9869931085375581,True
14193,36.59,1,36.59,2.0,221,221,1,0.0,False
14194,168.93,2,84.465,3.5,94,292,2,0.0,False
14195,8316.29,3,2772.096666666667,2.3333333333333335,148,983,2,0.9929103001458585,True
14198,8308.59,3,2769.53,2.3333333333333335,206,868,2,0.9938304814655675,True
14199,118.94,2,59.47,3.0,128,210,1,0.0,False
14203,7081.4625,3,2360.4874999999997,3.0,121,669,3,0.9771855037006834,True
14204,71.58,1,71.58,3.0,336,336,1,0.0,False
14205,32.6,1,32.6,1.0,286,286,1,0.0,False
14209,193.97,3,64.65666666666667,1.3333333333333333,50,312,1,0.0,False
14210,5621.2396,3,1873.7465333333332,1.6666666666666667,124,505,2,0.9973351073667097,True
14212,82.26,2,41.13,2.0,205,233,2,0.0,False
14214,5759.868199999999,3,1919.9560666666664,2.3333333333333335,148,503,2,0.9651155212197391,True
14216,5653.9182,3,1884.6394,1.6666666666666667,149,510,2,0.9876227427556346,True
14217,139.45,2,69.725,2.5,179,296,2,0.0,False
14222,82.26,2,41.13,2.0,16,134,2,0.0,False
14223,155.94,2,77.97,2.5,196,209,2,0.0,False
14225,5603.9182,3,1867.9727333333333,1.6666666666666667,126,486,2,0.9919734731317099,True
14226,5656.2396,3,1885.4132,2.0,115,485,2,0.9867438430295634,True
14232,77.27000000000001,2,38.635000000000005,1.5,232,275,2,0.0,False
14233,78.97,2,39.485,1.5,157,180,2,0.0,False
14235,5682.1996,3,1894.0665333333334,2.6666666666666665,77,463,2,0.9822357525068287,True
14237,90.25,2,45.125,2.5,141,267,2,0.0,False
14238,5642.8982,3,1880.9660666666666,2.3333333333333335,71,473,3,0.9895514684280501,True
14242,3351.3975,2,1675.69875,2.0,210,566,3,0.9907590788618779,True
14243,71.97,1,71.97,2.0,268,268,2,0.0,False
14244,154.95999999999998,3,51.65333333333333,1.6666666666666667,10,256,2,0.0,False
14245,56.97,1,56.97,2.0,334,334,1,0.0,False
14246,71.97,1,71.97,2.0,303,303,2,0.0,False
14251,71.97,1,71.97,2.0,54,54,2,0.0,False
14254,81.46,1,81.46,3.0,181,181,2,0.0,False
14259,3630.9282,3,1210.3093999999999,1.3333333333333333,107,470,2,0.9807239372015123,True
14261,5653.9182,3,1884.6394,1.6666666666666667,44,477,2,0.9876227427556346,True
14264,5217.729600000001,3,1739.2432000000001,2.3333333333333335,118,471,2,0.9839067934835106,True
14266,56.97,1,56.97,2.0,306,306,1,0.0,False
14268,2736.4175,2,1368.20875,1.5,64,551,2,0.9872132085107628,True
14270,1794.1975,2,897.09875,2.0,233,557,2,0.9864730610760521,True
14272,2765.3975,2,1382.69875,2.5,80,570,2,0.9768677016595265,True
14277,5196.7396,3,1732.2465333333332,1.6666666666666667,115,465,2,0.987880862839462,True
14282,166.24,4,41.56,1.75,7,298,2,0.0,False
14285,1804.9175,2,902.45875,1.5,237,579,2,0.9806140723883502,True
14286,5234.3982,3,1744.7993999999999,2.3333333333333335,118,460,3,0.9765092384450234,True
14287,5141.4282,3,1713.8094,1.3333333333333333,123,477,2,0.9893045282631779,True
14288,3351.3975,2,1675.69875,2.0,196,578,3,0.9907590788618779,True
14289,3376.8875,2,1688.44375,2.5,201,577,3,0.9758771946059798,True
14291,258.43999999999994,3,86.14666666666665,2.6666666666666665,136,335,2,0.0,False
14293,46.47,1,46.47,2.0,134,134,2,0.0,False
14296,45.95,1,45.95,4.0,216,216,2,0.0,False
14299,5108.759599999999,3,1702.9198666666664,1.0,116,479,1,1.0,True
14300,5322.729600000001,3,1774.2432000000001,2.6666666666666665,93,472,2,0.9598007007532376,True
14301,5142.7496,3,1714.2498666666668,1.3333333333333333,100,485,2,0.9982519078898962,True
14302,5140.729600000001,3,1713.5765333333336,1.6666666666666667,111,489,2,0.9937810383957951,True
14304,3595.9282,3,1198.6427333333334,1.3333333333333333,70,460,2,0.9902695498758847,True
14306,3653.2296,3,1217.7432000000001,2.0,90,482,2,0.9808470839062512,True
14308,5140.3982,3,1713.4660666666666,2.3333333333333335,115,472,2,0.9943661952103245,True
14309,99.47,2,49.735,1.5,56,308,2,0.0,False
14310,5200.6596,3,1733.5532,3.0,106,469,2,0.9823291645544346,True
14312,191.27,3,63.75666666666667,1.3333333333333333,148,315,1,0.0,False
14313,222.44,3,74.14666666666666,2.3333333333333335,39,143,2,0.0,False
14316,3797.3682,3,1265.7894,3.3333333333333335,66,487,3,0.9377384579140894,True
14317,81.26,2,40.63,2.0,52,328,2,0.0,False
14318,138.45,2,69.225,2.5,127,294,2,0.0,False
14320,261.95,2,130.975,3.0,103,165,2,0.0,False
14321,27.28,1,27.28,2.0,46,46,1,0.0,False
14322,5111.4382,3,1703.8127333333332,1.0,112,486,1,1.0,True
14323,5222.0196000000005,3,1740.6732000000002,2.3333333333333335,97,473,2,0.9830984931577048,True
14325,5152.698200000001,3,1717.566066666667,2.3333333333333335,73,462,3,0.987140717847593,True
14328,308.65999999999997,5,61.73199999999999,3.0,88,311,2,0.0,False
14331,56.97,1,56.97,2.0,98,98,1,0.0,False
14332,102.25,4,25.5625,1.5,122,207,1,0.0,False
14333,81.46,1,81.46,3.0,33,33,2,0.0,False
14341,175.14999999999998,3,58.383333333333326,3.6666666666666665,74,173,2,0.0,False
14343,1839.9175,2,919.95875,1.5,243,499,2,0.9619602509351642,True
14344,126.94999999999999,2,63.474999999999994,2.5,8,255,2,0.0,False
14345,3639.9182,3,1213.3060666666668,1.6666666666666667,13,487,2,0.978301710186784,True
14350,71.95,1,71.95,4.0,103,103,1,0.0,False
14352,85.48,1,85.48,2.0,173,173,2,0.0,False
14353,128.84,3,42.946666666666665,2.6666666666666665,269,289,1,0.0,False
14354,2755.4175,2,1377.70875,1.5,61,493,2,0.9804058731571532,True
14355,1804.9175,2,902.45875,1.5,230,503,2,0.9806140723883502,True
14356,3352.3975,2,1676.19875,2.0,207,494,2,0.9830061918373344,True
14357,3337.7075,2,1668.85375,2.5,202,491,2,0.9873326227657757,True
14360,85.48,1,85.48,2.0,67,67,2,0.0,False
14363,192.33999999999997,3,64.11333333333333,3.0,43,245,2,0.0,False
14364,1893.9075,2,946.95375,2.0,198,504,2,0.9345374576107861,True
14365,1804.9175,2,902.45875,1.5,186,517,2,0.9806140723883502,True
14367,1839.9175,2,919.95875,1.5,204,483,2,0.9619602509351642,True
14369,46.47,1,46.47,2.0,177,177,2,0.0,False
14370,122.56000000000002,3,40.85333333333334,2.0,158,170,1,0.0,False
14371,87.25999999999999,2,43.629999999999995,2.5,14,290,1,0.0,False
14372,24.27,1,24.27,2.0,202,202,1,0.0,False
14378,1809.3975,2,904.69875,2.5,212,469,3,0.9781861089119445,True
14379,1854.9075,2,927.45375,2.0,213,466,3,0.9541863947393603,True
14382,3373.9075,2,1686.95375,2.5,201,484,3,0.976739137039175,True
14383,56.97,1,56.97,2.0,141,141,1,0.0,False
14385,1777.8775,2,888.93875,1.5,192,438,2,0.9955283758301683,True
14391,21.98,1,21.98,1.0,97,97,1,0.0,False
14392,3295.4275,2,1647.71375,1.0,154,448,1,1.0,True
14393,31.97,1,31.97,2.0,92,92,1,0.0,False
14395,96.46,1,96.46,3.0,74,74,2,0.0,False
14398,1804.9175,2,902.45875,1.5,186,444,2,0.9806140723883502,True
14400,3357.3975,2,1678.69875,2.5,169,454,2,0.9815422511037195,True
14409,85.48,1,85.48,2.0,182,182,2,0.0,False
14412,3320.4275,2,1660.21375,1.0,177,429,1,1.0,True
14414,1793.8975,2,896.94875,2.5,184,442,3,0.9866380325520271,True
14419,3371.3975,2,1685.69875,2.0,167,413,3,0.9774663177510217,True
14420,3320.4275,2,1660.21375,1.0,182,399,1,1.0,True
14422,38.88,1,38.88,3.0,268,268,1,0.0,False
14425,8332.3,3,2777.433333333333,2.0,202,837,2,0.994002856354188,True
14427,8451.26,3,2817.0866666666666,3.3333333333333335,125,999,3,0.9800112645924988,True
14430,30.97,1,30.97,2.0,89,89,2,0.0,False
14435,80.96,1,80.96,3.0,140,140,2,0.0,False
14437,21.98,1,21.98,1.0,12,12,1,0.0,False
14438,3352.3975,2,1676.19875,2.0,157,418,2,0.9830061918373344,True
14439,3312.6975,2,1656.34875,2.5,164,423,2,0.9947867259235111,True
14440,3367.3775,2,1683.68875,3.0,164,426,2,0.9786332242227076,True
14443,21.98,1,21.98,1.0,284,284,1,0.0,False
14447,3385.3975,2,1692.69875,2.5,173,409,3,0.9808087528864781,True
14451,3362.7075,2,1681.35375,2.5,172,422,2,0.9874267981975834,True
14454,31.97,1,31.97,2.0,272,272,1,0.0,False
14455,218.93,3,72.97666666666667,2.6666666666666665,47,303,2,0.0,False
14456,3405.9075,2,1702.95375,2.0,182,426,3,0.9749024305563202,True
14458,133.95,3,44.65,2.0,107,166,2,0.0,False
14459,4775.01,2,2387.505,3.0,107,199,2,0.9851413923740474,False
14463,67.93,1,67.93,3.0,297,297,1,0.0,False
14464,3357.7175,2,1678.85875,2.0,180,380,2,0.9888942414005943,True
14465,7.28,1,7.28,2.0,325,325,1,0.0,False
14466,90.47,1,90.47,3.0,78,78,2,0.0,False
14467,39.98,1,39.98,2.0,234,234,1,0.0,False
14468,7.28,1,7.28,2.0,322,322,1,0.0,False
14471,3355.4275,2,1677.71375,1.5,172,394,2,0.9895691383586741,True
14477,3342.4075,2,1671.20375,1.5,156,391,2,0.9934239017833703,True
14478,4795.01,2,2397.505,3.0,117,204,2,0.9810323648960065,False
14480,194.94,3,64.98,2.3333333333333335,59,140,2,0.0,False
14483,39.98,1,39.98,2.0,228,228,1,0.0,False
14485,3312.6975,2,1656.34875,2.5,171,377,2,0.9947867259235111,True
14486,3310.4075,2,1655.20375,2.0,183,397,2,0.9954748773376089,True
14487,39.98,1,39.98,2.0,204,204,1,0.0,False
14489,39.98,1,39.98,2.0,64,64,1,0.0,False
14491,127.28,1,127.28,3.0,218,218,1,0.0,False
14493,54.96,1,54.96,4.0,25,25,1,0.0,False
14497,804.48,1,804.48,2.0,212,212,2,0.9565060660302307,False
14498,3394.3875,2,1697.19375,3.0,174,396,3,0.9782110911025924,True
14499,15.23,1,15.23,3.0,61,61,1,0.0,False
14505,61.96,1,61.96,3.0,319,319,1,0.0,False
14506,39.98,1,39.98,2.0,47,47,1,0.0,False
14508,54.98,1,54.98,2.0,216,216,2,0.0,False
14510,3036.3682,2,1518.1841,2.5,160,1073,2,0.9860754700302816,True
14512,39.98,1,39.98,2.0,327,327,1,0.0,False
14513,4.99,1,4.99,1.0,71,71,1,0.0,False
14515,56.97,1,56.97,2.0,76,76,1,0.0,False
14516,78.98,2,39.49,1.0,170,312,2,0.0,False
14517,82.97,2,41.485,1.5,71,173,2,0.0,False
14519,80.96,1,80.96,3.0,292,292,2,0.0,False
14526,29.48,1,29.48,2.0,198,198,2,0.0,False
14527,4.99,1,4.99,1.0,50,50,1,0.0,False
14529,254.06,2,127.03,3.0,8,261,2,0.0,False
14532,21.98,1,21.98,1.0,290,290,1,0.0,False
14534,36.96,1,36.96,3.0,56,56,1,0.0,False
14540,156.25,2,78.125,2.5,118,296,2,0.0,False
14542,115.25,2,57.625,2.5,86,164,2,0.0,False
14544,39.98,1,39.98,2.0,233,233,1,0.0,False
14545,78.98,1,78.98,2.0,261,261,1,0.0,False
14546,28.99,1,28.99,1.0,287,287,1,0.0,False
14547,192.95,2,96.475,2.5,7,37,2,0.0,False
14549,74.98,1,74.98,3.0,136,136,1,0.0,False
14550,48.97,1,48.97,3.0,114,114,2,0.0,False
14551,111.96,1,111.96,4.0,10,10,2,0.0,False
14552,103.97,2,51.985,1.5,39,69,2,0.0,False
14554,178.45,2,89.225,2.5,143,267,2,0.0,False
14556,19.97,1,19.97,3.0,95,95,1,0.0,False
14565,1503.5782,2,751.7891,1.5,190,1061,2,0.9767288458957439,True
14570,39.98,1,39.98,2.0,239,239,1,0.0,False
14571,89.97,1,89.97,3.0,131,131,2,0.0,False
14572,3016.0681999999997,2,1508.0340999999999,1.5,161,1048,2,0.9927123663848185,True
14574,177.60000000000002,3,59.20000000000001,3.6666666666666665,34,190,2,0.0,False
14578,848.47,1,848.47,3.0,185,185,2,0.9069147995804212,False
14586,233.94,3,77.98,2.3333333333333335,10,41,2,0.0,False
14590,1597.5582,2,798.7791,2.5,169,1017,2,0.919270546763179,True
14591,1500.8682,2,750.4341,2.0,174,998,2,0.9784924485707672,True
14592,4.99,1,4.99,1.0,211,211,1,0.0,False
14593,7.28,1,7.28,2.0,196,196,1,0.0,False
14595,39.98,1,39.98,2.0,61,61,1,0.0,False
14603,3034.0681999999997,2,1517.0340999999999,2.0,155,998,2,0.9950627345819058,True
14605,4750.01,2,2375.005,3.0,81,186,2,0.9850631893406541,False
14606,4716.02,2,2358.01,2.5,75,194,2,0.9921628831090623,False
14609,4.99,1,4.99,1.0,194,194,1,0.0,False
14611,304.55,3,101.51666666666667,2.6666666666666665,78,117,2,0.0,False
14612,39.98,1,39.98,2.0,26,26,1,0.0,False
14614,1645.5482000000002,2,822.7741000000001,3.0,165,947,2,0.892461369408687,True
14616,1538.5782,2,769.2891,1.5,176,949,2,0.9545099495105286,True
14618,39.98,1,39.98,2.0,91,91,1,0.0,False
14619,39.98,1,39.98,2.0,69,69,1,0.0,False
14621,103.48,1,103.48,3.0,10,10,2,0.0,False
14622,28.96,1,28.96,4.0,231,231,2,0.0,False
14625,7.28,1,7.28,2.0,62,62,1,0.0,False
14626,197.04,3,65.67999999999999,2.6666666666666665,7,269,2,0.0,False
14629,4.99,1,4.99,1.0,298,298,1,0.0,False
14631,848.47,1,848.47,3.0,167,167,2,0.9069147995804212,False
14632,84.97,2,42.485,2.0,9,304,1,0.0,False
14633,242.5,3,80.83333333333333,3.6666666666666665,60,317,2,0.0,False
14634,1538.5782,2,769.2891,1.5,157,945,2,0.9545099495105286,True
14635,37.21,1,37.21,4.0,144,144,1,0.0,False
14638,26.97,1,26.97,2.0,12,12,1,0.0,False
14639,1547.5682000000002,2,773.7841000000001,2.0,168,960,2,0.9489650924592532,True
14640,812.42,1,812.42,4.0,156,156,2,0.9471578740060559,False
14644,7.28,1,7.28,2.0,323,323,1,0.0,False
14645,1538.5782,2,769.2891,1.5,135,920,2,0.9545099495105286,True
14647,1588.5682000000002,2,794.2841000000001,2.0,129,924,2,0.924472868083347,True
14651,1588.5682000000002,2,794.2841000000001,2.0,138,937,2,0.924472868083347,True
14653,1547.5682000000002,2,773.7841000000001,2.0,147,889,2,0.9489650924592532,True
14654,7.28,1,7.28,2.0,273,273,1,0.0,False
14656,3084.0582,2,1542.0291,2.5,170,901,3,0.9789336011882008,True
14660,1588.5682000000002,2,794.2841000000001,2.0,142,895,2,0.924472868083347,True
14662,1602.0782,2,801.0391,2.0,141,889,2,0.916676976192548,True
14663,104.95,1,104.95,5.0,44,44,2,0.0,False
14664,3100.5481999999997,2,1550.2740999999999,2.5,164,884,3,0.9737272266884934,True
14665,81.26,2,40.63,2.0,170,191,2,0.0,False
14666,5199.9182,3,1733.3060666666668,2.0,81,476,3,0.9781765797777359,True
14669,90.25,2,45.125,2.5,30,115,2,0.0,False
14671,2934.3696,2,1467.1848,3.0,142,461,3,0.9681498881395175,True
14672,5237.7196,3,1745.9065333333335,2.6666666666666665,45,460,3,0.9801516675310379,True
14674,142.47,2,71.235,2.0,43,122,2,0.0,False
14675,187.98,1,187.98,3.0,206,206,1,0.0,False
14678,49.99,1,49.99,1.0,314,314,1,0.0,False
14680,49.99,1,49.99,1.0,32,32,1,0.0,False
14681,5178.3982,3,1726.1327333333331,2.0,55,488,2,0.9870693605601827,True
14682,138.45,2,69.225,2.5,24,227,2,0.0,False
14690,128.97,1,128.97,4.0,10,10,2,0.0,False
14691,89.97,1,89.97,3.0,119,119,2,0.0,False
14692,36.27,1,36.27,3.0,49,49,1,0.0,False
14694,156.94,2,78.47,3.0,209,298,2,0.0,False
14697,6684.58,3,2228.193333333333,2.0,91,946,2,0.9896822238644762,True
14698,60.95,1,60.95,4.0,18,18,2,0.0,False
14700,5904.23,2,2952.115,2.0,76,948,3,0.9947546081368782,True
14701,3001.0225,2,1500.51125,2.5,86,656,2,0.9833490085462541,True
14703,42.28,1,42.28,3.0,316,316,1,0.0,False
14705,5875.55,2,2937.775,1.5,63,963,2,0.9996102492532614,True
14709,4397.75,2,2198.875,1.5,113,838,2,0.9886328236029789,True
14711,71.97,1,71.97,2.0,278,278,2,0.0,False
14713,6461.71,3,2153.903333333333,2.3333333333333335,26,841,3,0.9925004371907747,True
14714,5386.28,3,1795.4266666666665,2.6666666666666665,3,617,3,0.9799583385936121,True
14715,31.27,1,31.27,3.0,88,88,1,0.0,False
14720,5900.55,2,2950.275,1.5,66,961,2,0.9996119005855386,True
14721,4.99,1,4.99,1.0,18,18,1,0.0,False
14722,1468.5882000000001,2,734.2941000000001,1.0,148,883,1,1.0,True
14726,1483.5682000000002,2,741.7841000000001,2.0,131,889,2,0.989902722368948,True
14729,4.99,1,4.99,1.0,170,170,1,0.0,False
14731,2435.0782,2,1217.5391,1.5,22,858,2,0.9856308516087903,True
14732,2450.0782,2,1225.0391,1.5,26,879,2,0.9795965696115333,True
14734,1854.5782,2,927.2891,1.5,305,877,2,0.981133176266172,True
14735,1854.5782,2,927.2891,1.5,287,877,2,0.981133176266172,True
14736,85.48,1,85.48,2.0,304,304,2,0.0,False
14738,1503.5782,2,751.7891,1.5,121,841,2,0.9767288458957439,True
14741,1588.5682000000002,2,794.2841000000001,2.0,102,838,2,0.924472868083347,True
14743,64.47,1,64.47,3.0,177,177,2,0.0,False
14744,1505.8582000000001,2,752.9291000000001,2.5,100,852,2,0.9752499936581014,True
14746,1588.5682000000002,2,794.2841000000001,2.0,108,846,2,0.924472868083347,True
14748,124.99,1,124.99,2.0,152,152,1,0.0,False
14749,98.96,1,98.96,4.0,289,289,2,0.0,False
14753,1468.5882000000001,2,734.2941000000001,1.0,98,821,1,1.0,True
14756,1588.5682000000002,2,794.2841000000001,2.0,118,796,2,0.924472868083347,True
14757,1538.5782,2,769.2891,1.5,113,804,2,0.9545099495105286,True
14760,167.26000000000002,3,55.75333333333334,1.6666666666666667,18,208,2,0.0,False
14761,39.98,1,39.98,2.0,330,330,1,0.0,False
14762,4.99,1,4.99,1.0,186,186,1,0.0,False
14764,7.28,1,7.28,2.0,23,23,1,0.0,False
14765,84.97,2,42.485,2.0,114,126,1,0.0,False
14767,29.93,1,29.93,2.0,92,92,1,0.0,False
14769,4397.75,2,2198.875,1.5,90,848,2,0.9886328236029789,True
14771,6689.58,3,2229.86,2.0,74,926,2,0.9926796600085507,True
14777,5923.23,2,2961.615,2.5,68,942,2,0.9915637245219248,True
14781,56.97,1,56.97,2.0,15,15,1,0.0,False
14782,66.96,1,66.96,3.0,314,314,1,0.0,False
14783,158.95999999999998,2,79.47999999999999,2.0,99,107,2,0.0,False
14786,66.96,1,66.96,3.0,141,141,1,0.0,False
14790,7004.5725,3,2334.8575,2.6666666666666665,196,621,3,0.9794491384020939,True
14791,7210.85,3,2403.616666666667,3.0,191,611,3,0.987735149115569,True
14793,5948.24,2,2974.12,2.5,69,936,2,0.9873945906688366,True
14798,3001.0425,2,1500.52125,1.5,39,629,2,0.9833424551634974,True
14799,162.95,2,81.475,2.5,232,315,2,0.0,False
14801,4382.74,2,2191.37,2.0,50,823,2,0.9920186915034888,True
14804,138.95999999999998,2,69.47999999999999,2.0,155,245,2,0.0,False
14805,101.46,1,101.46,3.0,191,191,2,0.0,False
14807,39.98,1,39.98,2.0,99,99,1,0.0,False
14808,164.2,2,82.1,3.0,51,204,2,0.0,False
14809,115.25,2,57.625,2.5,150,303,2,0.0,False
14810,39.99,1,39.99,2.0,209,209,1,0.0,False
14813,3341.81,2,1670.905,2.5,16,586,2,0.9614071416388127,True
14815,63.97,1,63.97,3.0,46,46,1,0.0,False
14819,4355.71,2,2177.855,1.5,39,814,2,0.9981748096177202,True
14820,37.27,1,37.27,3.0,319,319,1,0.0,False
14822,4397.75,2,2198.875,1.5,37,814,2,0.9886328236029789,True
14825,61.45,1,61.45,4.0,194,194,2,0.0,False
14827,4467.74,2,2233.87,2.0,19,815,2,0.9731452591243,True
14828,75.97,1,75.97,2.0,260,260,2,0.0,False
14830,8346.28,3,2782.0933333333337,2.6666666666666665,214,797,2,0.9923379038326058,True
14831,5912.73,2,2956.365,2.5,47,917,3,0.9933245725747668,True
14835,80.96,1,80.96,3.0,204,204,2,0.0,False
14836,115.25,2,57.625,2.5,134,307,2,0.0,False
14837,116.95,1,116.95,4.0,43,43,2,0.0,False
14838,4414.72,2,2207.36,2.5,6,776,2,0.9848325601623661,True
14840,157.96,2,78.98,2.0,109,312,2,0.0,False
14841,85.48,1,85.48,2.0,119,119,2,0.0,False
14842,99.94,1,99.94,5.0,297,297,2,0.0,False
14844,85.48,1,85.48,2.0,76,76,2,0.0,False
14845,7.28,1,7.28,2.0,317,317,1,0.0,False
14847,6725.57,3,2241.8566666666666,2.3333333333333335,41,893,2,0.9873676134513507,True
14849,56.97,1,56.97,2.0,273,273,1,0.0,False
14853,37.97,2,18.985,1.5,28,135,2,0.0,False
14857,87.97,2,43.985,1.5,219,313,2,0.0,False
14858,196.97,2,98.485,2.0,58,302,2,0.0,False
14860,67.25999999999999,2,33.629999999999995,2.0,189,256,1,0.0,False
14861,5976.74,2,2988.37,2.5,58,895,3,0.9868690958616236,True
14864,69.97,1,69.97,3.0,83,83,1,0.0,False
14865,29.99,1,29.99,1.0,279,279,1,0.0,False
14866,31.27,1,31.27,3.0,326,326,1,0.0,False
14867,839.48,1,839.48,2.0,171,171,2,0.9166269595463858,False
14870,85.95,1,85.95,4.0,336,336,2,0.0,False
14871,848.47,1,848.47,3.0,128,128,2,0.9069147995804212,False
14872,71.97,1,71.97,2.0,217,217,2,0.0,False
14874,804.48,1,804.48,2.0,113,113,2,0.9565060660302307,False
14875,839.48,1,839.48,2.0,104,104,2,0.9166269595463858,False
14876,12.94,1,12.94,2.0,232,232,1,0.0,False
14877,889.47,1,889.47,3.0,114,114,2,0.8651106838904067,False
14879,1613.0582,2,806.5291,2.5,70,803,2,0.9104372055515417,True
14881,1854.5782,2,927.2891,1.5,68,789,2,0.981133176266172,True
14883,1828.5782,2,914.2891,1.5,53,791,2,0.9950836119559995,True
14885,1155.48,1,1155.48,2.0,87,87,2,0.9697182123446533,False
14886,539.99,1,539.99,1.0,280,280,1,1.0,False
14889,21.98,1,21.98,1.0,84,84,1,0.0,False
14890,21.98,1,21.98,1.0,199,199,1,0.0,False
14891,1498.5782,2,749.2891,1.5,77,778,2,0.979987697672367,True
14893,839.48,1,839.48,2.0,87,87,2,0.9166269595463858,False
14895,1503.5782,2,751.7891,1.5,82,791,2,0.9767288458957439,True
14897,196.26999999999998,3,65.42333333333333,3.6666666666666665,92,294,2,0.0,False
14899,4.99,1,4.99,1.0,200,200,1,0.0,False
14902,1538.5782,2,769.2891,1.5,90,778,2,0.9545099495105286,True
14905,163.99,1,163.99,2.0,102,102,1,0.0,False
14906,143.95,2,71.975,3.0,63,127,2,0.0,False
14907,127.28,1,127.28,3.0,122,122,1,0.0,False
14908,39.98,1,39.98,2.0,253,253,1,0.0,False
14909,4.99,1,4.99,1.0,309,309,1,0.0,False
14910,839.48,1,839.48,2.0,64,64,2,0.9166269595463858,False
14911,867.97,1,867.97,4.0,72,72,3,0.8865398573683422,False
14912,1547.5682000000002,2,773.7841000000001,2.0,78,793,2,0.9489650924592532,True
14914,1592.5682000000002,2,796.2841000000001,2.0,67,740,2,0.922150900664725,True
14915,1538.5782,2,769.2891,1.5,63,751,2,0.9545099495105286,True
14919,7.28,1,7.28,2.0,244,244,1,0.0,False
14920,4.99,1,4.99,1.0,255,255,1,0.0,False
14924,39.98,1,39.98,2.0,292,292,1,0.0,False
14925,2721.5525,2,1360.77625,1.0,276,585,1,1.0,True
14927,4190.23,2,2095.115,2.0,340,776,3,0.9828243318385865,True
14928,6706.57,3,2235.523333333333,2.0,60,884,3,0.9901648681814997,True
14929,6646.58,3,2215.5266666666666,1.6666666666666667,56,896,3,0.9953404608084159,True
14935,29.93,1,29.93,2.0,295,295,1,0.0,False
14936,95.94,1,95.94,5.0,137,137,2,0.0,False
14939,8367.3,3,2789.1,2.3333333333333335,186,774,2,0.9868571701743694,True
14940,8367.55,3,2789.183333333333,2.6666666666666665,167,775,2,0.9898154178941265,True
14946,2778.5225,2,1389.26125,2.0,199,566,2,0.9794962970427629,True
14947,6658.58,3,2219.5266666666666,2.0,53,912,3,0.9935466721132735,True
14951,4153.25,2,2076.625,1.5,328,769,2,0.9915752723770541,True
14952,4153.25,2,2076.625,1.5,286,767,2,0.9915752723770541,True
14955,103.97,2,51.985,1.5,136,175,2,0.0,False
14956,4145.54,2,2072.77,2.0,287,782,2,0.9934194338976347,True
14958,29.48,1,29.48,2.0,1,1,2,0.0,False
14959,39.98,1,39.98,2.0,111,111,1,0.0,False
14963,39.98,1,39.98,2.0,51,51,1,0.0,False
14964,48.97,1,48.97,3.0,32,32,2,0.0,False
14966,2746.5525,2,1373.27625,1.0,161,573,1,1.0,True
14968,48.97,1,48.97,3.0,153,153,2,0.0,False
14969,4118.26,2,2059.13,1.0,240,751,1,1.0,True
14970,158.95999999999998,2,79.47999999999999,2.0,33,233,2,0.0,False
14971,39.98,1,39.98,2.0,210,210,1,0.0,False
14972,56.97,1,56.97,2.0,19,19,1,0.0,False
14973,29.93,1,29.93,2.0,311,311,1,0.0,False
14978,4209.21,2,2104.605,3.0,196,739,3,0.9783926199928256,True
14981,71.27000000000001,2,35.635000000000005,2.0,221,221,1,0.0,False
14982,152.45,2,76.225,3.5,271,295,2,0.0,False
14985,29.98,1,29.98,2.0,291,291,1,0.0,False
14987,24.99,1,24.99,1.0,206,206,1,0.0,False
14988,36.27,1,36.27,3.0,188,188,1,0.0,False
14989,32.27,1,32.27,3.0,191,191,1,0.0,False
14990,4173.19,2,2086.595,2.0,193,761,2,0.9928280284386766,True
14994,29.98,1,29.98,2.0,214,214,1,0.0,False
14995,2832.0325000000003,2,1416.0162500000001,2.0,162,551,3,0.9698167305636499,True
14996,21.98,1,21.98,1.0,183,183,1,0.0,False
14998,3058.31,2,1529.155,2.5,145,574,2,0.9836609107644421,True
15000,46.47,1,46.47,2.0,309,309,2,0.0,False
15002,2781.5425,2,1390.77125,1.5,140,561,2,0.9874206487946886,True
15003,3048.56,2,1524.28,3.0,133,569,2,0.9868068858739866,True
15005,1503.5782,2,751.7891,1.5,79,745,2,0.9767288458957439,True
15006,2994.0881999999997,2,1497.0440999999998,1.0,176,759,1,1.0,True
15007,209.83,3,69.94333333333334,3.0,47,309,2,0.0,False
15013,26.97,1,26.97,2.0,241,241,1,0.0,False
15015,3804.0782,2,1902.0391,1.5,209,453,2,0.9858073369785091,True
15018,112.46,2,56.23,2.0,308,322,2,0.0,False
15019,72.96,2,36.48,2.0,127,293,2,0.0,False
15020,40.26,2,20.13,2.0,41,160,2,0.0,False
15021,38.98,2,19.49,1.0,39,285,2,0.0,False
15023,3079.5681999999997,2,1539.7840999999999,2.0,157,746,3,0.9722428618401762,True
15024,78.96,2,39.48,2.0,60,265,2,0.0,False
15028,3826.3996,2,1913.1998,1.5,187,434,2,0.985890130241494,True
15029,3826.3996,2,1913.1998,1.5,203,451,2,0.985890130241494,True
15030,3786.3896000000004,2,1893.1948000000002,2.0,167,432,2,0.9963078284389965,True
15031,41.27,2,20.635,1.5,128,321,2,0.0,False
15032,3800.0782,2,1900.0391,1.5,155,450,2,0.9868450075580024,True
15036,3785.0782,2,1892.5391,1.5,138,441,2,0.9907558052565467,True
15037,3856.3796,2,1928.1898,2.5,132,434,2,0.9782256912675299,True
15040,3807.3996,2,1903.6998,1.5,127,435,2,0.9908100006103904,True
15041,3826.3996,2,1913.1998,1.5,146,431,2,0.985890130241494,True
15042,3807.3996,2,1903.6998,1.5,112,435,2,0.9908100006103904,True
15045,49.48,1,49.48,2.0,158,158,2,0.0,False
15046,5943.25,2,2971.625,2.0,13,896,2,0.9882236150254491,True
15050,4206.24,2,2103.12,2.0,183,735,2,0.9850270074936286,True
15051,6650.6,3,2216.866666666667,1.3333333333333333,30,874,2,0.9947388205575437,True
15052,44.57,2,22.285,2.0,34,320,1,0.0,False
15053,93.48,1,93.48,3.0,104,104,2,0.0,False
15054,4155.22,2,2077.61,2.5,175,755,2,0.9911051641068345,True
15055,4178.25,2,2089.125,1.5,164,761,2,0.99162568060791,True
15056,6749.05,3,2249.6833333333334,3.0,29,870,3,0.9802283284314091,True
15058,6639.58,3,2213.193333333333,2.0,26,873,3,0.9963898318869568,True
15059,6793.54,3,2264.5133333333333,3.3333333333333335,10,874,3,0.9774889085807991,True
15061,2781.5425,2,1390.77125,1.5,152,557,2,0.9874206487946886,True
15063,4133.24,2,2066.62,2.0,142,742,2,0.9963757246131365,True
15064,2992.33,2,1496.165,1.5,125,568,2,0.9969956522175029,True
15065,24.27,1,24.27,2.0,303,303,1,0.0,False
15066,24.99,1,24.99,1.0,132,132,1,0.0,False
15067,2803.5225,2,1401.76125,2.0,120,556,2,0.9796791358014784,True
15068,80.94,1,80.94,5.0,239,239,2,0.0,False
15069,71.95,1,71.95,4.0,302,302,1,0.0,False
15070,2770.8225,2,1385.41125,2.0,102,577,2,0.9912408680094088,True
15071,2746.5525,2,1373.27625,1.0,102,569,1,1.0,True
15072,2755.5425,2,1377.77125,1.5,98,569,2,0.9967374845425175,True
15076,96.46,1,96.46,3.0,12,12,2,0.0,False
15078,6675.6,3,2225.2000000000003,1.3333333333333333,5,879,2,0.994758523578405,True
15083,5888.24,2,2944.12,2.0,31,837,2,0.997455946089154,True
15084,6999.0925,3,2333.0308333333332,2.3333333333333335,156,708,3,0.9837878982168047,True
15086,6958.5725,3,2319.5241666666666,3.0,129,533,3,0.9859238371088325,True
15087,5917.24,2,2958.62,2.0,3,831,3,0.9925674807849606,True
15090,163.99,1,163.99,2.0,160,160,1,0.0,False
15091,39.98,1,39.98,2.0,238,238,1,0.0,False
15094,7108.8724999999995,3,2369.6241666666665,2.3333333333333335,43,548,3,0.9734177255253911,True
15095,7255.66,3,2418.5533333333333,2.0,21,533,2,0.993250786282709,True
15096,69.99,1,69.99,1.0,103,103,1,0.0,False
15097,8377.09,3,2792.3633333333332,3.0,149,837,3,0.9857038661396738,True
15099,90.58,1,90.58,3.0,200,200,2,0.0,False
15101,6943.5525,3,2314.5175,2.3333333333333335,164,726,2,0.9880565459827662,True
15102,97.35,2,48.675,3.0,35,76,2,0.0,False
15104,69.99,1,69.99,1.0,163,163,1,0.0,False
15105,119.98,1,119.98,2.0,303,303,1,0.0,False
15108,210.54,2,105.27,3.5,85,205,2,0.0,False
15110,69.99,1,69.99,1.0,3,3,1,0.0,False
15112,94.48,1,94.48,2.0,322,322,1,0.0,False
15115,94.48,1,94.48,2.0,173,173,1,0.0,False
15119,68.87,2,34.435,2.0,18,219,1,0.0,False
15120,5217.698200000001,3,1739.2327333333335,2.6666666666666665,54,449,2,0.9796346979210105,True
15122,5193.7196,3,1731.2398666666668,2.0,16,447,3,0.9836417815085745,True
15123,81.26,2,40.63,2.0,37,156,2,0.0,False
15127,5182.729600000001,3,1727.5765333333336,2.3333333333333335,26,443,2,0.9857275980595246,True
15131,81.26,2,40.63,2.0,133,143,2,0.0,False
15132,151.94,2,75.97,3.0,32,156,2,0.0,False
15133,5237.729600000001,3,1745.9098666666669,2.3333333333333335,5,432,2,0.9801497962017742,True
15134,5151.7096,3,1717.2365333333335,1.6666666666666667,31,433,2,0.9916629617476886,True
15136,62.27,2,31.135,1.5,113,334,1,0.0,False
15138,123.44999999999999,2,61.724999999999994,2.5,65,336,2,0.0,False
15140,62.27,2,31.135,1.5,63,329,1,0.0,False
15142,138.46,2,69.23,2.0,33,140,2,0.0,False
15144,4344.0882,2,2172.0441,1.0,83,452,1,1.0,True
15145,4368.6996,2,2184.3498,1.5,65,457,2,0.9994758165564874,True
15146,161.94,2,80.97,3.0,170,182,2,0.0,False
15150,4379.0782,2,2189.5391,1.5,90,429,2,0.9977186979670745,True
15154,84.98,1,84.98,2.0,283,283,2,0.0,False
15156,124.99,1,124.99,2.0,279,279,1,0.0,False
15158,39.98,1,39.98,2.0,320,320,1,0.0,False
15159,7.28,1,7.28,2.0,43,43,1,0.0,False
15161,7.28,1,7.28,2.0,310,310,1,0.0,False
15167,3180.9399999999996,2,1590.4699999999998,3.0,138,708,3,0.9754915213741853,True
15168,39.98,1,39.98,2.0,101,101,1,0.0,False
15169,2919.8896000000004,2,1459.9448000000002,2.0,112,455,2,0.9729510321212146,True
15171,4392.0182,2,2196.0091,2.5,88,456,2,0.994779165532602,True
15175,4850.33,2,2425.165,3.5,66,198,3,0.9646890005422311,False
15177,7.28,1,7.28,2.0,35,35,1,0.0,False
15180,4466.3896,2,2233.1948,2.5,69,449,2,0.9832123915029716,True
15181,4448.3796,2,2224.1898,2.0,85,447,2,0.9871930893667439,True
15182,4391.4096,2,2195.7048,1.0,64,434,1,1.0,True
15183,4368.6996,2,2184.3498,1.5,73,448,2,0.9994758165564874,True
15185,4393.6996,2,2196.8498,1.5,77,457,2,0.9994787991422991,True
15190,98.96,1,98.96,4.0,25,25,2,0.0,False
15191,1552.48,2,776.24,1.0,89,722,1,1.0,True
15194,3173.9399999999996,2,1586.9699999999998,3.0,134,712,3,0.9776429296079953,True
15196,3159.4399999999996,2,1579.7199999999998,2.5,148,703,3,0.9742169498392121,True
15198,7.28,1,7.28,2.0,326,326,1,0.0,False
15200,3142.9700000000003,2,1571.4850000000001,2.0,144,688,2,0.9872763659850397,True
15201,4793.02,2,2396.51,3.5,64,188,2,0.9814396768634391,False
15202,12.94,1,12.94,2.0,154,154,1,0.0,False
15205,4433.6896,2,2216.8448,2.5,64,446,2,0.9904639242223904,True
15206,98.96000000000001,2,49.480000000000004,2.0,71,213,1,0.0,False
15207,4446.399600000001,2,2223.1998000000003,1.5,64,457,2,0.9876326905031209,True
15212,68.96,2,34.48,2.0,9,261,1,0.0,False
15217,41.26,2,20.63,2.0,34,318,1,0.0,False
15219,4399.0782,2,2199.5391,1.5,90,418,2,0.9874996539047658,True
15221,4447.8696,2,2223.9348,2.5,69,416,3,0.9816856141645881,True
15226,4391.4096,2,2195.7048,1.0,74,414,1,1.0,True
15227,4469.5581999999995,2,2234.7790999999997,3.0,63,417,3,0.9719278742136082,True
15229,2833.5681999999997,2,1416.7840999999999,2.0,51,422,2,0.9947133794062202,True
15230,148.98,1,148.98,3.0,133,133,1,0.0,False
15233,59.980000000000004,2,29.990000000000002,1.0,102,177,1,0.0,False
15236,126.95,2,63.475,2.5,211,276,2,0.0,False
15240,73.96,2,36.98,2.0,19,168,1,0.0,False
15243,36.96,1,36.96,3.0,63,63,1,0.0,False
15245,30.97,1,30.97,2.0,153,153,2,0.0,False
15248,64.47,1,64.47,3.0,51,51,2,0.0,False
15252,1552.48,2,776.24,1.0,64,675,1,1.0,True
15253,78.96,2,39.48,2.0,43,148,2,0.0,False
15254,1624.45,2,812.225,2.0,79,700,3,0.9556957739542614,True
15255,1587.47,2,793.735,1.5,54,696,2,0.9779586385884458,True
15257,39.98,1,39.98,2.0,330,330,1,0.0,False
15258,4.99,1,4.99,1.0,96,96,1,0.0,False
15263,69.97,1,69.97,3.0,87,87,1,0.0,False
15264,38.98,2,19.49,1.0,118,285,2,0.0,False
15266,2935.3696,2,1467.6848,3.0,45,403,3,0.9678200659978221,True
15272,64.47,1,64.47,3.0,36,36,2,0.0,False
15274,114.46,1,114.46,4.0,226,226,2,0.0,False
15278,56.97,1,56.97,2.0,330,330,1,0.0,False
15279,56.97,1,56.97,2.0,89,89,1,0.0,False
15286,68.49,1,68.49,2.0,49,49,2,0.0,False
15288,1574.46,2,787.23,1.5,33,700,2,0.9860396580414872,True
15291,889.47,1,889.47,3.0,45,45,2,0.8651106838904067,False
15292,54.96,1,54.96,4.0,87,87,1,0.0,False
15295,7.28,1,7.28,2.0,201,201,1,0.0,False
15297,39.98,1,39.98,2.0,176,176,1,0.0,False
15305,15.23,1,15.23,3.0,253,253,1,0.0,False
15311,1622.47,2,811.235,1.5,56,662,2,0.9568620683279198,True
15312,1631.46,2,815.73,2.0,60,659,2,0.951589373935003,True
15314,1576.45,2,788.225,2.5,45,658,3,0.9847949506803261,True
15317,54.98,1,54.98,2.0,235,235,2,0.0,False
15318,39.98,1,39.98,2.0,29,29,1,0.0,False
15319,7.28,1,7.28,2.0,335,335,1,0.0,False
15321,3112.9799999999996,2,1556.4899999999998,1.5,146,644,2,0.9887567539785029,True
15322,3152.95,2,1576.475,2.5,133,652,2,0.9841513503227138,True
15324,50.94,1,50.94,5.0,13,13,2,0.0,False
15328,3199.4399999999996,2,1599.7199999999998,2.5,133,655,3,0.9698509739204362,True
15331,7.28,1,7.28,2.0,251,251,1,0.0,False
15332,39.98,1,39.98,2.0,33,33,1,0.0,False
15334,848.47,1,848.47,3.0,3,3,2,0.9069147995804212,False
15335,39.98,1,39.98,2.0,52,52,1,0.0,False
15337,1622.47,2,811.235,1.5,36,639,2,0.9568620683279198,True
15339,1622.47,2,811.235,1.5,47,625,2,0.9568620683279198,True
15340,156.04000000000002,3,52.01333333333334,2.6666666666666665,27,289,2,0.0,False
15341,1622.47,2,811.235,1.5,33,623,2,0.9568620683279198,True
15342,1646.96,2,823.48,2.0,57,624,2,0.9426337008791956,True
15343,1552.48,2,776.24,1.0,35,639,1,1.0,True
15349,3139.9399999999996,2,1569.9699999999998,2.5,148,610,2,0.988229074440913,True
15350,3145.26,2,1572.63,2.5,129,624,2,0.9865575500912485,True
15352,69.99,1,69.99,1.0,282,282,1,0.0,False
15353,325.83000000000004,2,162.91500000000002,4.5,27,279,2,0.0,False
15356,119.98,1,119.98,2.0,298,298,1,0.0,False
15358,39.98,1,39.98,2.0,23,23,1,0.0,False
15359,51.46,1,51.46,3.0,109,109,2,0.0,False
15360,4.99,1,4.99,1.0,20,20,1,0.0,False
15362,4745.02,2,2372.51,2.5,89,196,3,0.9860991102250359,False
15363,4719.04,2,2359.52,2.0,73,186,2,0.9968256255509597,False
15364,3183.9399999999996,2,1591.9699999999998,2.5,146,628,3,0.9745723851580119,True
15365,3142.2299999999996,2,1571.1149999999998,3.0,137,588,2,0.9875088710883673,True
15366,59.98,1,59.98,2.0,311,311,1,0.0,False
15368,7.28,1,7.28,2.0,268,268,1,0.0,False
15369,3127.95,2,1563.975,2.5,142,590,2,0.984024680701418,True
15370,7.28,1,7.28,2.0,83,83,1,0.0,False
15371,3178.95,2,1589.475,2.0,151,593,3,0.9761021721008509,True
15373,39.98,1,39.98,2.0,17,17,1,0.0,False
15375,67.93,1,67.93,3.0,174,174,1,0.0,False
15376,136.24,3,45.413333333333334,2.3333333333333335,59,244,2,0.0,False
15382,103.48,1,103.48,3.0,148,148,2,0.0,False
15384,7.28,1,7.28,2.0,270,270,1,0.0,False
15387,4.99,1,4.99,1.0,35,35,1,0.0,False
15388,3127.95,2,1563.975,2.5,152,604,2,0.984024680701418,True
15390,39.98,1,39.98,2.0,116,116,1,0.0,False
15391,4828.01,2,2414.005,4.0,58,187,2,0.974326896588864,False
15394,3134.95,2,1567.475,2.0,125,584,2,0.9818274613630202,True
15399,3148.2200000000003,2,1574.1100000000001,2.5,126,566,2,0.985629975033511,True
15402,131.55,3,43.85,2.3333333333333335,90,189,2,0.0,False
15405,15.23,1,15.23,3.0,245,245,1,0.0,False
15406,7.28,1,7.28,2.0,287,287,1,0.0,False
15410,1619.9,2,809.95,3.0,33,551,3,0.9583801469226495,True
15411,3127.95,2,1563.975,2.5,129,575,2,0.984024680701418,True
15412,4.99,1,4.99,1.0,22,22,1,0.0,False
15413,318.92,3,106.30666666666667,3.0,119,333,2,0.0,False
15416,4.99,1,4.99,1.0,77,77,1,0.0,False
15417,3120.26,2,1560.13,2.5,143,569,2,0.986449847128124,True
15422,1633.94,2,816.97,2.5,23,564,3,0.9501450481657833,True
15423,4.99,1,4.99,1.0,295,295,1,0.0,False
15424,30.97,1,30.97,2.0,11,11,2,0.0,False
15425,3772.4096,2,1886.2048,1.0,106,413,1,1.0,True
15426,115.92,2,57.96,3.5,49,279,2,0.0,False
15428,1631.46,2,815.73,2.0,21,563,2,0.951589373935003,True
15431,7.28,1,7.28,2.0,248,248,1,0.0,False
15433,1622.47,2,811.235,1.5,29,573,2,0.9568620683279198,True
15435,3801.3896000000004,2,1900.6948000000002,2.0,109,418,2,0.9923764720143393,True
15440,6736.5599999999995,3,2245.52,2.6666666666666665,5,821,3,0.9820457325400502,True
15442,93.48,1,93.48,3.0,180,180,2,0.0,False
15443,7.28,1,7.28,2.0,328,328,1,0.0,False
15444,54.98,1,54.98,2.0,248,248,2,0.0,False
15446,32.27,1,32.27,3.0,229,229,1,0.0,False
15451,2756.5425,2,1378.27125,1.5,105,539,2,0.9873065624781769,True
15454,2746.5525,2,1373.27625,1.0,116,702,1,1.0,True
15455,3099.29,2,1549.645,3.0,78,540,3,0.9706545692723174,True
15456,2815.5225,2,1407.76125,2.5,97,710,3,0.9755036587347466,True
15458,4.99,1,4.99,1.0,137,137,1,0.0,False
15460,2746.5525,2,1373.27625,1.0,67,732,1,1.0,True
15461,88.96,2,44.48,2.5,97,320,2,0.0,False
15463,2802.4925,2,1401.24625,3.5,73,523,3,0.9711185667758258,True
15466,1587.47,2,793.735,1.5,24,576,2,0.9779586385884458,True
15468,436.35,3,145.45000000000002,3.3333333333333335,81,311,2,0.0,False
15469,39.98,1,39.98,2.0,324,324,1,0.0,False
15471,1622.47,2,811.235,1.5,28,575,2,0.9568620683279198,True
15472,1560.43,2,780.215,1.5,14,578,2,0.9949052504758303,True
15476,7.28,1,7.28,2.0,333,333,1,0.0,False
15477,7.28,1,7.28,2.0,16,16,1,0.0,False
15482,3124.45,2,1562.225,2.0,149,537,3,0.9851269823488935,True
15484,3179.95,2,1589.975,2.0,126,526,2,0.9757952169059263,True
15487,89.97,1,89.97,3.0,298,298,2,0.0,False
15490,4813.52,2,2406.76,3.5,46,179,3,0.9720661802589375,False
15491,3181.46,2,1590.73,2.5,152,548,3,0.97533208023989,True
15492,3117.45,2,1558.725,2.5,133,542,3,0.9873390110506987,True
15494,275.44,3,91.81333333333333,2.3333333333333335,38,307,2,0.0,False
15495,39.98,1,39.98,2.0,1,1,1,0.0,False
15496,39.98,1,39.98,2.0,300,300,1,0.0,False
15497,1622.47,2,811.235,1.5,6,546,2,0.9568620683279198,True
15500,3153.95,2,1576.975,2.0,127,526,3,0.975912744336467,True
15501,3197.9799999999996,2,1598.9899999999998,1.5,135,519,2,0.9624763131726902,True
15502,1587.47,2,793.735,1.5,3,533,2,0.9779586385884458,True
15503,1622.45,2,811.225,2.5,22,541,2,0.9568738636013436,True
15505,7.28,1,7.28,2.0,190,190,1,0.0,False
15507,267.84000000000003,3,89.28000000000002,3.0,154,336,2,0.0,False
15508,39.98,1,39.98,2.0,160,160,1,0.0,False
15509,39.98,1,39.98,2.0,290,290,1,0.0,False
15510,39.98,1,39.98,2.0,130,130,1,0.0,False
15511,128.56,2,64.28,2.5,223,259,1,0.0,False
15513,39.98,1,39.98,2.0,136,136,1,0.0,False
15514,124.99,1,124.99,2.0,217,217,1,0.0,False
15515,7.28,1,7.28,2.0,30,30,1,0.0,False
15517,3112.9799999999996,2,1556.4899999999998,1.5,126,547,2,0.9887567539785029,True
15519,21.98,1,21.98,1.0,247,247,1,0.0,False
15522,26.97,1,26.97,2.0,135,135,1,0.0,False
15524,7.28,1,7.28,2.0,223,223,1,0.0,False
15525,1560.43,2,780.215,1.5,21,516,2,0.9949052504758303,True
15526,188.32,3,62.77333333333333,3.3333333333333335,57,313,2,0.0,False
15533,4.99,1,4.99,1.0,133,133,1,0.0,False
15535,3099.96,2,1549.98,1.5,119,494,2,0.992909585930141,True
15536,249.53000000000003,3,83.17666666666668,3.3333333333333335,1,158,2,0.0,False
15537,1631.46,2,815.73,2.0,9,512,2,0.951589373935003,True
15538,1595.4099999999999,2,797.7049999999999,2.5,11,492,2,0.9730915564024294,True
15539,64.47,1,64.47,3.0,78,78,2,0.0,False
15540,3124.96,2,1562.48,1.5,93,494,2,0.9929663099687676,True
15542,3117.96,2,1558.98,2.0,112,497,2,0.9951955765949533,True
15543,180.94,3,60.31333333333333,1.6666666666666667,88,259,2,0.0,False
15544,111.95,1,111.95,4.0,246,246,2,0.0,False
15545,39.98,1,39.98,2.0,167,167,1,0.0,False
15550,4.99,1,4.99,1.0,31,31,1,0.0,False
15551,1375.26,2,687.63,2.0,363,495,2,0.9801637508543839,True
15552,1426.46,2,713.23,2.5,339,498,3,0.9449826844075544,True
15553,1372.95,2,686.475,2.5,359,497,2,0.9636039185695036,True
15555,1371.95,2,685.975,2.5,348,470,3,0.9825285178031269,True
15559,172.04,3,57.346666666666664,2.3333333333333335,219,321,2,0.0,False
15560,4.99,1,4.99,1.0,233,233,1,0.0,False
15561,1375.26,2,687.63,2.0,313,485,2,0.9801637508543839,True
15562,1347.97,2,673.985,1.5,334,461,2,0.9814610117435848,True
15564,188.51999999999998,3,62.839999999999996,2.6666666666666665,115,216,2,0.0,False
15565,3099.96,2,1549.98,1.5,94,488,2,0.992909585930141,True
15575,2910.8996,2,1455.4498,1.5,22,427,2,0.9759558866269383,True
15576,4344.0882,2,2172.0441,1.0,70,402,1,1.0,True
15579,34.98,2,17.49,1.0,295,324,1,0.0,False
15581,113.94,2,56.97,3.0,126,143,1,0.0,False
15583,66.26,2,33.13,2.0,73,211,1,0.0,False
15587,4423.3796,2,2211.6898,2.0,72,407,2,0.987120707433746,True
15589,4416.3796,2,2208.1898,2.5,89,399,2,0.9886853023231972,True
15595,4369.0882,2,2184.5441,1.0,86,428,1,1.0,True
15596,4460.0382,2,2230.0191,3.0,67,401,3,0.9796077979780534,True
15597,4391.4096,2,2195.7048,1.0,70,407,1,1.0,True
15600,4590.399600000001,2,2295.1998000000003,2.5,66,426,2,0.9566508327510311,True
15604,66.75,2,33.375,2.5,108,193,2,0.0,False
15605,39.97,2,19.985,1.5,37,94,1,0.0,False
15609,27.28,1,27.28,2.0,137,137,1,0.0,False
15610,114.96000000000001,2,57.480000000000004,2.5,63,103,1,0.0,False
15611,54.25,1,54.25,4.0,199,199,1,0.0,False
15614,6059.18,2,3029.59,4.5,21,809,3,0.9693159800501061,True
15616,27.28,1,27.28,2.0,100,100,1,0.0,False
15617,59.91,1,59.91,4.0,332,332,1,0.0,False
15618,24.99,1,24.99,1.0,273,273,1,0.0,False
15622,3027.3199999999997,2,1513.6599999999999,2.0,91,716,3,0.9854722989310679,True
15626,7029.0725,3,2343.0241666666666,2.6666666666666665,176,671,3,0.9795919020610473,True
15627,6943.5825,3,2314.5275,2.3333333333333335,125,682,3,0.991652723936095,True
15633,68.49,1,68.49,2.0,223,223,2,0.0,False
15634,61.959999999999994,2,30.979999999999997,1.5,28,195,1,0.0,False
15635,116.94999999999999,2,58.474999999999994,2.0,48,231,1,0.0,False
15638,5162.37,3,1720.79,2.3333333333333335,80,772,2,0.9860025530909254,True
15639,34.57,2,17.285,1.5,231,268,1,0.0,False
15640,34.57,2,17.285,1.5,243,336,1,0.0,False
15642,3772.4096,2,1886.2048,1.0,70,425,1,1.0,True
15645,3785.0782,2,1892.5391,1.5,59,423,2,0.9907558052565467,True
15647,3764.0681999999997,2,1882.0340999999999,2.0,62,419,2,0.9962859333951496,True
15648,3807.3996,2,1903.6998,1.5,37,428,2,0.9908100006103904,True
15650,114.96,1,114.96,4.0,16,16,2,0.0,False
15651,2746.5525,2,1373.27625,1.0,35,504,1,1.0,True
15652,5160.08,3,1720.0266666666666,2.0,67,774,2,0.9864401327111209,True
15653,5204.0599999999995,3,1734.6866666666665,2.6666666666666665,42,782,3,0.9781036344700101,True
15655,2753.8225,2,1376.91125,2.5,71,677,2,0.988281742922792,True
15657,5251.34,3,1750.4466666666667,3.3333333333333335,33,786,2,0.9692973602928017,True
15660,5169.07,3,1723.0233333333333,2.3333333333333335,5,744,3,0.9847245249145399,True
15661,5208.04,3,1736.0133333333333,3.3333333333333335,27,755,2,0.9773561646991962,True
15664,2770.5225,2,1385.26125,2.5,38,698,3,0.9913482023697698,True
15665,2803.5225,2,1401.76125,2.0,62,504,2,0.9796791358014784,True
15666,3089.3,2,1544.65,2.5,49,497,3,0.9737934159842037,True
15671,31.55,2,15.775,2.0,129,305,1,0.0,False
15672,89.97,1,89.97,3.0,6,6,2,0.0,False
15673,64.97,1,64.97,3.0,264,264,1,0.0,False
15677,7200.860000000001,3,2400.286666666667,2.6666666666666665,75,459,3,0.9925772754920942,True
15679,64.97,1,64.97,3.0,233,233,1,0.0,False
15680,4.99,1,4.99,1.0,178,178,1,0.0,False
15681,105.56,2,52.78,2.5,190,332,1,0.0,False
15687,6973.8724999999995,3,2324.6241666666665,2.0,4,472,3,0.992261114610283,True
15689,35.0,1,35.0,1.0,240,240,1,0.0,False
15691,8341.29,3,2780.4300000000003,2.3333333333333335,150,734,3,0.9929315489570559,True
15692,8392.3,3,2797.433333333333,2.3333333333333335,152,761,2,0.9868963216281592,True
15695,8324.24,3,2774.7466666666664,2.6666666666666665,127,762,2,0.9919620289660077,True
15696,198.99,1,198.99,3.0,186,186,1,0.0,False
15697,6974.5425,3,2324.8475,3.3333333333333335,181,654,3,0.9836663121631278,True
15699,6969.5725,3,2323.1908333333336,2.6666666666666665,141,725,3,0.9843677643069214,True
15701,78.86,2,39.43,2.5,86,276,1,0.0,False
15703,74.98,1,74.98,3.0,336,336,1,0.0,False
15704,35.0,1,35.0,1.0,133,133,1,0.0,False
15705,69.99,1,69.99,2.0,224,224,1,0.0,False
15706,35.0,1,35.0,1.0,293,293,1,0.0,False
15708,74.98,1,74.98,3.0,310,310,1,0.0,False
15711,126.56,2,63.28,2.5,178,223,2,0.0,False
15712,51.57,2,25.785,2.0,85,172,1,0.0,False
15716,4467.0581999999995,2,2233.5290999999997,2.5,85,406,3,0.9780683403677168,True
15717,4411.3682,2,2205.6841,2.5,52,414,2,0.9904156719450442,True
15718,63.97,2,31.985,1.5,11,105,1,0.0,False
15719,4429.5682,2,2214.7841,2.0,61,402,3,0.9807024079683434,True
15725,4416.3796,2,2208.1898,2.5,56,404,2,0.9886853023231972,True
15729,4393.6996,2,2196.8498,1.5,36,368,2,0.9994787991422991,True
15730,122.96000000000001,2,61.480000000000004,2.0,63,133,2,0.0,False
15731,59.980000000000004,2,29.990000000000002,1.0,93,279,1,0.0,False
15735,116.25,2,58.125,2.5,114,192,2,0.0,False
15736,76.94,1,76.94,5.0,53,53,1,0.0,False
15737,3117.2299999999996,2,1558.6149999999998,3.0,123,484,2,0.9874086929742112,True
15740,39.98,1,39.98,2.0,103,103,1,0.0,False
15741,89.97,1,89.97,3.0,71,71,2,0.0,False
15742,39.98,1,39.98,2.0,317,317,1,0.0,False
15743,39.98,1,39.98,2.0,36,36,1,0.0,False
15744,12.94,1,12.94,2.0,136,136,1,0.0,False
15745,89.97,1,89.97,3.0,122,122,2,0.0,False
15748,296.90999999999997,3,98.96999999999998,2.6666666666666665,35,215,2,0.0,False
15750,3087.9700000000003,2,1543.9850000000001,1.5,97,478,2,0.9967648649436361,True
15753,4399.0782,2,2199.5391,1.5,43,386,2,0.9874996539047658,True
15754,4416.3796,2,2208.1898,2.5,42,391,2,0.9886853023231972,True
15755,4404.0782,2,2202.0391,1.5,52,371,2,0.9920550911198626,True
15757,4366.4096,2,2183.2048,1.0,32,371,1,1.0,True
15759,89.97,1,89.97,3.0,284,284,2,0.0,False
15762,564.48,1,564.48,2.0,188,188,2,0.9566149376417233,False
15764,4413.3896,2,2206.6948,1.5,51,388,2,0.995019700957287,True
15766,62.27,2,31.135,1.5,193,335,1,0.0,False
15767,4379.0882,2,2189.5441,1.5,57,374,2,0.9920074685867254,True
15768,3124.96,2,1562.48,1.5,97,451,2,0.9929663099687676,True
15772,39.98,1,39.98,2.0,164,164,1,0.0,False
15774,124.99,1,124.99,2.0,266,266,1,0.0,False
15775,15.23,1,15.23,3.0,135,135,1,0.0,False
15776,4.99,1,4.99,1.0,218,218,1,0.0,False
15777,39.98,1,39.98,2.0,254,254,1,0.0,False
15779,90.47,1,90.47,3.0,223,223,2,0.0,False
15780,3244.96,2,1622.48,2.0,106,446,2,0.9562459937872886,True
15781,3209.9399999999996,2,1604.9699999999998,2.5,112,439,3,0.9666785048941726,True
15784,4379.0882,2,2189.5441,1.5,48,381,2,0.9920074685867254,True
15785,4454.3496,2,2227.1748,2.0,61,396,2,0.9858699909858895,True
15786,4366.0682,2,2183.0341,1.5,48,368,2,0.9949657222486814,True
15787,167.93,2,83.965,3.5,18,248,2,0.0,False
15788,4443.3796,2,2221.6898,2.0,58,378,2,0.9826775997261186,True
15789,4486.0682,2,2243.0341,2.0,39,394,2,0.9683509046964557,True
15790,2668.3796,2,1334.1898,2.0,306,383,2,0.9786499641954991,True
15793,4369.0882,2,2184.5441,1.0,32,378,1,1.0,True
15795,132.44,2,66.22,3.0,245,261,2,0.0,False
15796,34.99,1,34.99,1.0,6,6,1,0.0,False
15798,98.96000000000001,2,49.480000000000004,2.0,203,262,1,0.0,False
15799,4423.3796,2,2211.6898,2.0,47,383,2,0.9927724945876227,True
15800,4399.0782,2,2199.5391,1.5,33,396,2,0.9874996539047658,True
15802,4444.0682,2,2222.0341,2.5,41,371,2,0.9831280717069104,True
15803,66.26,2,33.13,2.0,41,155,1,0.0,False
15808,4424.0782,2,2212.0391,1.5,42,392,2,0.9875702920441145,True
15812,81.25,2,40.625,2.5,57,224,2,0.0,False
15813,30.97,1,30.97,2.0,109,109,2,0.0,False
15815,141.82999999999998,3,47.276666666666664,2.3333333333333335,5,255,1,0.0,False
15816,188.01999999999998,3,62.673333333333325,2.6666666666666665,211,312,2,0.0,False
15818,4.99,1,4.99,1.0,15,15,1,0.0,False
15821,30.97,1,30.97,2.0,330,330,2,0.0,False
15824,75.97,1,75.97,2.0,289,289,2,0.0,False
15827,1418.92,2,709.46,3.5,278,437,3,0.9323851943731852,True
15830,2680.3796,2,1340.1898,2.5,276,375,3,0.9742685700189633,True
15831,2646.3581999999997,2,1323.1790999999998,2.5,300,390,2,0.9878058835723752,True
15832,2611.4096,2,1305.7048,1.0,268,371,1,1.0,True
15834,1322.98,2,661.49,1.0,297,442,1,1.0,True
15835,93.97,1,93.97,3.0,24,24,2,0.0,False
15839,24.27,1,24.27,2.0,238,238,1,0.0,False
15840,3080.2700000000004,2,1540.1350000000002,1.5,108,452,2,0.9992565586782977,True
15843,3142.9700000000003,2,1571.4850000000001,2.0,106,438,2,0.9872763659850397,True
15844,3134.95,2,1567.475,2.0,97,435,2,0.9818274613630202,True
15845,3244.96,2,1622.48,2.0,106,434,2,0.9562459937872886,True
15848,39.98,1,39.98,2.0,3,3,1,0.0,False
15849,7.28,1,7.28,2.0,200,200,1,0.0,False
15852,3222.9799999999996,2,1611.4899999999998,1.5,111,438,2,0.9627673767755307,True
15859,74.14,3,24.713333333333335,2.0,85,252,1,0.0,False
15860,1322.98,2,661.49,1.0,288,455,1,1.0,True
15861,7.28,1,7.28,2.0,332,332,1,0.0,False
15865,1416.95,2,708.475,2.5,260,434,3,0.9513250291118247,True
15866,145.82,3,48.60666666666666,2.6666666666666665,41,291,1,0.0,False
15869,13.98,1,13.98,2.0,300,300,2,0.0,False
15870,7.28,1,7.28,2.0,226,226,1,0.0,False
15873,3123.9300000000003,2,1561.9650000000001,3.0,105,432,3,0.9852909636259457,True
15874,225.44,3,75.14666666666666,2.0,57,306,2,0.0,False
15875,15.23,1,15.23,3.0,266,266,1,0.0,False
15876,4789.02,2,2394.51,2.5,29,173,3,0.9822594184196349,False
15877,39.98,1,39.98,2.0,4,4,1,0.0,False
15878,225.92,3,75.30666666666666,2.3333333333333335,44,294,2,0.0,False
15881,564.99,1,564.99,1.0,297,297,1,1.0,False
15882,1372.46,2,686.23,2.0,259,458,3,0.9639479474811652,True
15884,39.98,1,39.98,2.0,237,237,1,0.0,False
15885,1397.95,2,698.975,2.5,247,426,2,0.9642548016738796,True
15886,1422.46,2,711.23,2.0,263,401,2,0.9476400039368418,True
15890,1375.26,2,687.63,2.0,221,405,2,0.9801637508543839,True
15892,1401.46,2,700.73,2.5,186,428,3,0.9440012558332025,True
15894,89.97,1,89.97,3.0,269,269,2,0.0,False
15897,3114.9399999999996,2,1557.4699999999998,2.5,119,421,2,0.9881346029136999,True
15900,699.97,1,699.97,4.0,297,297,2,0.8071631641356058,False
15901,1376.97,2,688.485,1.5,211,423,2,0.9607907216569714,True
15905,4899.02,2,2449.51,3.0,26,171,2,0.9602042857551102,False
15908,1413.93,2,706.965,3.0,171,399,3,0.9356757406660867,True
15909,1380.25,2,690.125,2.5,164,404,2,0.9766201775040754,True
15910,39.98,1,39.98,2.0,283,283,1,0.0,False
15911,26.97,1,26.97,2.0,84,84,1,0.0,False
15913,712.27,1,712.27,4.0,278,278,2,0.7932244794810956,False
15919,83.97,2,41.985,1.5,6,149,2,0.0,False
15920,6247.5225,3,2082.5075,1.6666666666666667,163,460,2,0.988798759828396,True
15923,6592.780000000001,3,2197.5933333333337,2.6666666666666665,18,486,3,0.9805165650909027,True
15924,5744.0025000000005,3,1914.6675000000002,2.0,152,472,3,0.9787674187119523,True
15927,6932.9025,3,2310.9675,2.0,181,663,2,0.9895743521562578,True
15929,6944.5825,3,2314.8608333333336,2.3333333333333335,111,720,3,0.9915099287826159,True
15931,5362.29,3,1787.43,2.3333333333333335,142,460,3,0.9890046976198603,True
15933,6931.8825,3,2310.6275,2.3333333333333335,111,707,2,0.9897199642377088,True
15934,3147.95,2,1573.975,2.5,113,405,2,0.9777728362902843,True
15938,7.28,1,7.28,2.0,66,66,1,0.0,False
15939,39.98,1,39.98,2.0,181,181,1,0.0,False
15942,191.87,3,63.95666666666667,2.3333333333333335,100,175,2,0.0,False
15943,365.40999999999997,3,121.80333333333333,3.0,126,285,2,0.0,False
15949,3157.9700000000003,2,1578.9850000000001,1.5,123,372,2,0.9825869150118589,True
15950,7.28,1,7.28,2.0,82,82,1,0.0,False
15952,3174.95,2,1587.475,2.0,112,379,3,0.9773319264870314,True
15953,1357.97,2,678.985,1.5,153,390,2,0.9926434310036304,True
15957,163.99,1,163.99,2.0,161,161,1,0.0,False
15958,68.49,1,68.49,2.0,221,221,2,0.0,False
15961,3127.25,2,1563.625,2.0,107,391,2,0.9922391877847949,True
15962,61.96,1,61.96,3.0,37,37,1,0.0,False
15967,4.99,1,4.99,1.0,229,229,1,0.0,False
15969,3109.95,2,1554.975,2.0,110,395,2,0.9897200919628933,True
15970,39.98,1,39.98,2.0,216,216,1,0.0,False
15974,208.41,3,69.47,2.3333333333333335,40,312,2,0.0,False
15976,3157.9700000000003,2,1578.9850000000001,1.5,107,386,2,0.9825869150118589,True
15984,3124.96,2,1562.48,1.5,95,383,2,0.9929663099687676,True
15987,1404.95,2,702.475,2.0,128,374,2,0.9594505142531763,True
15988,89.91,1,89.91,4.0,65,65,1,0.0,False
15990,3099.96,2,1549.98,1.5,101,375,2,0.992909585930141,True
15991,3127.25,2,1563.625,2.0,117,388,2,0.9922391877847949,True
15993,597.26,1,597.26,4.0,221,221,2,0.9459699293440044,False
15996,564.99,1,564.99,1.0,229,229,1,1.0,False
16001,7.28,1,7.28,2.0,297,297,1,0.0,False
16004,2518.25,1,2518.25,6.0,110,110,2,0.9113431946788445,False
16005,198.73000000000002,3,66.24333333333334,2.0,148,324,2,0.0,False
16006,39.98,1,39.98,2.0,217,217,1,0.0,False
16013,89.97,1,89.97,3.0,316,316,2,0.0,False
16015,574.98,1,574.98,2.0,343,343,2,0.9391457094159796,False
16019,573.98,1,573.98,2.0,142,142,2,0.9843374333600474,False
16022,589.96,1,589.96,4.0,146,146,2,0.9152993423282934,False
16027,3826.3996,2,1913.1998,1.5,25,388,2,0.985890130241494,True
16031,3750.0882,2,1875.0441,1.0,26,392,1,1.0,True
16032,90.95,2,45.475,2.0,251,310,1,0.0,False
16033,3743.3925,3,1247.7975,1.3333333333333333,3,722,2,0.9866458032386398,True
16034,7.28,1,7.28,2.0,35,35,1,0.0,False
16039,4.99,1,4.99,1.0,315,315,1,0.0,False
16040,64.97,1,64.97,3.0,302,302,1,0.0,False
16041,64.97,1,64.97,3.0,335,335,1,0.0,False
16042,24.99,1,24.99,1.0,184,184,1,0.0,False
16043,61.959999999999994,2,30.979999999999997,1.5,24,231,1,0.0,False
16044,68.49,1,68.49,2.0,288,288,2,0.0,False
16048,39.98,1,39.98,2.0,258,258,1,0.0,False
16050,76.94,2,38.47,2.5,74,298,1,0.0,False
16051,2746.5525,2,1373.27625,1.0,21,474,1,1.0,True
16052,2731.5425,2,1365.77125,1.5,5,482,2,0.9963427257675838,True
16053,3752.3825,3,1250.7941666666668,1.6666666666666667,7,704,2,0.9842819861781149,True
16054,3759.3625,3,1253.1208333333334,2.0,12,723,3,0.9824544720015695,True
16055,66.44,1,66.44,5.0,261,261,2,0.0,False
16058,38.25,2,19.125,2.0,54,243,2,0.0,False
16059,146.97,1,146.97,3.0,287,287,1,0.0,False
16062,7.28,1,7.28,2.0,13,13,1,0.0,False
16063,4.99,1,4.99,1.0,164,164,1,0.0,False
16066,611.94,1,611.94,5.0,109,109,2,0.8824231133771284,False
16071,66.96,2,33.48,1.5,51,111,1,0.0,False
16072,166.28,1,166.28,3.0,79,79,1,0.0,False
16073,64.47,1,64.47,3.0,18,18,2,0.0,False
16074,39.98,1,39.98,2.0,228,228,1,0.0,False
16075,7.28,1,7.28,2.0,65,65,1,0.0,False
16079,2324.92,1,2324.92,3.0,112,112,2,0.9871264387591832,False
16082,39.98,1,39.98,2.0,186,186,1,0.0,False
16084,4.99,1,4.99,1.0,15,15,1,0.0,False
16090,604.96,1,604.96,4.0,76,76,2,0.892604469717006,False
16094,567.27,1,567.27,3.0,107,107,2,0.9519100252084546,False
16099,89.97,1,89.97,3.0,31,31,2,0.0,False
16101,2322.28,1,2322.28,2.0,77,77,2,0.9990139001326283,False
16105,2361.95,1,2361.95,4.0,92,92,2,0.9716505429835519,False
16107,39.98,1,39.98,2.0,230,230,1,0.0,False
16109,548.98,1,548.98,2.0,66,66,2,0.9836241757441072,False
16115,7.28,1,7.28,2.0,277,277,1,0.0,False
16116,2341.97,1,2341.97,2.0,66,66,2,0.9906147388736832,False
16118,2563.91,1,2563.91,5.0,70,70,2,0.9048640552905525,False
16119,13.98,1,13.98,2.0,325,325,2,0.0,False
16121,614.47,1,614.47,3.0,37,37,3,0.9194753201946393,False
16123,629.97,1,629.97,3.0,55,55,2,0.8968522310586218,False
16125,588.96,1,588.96,4.0,27,27,3,0.959301140994295,False
16127,618.47,1,618.47,4.0,77,77,3,0.8731062137209565,False
16130,61.96,1,61.96,3.0,110,110,1,0.0,False
16131,166.28,1,166.28,3.0,55,55,1,0.0,False
16132,2459.62,1,2459.62,4.0,346,346,2,0.9933851570567813,False
16140,2528.33,1,2528.33,3.0,280,280,3,0.9663888811982615,False
16141,589.96,1,589.96,4.0,61,61,2,0.9152993423282934,False
16142,563.96,1,563.96,4.0,54,54,3,0.9574969856018157,False
16143,26.97,1,26.97,2.0,259,259,1,0.0,False
16144,2376.96,1,2376.96,3.0,76,76,2,0.9760324111470113,False
16145,2322.28,1,2322.28,2.0,87,87,2,0.9990139001326283,False
16146,2329.98,1,2329.98,2.0,74,74,2,0.984982703714195,False
16147,2367.2,1,2367.2,6.0,65,65,2,0.9694956066238596,False
16149,192.04000000000002,3,64.01333333333334,2.3333333333333335,98,214,2,0.0,False
16150,629.97,1,629.97,3.0,49,49,2,0.8968522310586218,False
16151,639.45,1,639.45,5.0,59,59,3,0.8835561810931268,False
16153,39.98,1,39.98,2.0,140,140,1,0.0,False
16156,4344.0882,2,2172.0441,1.0,46,368,1,1.0,True
16159,4411.649600000001,2,2205.8248000000003,2.5,7,374,2,0.9897453324488872,True
16162,185.04,2,92.52,3.5,45,163,2,0.0,False
16163,2641.3896000000004,2,1320.6948000000002,2.0,117,389,2,0.988649913666655,True
16164,2639.0782,2,1319.5391,1.5,107,377,2,0.990530784574705,True
16166,108.85,2,54.425,3.0,78,321,1,0.0,False
16173,43.21,2,21.605,2.5,211,309,1,0.0,False
16174,140.45,2,70.225,3.0,195,271,2,0.0,False
16175,31.27,1,31.27,3.0,141,141,1,0.0,False
16176,4404.0782,2,2202.0391,1.5,26,397,2,0.9920550911198626,True
16179,72.16,2,36.08,2.5,39,106,1,0.0,False
16181,170.06,2,85.03,3.0,8,85,2,0.0,False
16182,83.97,2,41.985,1.5,11,222,1,0.0,False
16183,31.27,2,15.635,1.5,231,235,1,0.0,False
16184,78.19999999999999,2,39.099999999999994,3.0,57,93,1,0.0,False
16186,64.97,1,64.97,3.0,184,184,1,0.0,False
16189,105.94,2,52.97,2.5,22,197,2,0.0,False
16191,26.97,2,13.485,1.0,1,70,1,0.0,False
16193,90.47,2,45.235,1.5,248,314,2,0.0,False
16194,49.48,1,49.48,2.0,281,281,2,0.0,False
16196,7237.360000000001,3,2412.4533333333334,2.3333333333333335,125,663,3,0.9875714348878598,True
16198,114.96000000000001,2,57.480000000000004,2.0,173,238,2,0.0,False
16201,3058.0125,2,1529.00625,2.5,162,712,2,0.9650230337514972,True
16203,6939.8725,3,2313.2908333333335,2.6666666666666665,73,485,3,0.9885804818460282,True
16204,7162.389999999999,3,2387.463333333333,1.6666666666666667,57,471,2,0.9979085193629501,True
16205,6950.5725,3,2316.8575,2.3333333333333335,49,474,3,0.987058619991375,True
16206,7203.35,3,2401.116666666667,2.6666666666666665,127,624,3,0.9887635613985162,True
16207,7226.370000000001,3,2408.7900000000004,2.3333333333333335,119,630,3,0.9856138005665362,True
16209,30.97,1,30.97,2.0,330,330,2,0.0,False
16210,645.94,1,645.94,5.0,14,14,3,0.8359754775985385,False
16211,586.97,1,586.97,2.0,28,28,2,0.9625534524762764,False
16213,154.54,3,51.51333333333333,2.0,79,178,2,0.0,False
16214,15.23,1,15.23,3.0,274,274,1,0.0,False
16217,124.99,1,124.99,2.0,123,123,1,0.0,False
16221,588.96,1,588.96,4.0,318,318,2,0.9168534365661505,False
16222,561.48,1,561.48,2.0,319,319,2,0.9617261523117475,False
16224,556.26,1,556.26,4.0,307,307,2,0.9707510876208967,False
16225,553.97,1,553.97,3.0,302,302,2,0.9747639763886131,False
16226,553.97,1,553.97,3.0,302,302,2,0.9747639763886131,False
16227,80.96,1,80.96,3.0,334,334,2,0.0,False
16228,569.97,1,569.97,3.0,19,19,2,0.947400740389845,False
16238,12.94,1,12.94,2.0,265,265,1,0.0,False
16241,126.96,2,63.48,1.5,108,248,2,0.0,False
16242,7.28,1,7.28,2.0,190,190,1,0.0,False
16243,91.97,2,45.985,1.0,126,306,2,0.0,False
16244,2369.97,1,2369.97,4.0,77,77,2,0.968362468723233,False
16246,12.94,1,12.94,2.0,206,206,1,0.0,False
16248,39.98,1,39.98,2.0,242,242,1,0.0,False
16250,4511.5425,2,2255.77125,1.5,2,682,2,0.9922443377181973,True
16254,24.99,1,24.99,1.0,312,312,1,0.0,False
16255,187.98,1,187.98,3.0,257,257,1,0.0,False
16259,2756.5425,2,1378.27125,1.5,22,476,2,0.9873065624781769,True
16264,61.959999999999994,2,30.979999999999997,1.5,36,42,1,0.0,False
16266,63.97,1,63.97,3.0,178,178,1,0.0,False
16269,2778.8225,2,1389.41125,2.5,19,633,2,0.988387167586271,True
16271,3014.31,2,1507.155,2.0,15,610,3,0.9897256751959819,True
16273,2803.5225,2,1401.76125,2.0,30,430,2,0.9796791358014784,True
16276,7.28,1,7.28,2.0,18,18,1,0.0,False
16278,2992.33,2,1496.165,1.5,24,624,2,0.9969956522175029,True
16280,12.94,1,12.94,2.0,56,56,1,0.0,False
16282,64.25,2,32.125,2.0,184,231,1,0.0,False
16283,63.97,1,63.97,3.0,88,88,1,0.0,False
16284,7.28,1,7.28,2.0,201,201,1,0.0,False
16286,6920.6125,3,2306.8708333333334,1.3333333333333333,28,458,2,0.9949440891250594,True
16287,4538.842500000001,2,2269.4212500000003,2.0,30,684,2,0.9917842489577464,True
16288,2768.5325000000003,2,1384.2662500000001,1.5,20,430,2,0.9920607758803626,True
16289,2778.5225,2,1389.26125,2.0,4,444,2,0.988493884789488,True
16291,4921.6900000000005,2,2460.8450000000003,1.5,343,450,2,0.9928906534137665,True
16292,32.28,1,32.28,2.0,280,280,1,0.0,False
16293,4.99,1,4.99,1.0,182,182,1,0.0,False
16295,138.45,1,138.45,5.0,288,288,2,0.0,False
16296,122.95,1,122.95,5.0,28,28,2,0.0,False
16298,7000.8724999999995,3,2333.6241666666665,3.0,90,599,3,0.983537766185572,True
16300,111.94999999999999,2,55.974999999999994,2.0,10,182,2,0.0,False
16301,72.96,1,72.96,4.0,289,289,2,0.0,False
16302,24.99,1,24.99,1.0,251,251,1,0.0,False
16304,49.48,1,49.48,2.0,244,244,2,0.0,False
16305,2983.34,2,1491.67,1.0,16,580,1,1.0,True
16309,6910.5925,3,2303.5308333333332,2.0,91,604,2,0.9927690715376433,True
16312,63.97,1,63.97,3.0,38,38,1,0.0,False
16313,4985.66,2,2492.83,3.0,367,596,3,0.980151073278162,True
16314,111.94999999999999,2,55.974999999999994,2.0,181,295,2,0.0,False
16316,4659.8025,2,2329.90125,2.0,348,594,2,0.9925125582039153,True
16318,3021.0225,2,1510.51125,2.5,119,676,2,0.9768389676012015,True
16319,27.28,1,27.28,2.0,281,281,1,0.0,False
16322,28.98,1,28.98,2.0,136,136,1,0.0,False
16323,24.99,1,24.99,1.0,133,133,1,0.0,False
16325,171.27,2,85.635,2.0,38,81,1,0.0,False
16326,24.99,1,24.99,1.0,265,265,1,0.0,False
16327,4647.8825,2,2323.94125,2.5,338,597,3,0.9950579645677361,True
16330,31.27,1,31.27,3.0,224,224,1,0.0,False
16332,147.23,2,73.615,3.0,7,98,2,0.0,False
16333,56.97,1,56.97,2.0,209,209,1,0.0,False
16334,84.92,1,84.92,3.0,334,334,1,0.0,False
16335,36.96,1,36.96,3.0,98,98,1,0.0,False
16336,64.47,1,64.47,3.0,90,90,2,0.0,False
16337,7.28,1,7.28,2.0,34,34,1,0.0,False
16342,46.47,1,46.47,2.0,34,34,2,0.0,False
16344,2294.99,1,2294.99,1.0,70,70,1,1.0,False
16345,4173.24,2,2086.62,2.0,74,1075,2,0.9928161332681562,True
16347,5918.5,2,2959.25,2.5,8,1069,2,0.9923561713271944,True
16354,574.98,1,574.98,2.0,296,296,2,0.9391457094159796,False
16356,7.28,1,7.28,2.0,168,168,1,0.0,False
16357,4.99,1,4.99,1.0,126,126,1,0.0,False
16358,87.94999999999999,4,21.987499999999997,1.5,96,297,1,0.0,False
16359,7.28,1,7.28,2.0,139,139,1,0.0,False
16360,553.97,1,553.97,3.0,304,304,2,0.9747639763886131,False
16364,2482.23,1,2482.23,4.0,251,251,2,0.9843366650149262,False
16372,2482.23,1,2482.23,4.0,270,270,2,0.9843366650149262,False
16373,2578.43,1,2578.43,5.0,258,258,3,0.9476115310479635,False
16374,15.23,1,15.23,3.0,10,10,1,0.0,False
16377,13.98,1,13.98,2.0,310,310,2,0.0,False
16384,7.28,1,7.28,2.0,333,333,1,0.0,False
16385,64.47,1,64.47,3.0,208,208,2,0.0,False
16388,4673.8825,2,2336.94125,2.5,354,458,2,0.9895226292060189,True
16390,4657.5125,2,2328.75625,1.5,264,584,2,0.9930005555540644,True
16392,5786.3825,3,1928.7941666666666,1.6666666666666667,90,458,2,0.987906088130192,True
16393,5841.3724999999995,3,1947.1241666666665,2.3333333333333335,76,439,3,0.97860605534059,True
16395,63.97,1,63.97,3.0,306,306,1,0.0,False
16397,64.97,1,64.97,3.0,152,152,1,0.0,False
16399,32.27,1,32.27,3.0,289,289,1,0.0,False
16400,4958.28,2,2479.14,2.5,337,455,2,0.9855635421960841,True
16403,37.97,1,37.97,3.0,20,20,2,0.0,False
16404,6002.16,3,2000.72,2.0,64,443,3,0.9960064376824345,True
16405,3262.83,2,1631.415,1.5,320,682,2,0.984678944351989,True
16406,3110.0525,2,1555.02625,1.5,333,694,2,0.9488754611055601,True
16408,4692.8825,2,2346.44125,2.5,286,443,3,0.9855163644092945,True
16410,3242.77,2,1621.385,2.0,81,679,2,0.9907702365570177,True
16412,4921.59,2,2460.795,2.0,255,442,2,0.992910827598398,True
16415,4930.68,2,2465.34,2.0,250,411,3,0.9910803378033051,True
16418,27.28,1,27.28,2.0,320,320,1,0.0,False
16419,27.28,1,27.28,2.0,62,62,1,0.0,False
16420,2959.0025,2,1479.50125,1.5,79,681,2,0.997313283783978,True
16428,3021.0225,2,1510.51125,2.5,86,651,2,0.9768389676012015,True
16429,4958.28,2,2479.14,2.5,162,551,2,0.9855635421960841,True
16430,4638.8925,2,2319.44625,2.0,235,406,2,0.9969863496513447,True
16433,4696.4925,2,2348.24625,2.5,211,420,2,0.9847588386439454,True
16434,69.97,1,69.97,3.0,211,211,1,0.0,False
16438,24.99,1,24.99,1.0,248,248,1,0.0,False
16439,24.99,1,24.99,1.0,123,123,1,0.0,False
16440,28.98,1,28.98,2.0,307,307,1,0.0,False
16442,4923.29,2,2461.645,2.0,157,568,2,0.9925679779172057,True
16444,3271.8199999999997,2,1635.9099999999999,2.0,294,645,2,0.9819733359414639,True
16445,3242.83,2,1621.415,1.5,53,660,2,0.9907519049718919,True
16447,3001.0225,2,1500.51125,2.5,215,641,2,0.9833490085462541,True
16449,47.26,2,23.63,2.0,219,280,1,0.0,False
16451,4632.8625,2,2316.43125,1.5,127,579,2,0.9982839982839983,True
16454,47.26,2,23.63,2.0,251,321,1,0.0,False
16456,64.97,1,64.97,3.0,115,115,1,0.0,False
16457,149.98,1,149.98,3.0,139,139,1,0.0,False
16460,47.26,2,23.63,2.0,37,198,1,0.0,False
16461,3287.3199999999997,2,1643.6599999999999,2.0,37,669,2,0.9773432461701327,True
16463,59.91,1,59.91,4.0,202,202,1,0.0,False
16466,4624.9125,2,2312.45625,1.0,94,551,1,1.0,True
16467,4.99,1,4.99,1.0,77,77,1,0.0,False
16468,63.97,1,63.97,3.0,113,113,1,0.0,False
16469,63.97,1,63.97,3.0,258,258,1,0.0,False
16470,3021.0425,2,1510.52125,1.5,233,663,2,0.9768325007013308,True
16471,53.47,1,53.47,3.0,27,27,2,0.0,False
16478,2385.94,1,2385.94,5.0,79,79,3,0.961880851991249,False
16480,75.97,1,75.97,2.0,185,185,2,0.0,False
16482,4783.74,2,2391.87,2.0,313,1084,3,0.9822356566201341,True
16483,4118.26,2,2059.13,1.0,39,1093,1,1.0,True
16486,76.97,1,76.97,2.0,304,304,1,0.0,False
16490,2478.34,1,2478.34,2.0,225,225,2,0.9858816788656924,False
16491,3106.33,2,1553.165,2.0,136,335,3,0.9858385940965705,False
16493,4197.25,2,2098.625,1.5,10,1082,2,0.9871368157722319,True
16497,132.70999999999998,4,33.177499999999995,2.0,20,213,2,0.0,False
16499,4.99,1,4.99,1.0,7,7,1,0.0,False
16503,4.99,1,4.99,1.0,227,227,1,0.0,False
16506,92.05,2,46.025,2.5,180,268,2,0.0,False
16507,35.23,1,35.23,3.0,169,169,1,0.0,False
16508,83.97,1,83.97,3.0,129,129,1,0.0,False
16509,3258.79,2,1629.395,3.0,53,645,3,0.985899674419033,True
16510,27.28,1,27.28,2.0,266,266,1,0.0,False
16512,3262.83,2,1631.415,1.5,230,641,2,0.984678944351989,True
16514,4761.74,2,2380.87,2.0,323,1085,2,0.9867737423714862,True
16517,4698.76,2,2349.38,1.0,283,1095,1,1.0,True
16518,4698.76,2,2349.38,1.0,279,1080,1,1.0,True
16519,4752.75,2,2376.375,1.5,265,1071,2,0.9886402609015833,True
16520,4727.74,2,2363.87,2.0,268,1091,2,0.993870221289665,True
16521,4698.76,2,2349.38,1.0,273,1075,1,1.0,True
16525,4752.75,2,2376.375,1.5,238,1081,2,0.9886402609015833,True
16526,4758.24,2,2379.12,2.0,202,1079,3,0.9874995796765191,True
16527,4752.75,2,2376.375,1.5,188,1087,2,0.9886402609015833,True
16528,4698.76,2,2349.38,1.0,192,1071,1,1.0,True
16531,3291.8,2,1645.9,3.0,20,613,3,0.9760131235190476,True
16534,4820.5025000000005,2,2410.2512500000003,2.5,69,553,2,0.9594253918548947,True
16535,37.97,1,37.97,3.0,210,210,2,0.0,False
16539,83.97,1,83.97,3.0,327,327,2,0.0,False
16540,4696.4925,2,2348.24625,2.5,38,536,2,0.9847588386439454,True
16542,44.97,2,22.485,1.5,4,174,1,0.0,False
16544,28.98,1,28.98,2.0,151,151,1,0.0,False
16545,31.27,1,31.27,3.0,79,79,1,0.0,False
16548,4624.9125,2,2312.45625,1.0,40,379,1,1.0,True
16551,5032.76,2,2516.38,3.5,35,374,3,0.9709781511536414,True
16553,3001.0425,2,1500.52125,1.5,214,620,2,0.9833424551634974,True
16555,31.27,1,31.27,3.0,102,102,1,0.0,False
16556,86.95,1,86.95,4.0,192,192,1,0.0,False
16557,31.27,1,31.27,3.0,279,279,1,0.0,False
16558,24.99,1,24.99,1.0,281,281,1,0.0,False
16559,4705.4825,2,2352.74125,3.0,7,371,3,0.9828774201157905,True
16561,3030.0325000000003,2,1515.0162500000001,2.0,9,613,2,0.9739342729822206,True
16563,62.95,2,31.475,2.5,175,322,2,0.0,False
16564,132.26999999999998,2,66.13499999999999,2.0,127,223,1,0.0,False
16565,7203.66,3,2401.22,2.6666666666666665,55,525,2,0.9887210112637188,True
16568,69.97,1,69.97,3.0,322,322,1,0.0,False
16570,4219.32,2,2109.66,2.0,346,387,3,0.9822293639733418,True
16571,52.919999999999995,2,26.459999999999997,2.0,16,204,1,0.0,False
16579,97.94999999999999,2,48.974999999999994,2.5,56,173,2,0.0,False
16588,6994.5825,3,2331.5275,2.6666666666666665,116,609,2,0.9844222296327194,True
16589,7343.6900000000005,3,2447.896666666667,2.0,104,581,2,0.9732722922672389,True
16590,168.95,2,84.475,2.5,135,213,2,0.0,False
16591,137.96,2,68.98,2.0,55,190,2,0.0,False
16595,6901.3825,3,2300.460833333333,2.3333333333333335,114,591,3,0.9940939369756712,True
16596,4486.5425,2,2243.27125,1.5,132,386,2,0.9977733410527149,True
16597,103.49,1,103.49,3.0,303,303,2,0.0,False
16599,149.46,2,74.73,2.0,11,195,2,0.0,False
16600,124.97,1,124.97,4.0,228,228,2,0.0,False
16603,7000.5525,3,2333.5175,3.0,140,540,3,0.9835827243635415,True
16607,5897.530000000001,2,2948.7650000000003,2.0,23,1090,2,0.9958847178395024,True
16609,344.03999999999996,2,172.01999999999998,4.5,271,334,2,0.0,False
16610,67.58,2,33.79,1.5,268,293,1,0.0,False
16618,76.15,2,38.075,3.0,29,131,1,0.0,False
16619,97.58,2,48.79,1.5,162,296,1,0.0,False
16622,36.59,1,36.59,2.0,139,139,1,0.0,False
16623,5973.24,2,2986.62,2.5,22,1076,2,0.9874473485076777,True
16624,5938.25,2,2969.125,2.0,7,1096,2,0.9932656927545994,True
16625,81.81,2,40.905,3.0,180,253,1,0.0,False
16626,71.57,2,35.785,2.0,224,305,1,0.0,False
16628,187.57999999999998,2,93.78999999999999,2.0,8,111,1,0.0,False
16629,5933.26,2,2966.63,1.5,20,1089,2,0.9941010506871433,True
16630,5973.24,2,2986.62,2.5,25,1067,2,0.9874473485076777,True
16632,68.87,2,34.435,2.0,77,158,1,0.0,False
16634,106.56,2,53.28,2.5,69,119,1,0.0,False
16635,38.88,1,38.88,3.0,256,256,1,0.0,False
16636,5932.74,2,2966.37,2.0,20,1075,3,0.9899742783267091,True
16638,5974.23,2,2987.115,2.0,16,1052,3,0.9872837168974078,True
16641,2391.43,1,2391.43,6.0,65,65,3,0.9596726644727217,False
16642,39.98,1,39.98,2.0,34,34,1,0.0,False
16643,126.96,2,63.48,1.5,231,268,2,0.0,False
16646,250.91,2,125.455,4.0,7,58,2,0.0,False
16647,54.98,1,54.98,2.0,103,103,2,0.0,False
16649,115.94,2,57.97,2.5,7,89,2,0.0,False
16650,4.99,1,4.99,1.0,54,54,1,0.0,False
16651,13.98,1,13.98,2.0,37,37,2,0.0,False
16652,48.97,1,48.97,3.0,159,159,2,0.0,False
16653,2411.95,1,2411.95,5.0,82,82,2,0.9515081158398807,False
16654,3056.32,2,1528.16,2.0,145,304,3,0.9937899172861481,False
16657,5900.55,2,2950.275,1.5,24,1056,2,0.9996119005855386,True
16659,5873.26,2,2936.63,1.0,21,1062,1,1.0,True
16662,4355.71,2,2177.855,1.5,347,1064,2,0.9981748096177202,True
16664,4377.75,2,2188.875,1.5,334,1054,2,0.9931494489178231,True
16669,4.99,1,4.99,1.0,58,58,1,0.0,False
16671,4.99,1,4.99,1.0,17,17,1,0.0,False
16672,7.28,1,7.28,2.0,195,195,1,0.0,False
16674,76.15,2,38.075,3.0,123,248,1,0.0,False
16675,4385.03,2,2192.515,2.5,317,1061,2,0.9915006282739229,True
16677,13.98,1,13.98,2.0,152,152,2,0.0,False
16678,3162.31,2,1581.155,3.0,126,298,3,0.9604814202276186,False
16679,106.56,2,53.28,2.5,274,322,1,0.0,False
16680,104.86,2,52.43,2.5,74,143,1,0.0,False
16684,4158.24,2,2079.12,2.0,29,1056,2,0.9963975143329872,True
16685,4183.23,2,2091.615,2.5,20,1057,2,0.9844689390733956,True
16688,6081.1,2,3040.55,2.0,366,1038,3,0.9902188748746116,True
16689,290.46000000000004,2,145.23000000000002,3.0,132,134,2,0.0,False
16691,4471.74,2,2235.87,2.0,292,1036,2,0.9722747744725768,True
16692,31.27,2,15.635,1.5,136,264,1,0.0,False
16695,76.15,2,38.075,3.0,61,118,1,0.0,False
16696,4506.76,2,2253.38,1.5,298,1060,2,0.9647196655690563,True
16697,87.08,2,43.54,1.5,86,308,2,0.0,False
16699,67.58,2,33.79,1.5,94,235,1,0.0,False
16700,92.97,2,46.485,1.5,188,195,2,0.0,False
16701,4426.74,2,2213.37,2.0,285,1046,2,0.9821584280983298,True
16702,6021.62,2,3010.81,1.0,359,1043,1,1.0,True
16703,6090.59,2,3045.295,2.5,330,1055,2,0.9886759739204249,True
16704,91.26,2,45.63,2.0,171,188,2,0.0,False
16708,4406.74,2,2203.37,2.0,249,1045,3,0.9866159564666852,True
16710,91.26,2,45.63,2.0,3,180,2,0.0,False
16711,132.95,2,66.475,2.5,171,298,2,0.0,False
16712,4417.75,2,2208.875,1.5,259,1061,2,0.9841570935430932,True
16713,6090.59,2,3045.295,2.5,325,1041,2,0.9886759739204249,True
16715,7.28,1,7.28,2.0,128,128,1,0.0,False
16716,27.92,1,27.92,4.0,266,266,1,0.0,False
16719,39.98,1,39.98,2.0,72,72,1,0.0,False
16720,39.98,1,39.98,2.0,182,182,1,0.0,False
16721,73.75,2,36.875,2.5,1,266,1,0.0,False
16725,13.98,1,13.98,2.0,21,21,2,0.0,False
16726,7.28,1,7.28,2.0,4,4,1,0.0,False
16728,2443.35,1,2443.35,1.0,204,204,1,1.0,False
16729,38.92,2,19.46,1.5,76,136,1,0.0,False
16731,155.90999999999997,3,51.96999999999999,2.6666666666666665,46,302,2,0.0,False
16734,128.97,2,64.485,1.5,202,245,2,0.0,False
16735,58.98,1,58.98,2.0,131,131,2,0.0,False
16736,59.98,1,59.98,2.0,198,198,1,0.0,False
16737,4.99,1,4.99,1.0,104,104,1,0.0,False
16738,44.95,2,22.475,2.0,224,292,2,0.0,False
16740,6099.1,2,3049.55,2.5,319,1064,3,0.9872964863668411,True
16742,6044.59,2,3022.295,2.5,291,1042,3,0.9961999076860466,True
16744,6070.59,2,3035.295,2.5,297,1048,2,0.9919332387790973,True
16745,6021.62,2,3010.81,1.0,284,1057,1,1.0,True
16748,58.98,1,58.98,2.0,22,22,2,0.0,False
16750,7.28,1,7.28,2.0,284,284,1,0.0,False
16752,2512.32,1,2512.32,4.0,135,135,2,0.972547286969813,False
16754,3118.6,2,1559.3,3.5,150,288,2,0.9819598537805426,False
16755,2316.97,1,2316.97,2.0,72,72,2,0.9905134723367156,False
16758,3062.3399999999997,2,1531.1699999999998,1.0,130,209,1,1.0,False
16759,7.28,1,7.28,2.0,68,68,1,0.0,False
16761,2475.95,1,2475.95,2.0,100,100,2,0.9868333366990448,False
16762,2479.94,1,2479.94,3.0,99,99,2,0.9852456107809061,False
16763,1700.99,1,1700.99,1.0,263,263,1,1.0,False
16765,4.99,1,4.99,1.0,155,155,1,0.0,False
16769,4.99,1,4.99,1.0,74,74,1,0.0,False
16773,13.98,1,13.98,2.0,175,175,2,0.0,False
16774,54.98,1,54.98,2.0,198,198,2,0.0,False
16775,4.99,1,4.99,1.0,102,102,1,0.0,False
16783,2457.33,1,2457.33,3.0,38,38,2,0.9943108984141326,False
16784,1735.98,1,1735.98,2.0,242,242,2,0.9798442378368414,False
16785,2342.92,1,2342.92,4.0,91,91,2,0.990213067454288,False
16786,2294.99,1,2294.99,1.0,65,65,1,1.0,False
16787,39.98,1,39.98,2.0,35,35,1,0.0,False
16791,1729.97,1,1729.97,3.0,221,221,2,0.9832482644207703,False
16793,1788.95,1,1788.95,5.0,357,357,3,0.9508314933340787,False
16794,1785.97,1,1785.97,3.0,349,349,3,0.9524180137404323,False
16797,1732.26,1,1732.26,4.0,356,356,2,0.9819484373015598,False
16798,1764.96,1,1764.96,4.0,348,348,2,0.9637555525337684,False
16799,1700.99,1,1700.99,1.0,341,341,1,1.0,False
16800,39.25,2,19.625,2.0,30,196,1,0.0,False
16802,13.98,1,13.98,2.0,316,316,2,0.0,False
16804,1728.27,1,1728.27,3.0,349,349,2,0.9842154293021346,False
16805,1768.96,1,1768.96,4.0,349,349,3,0.9615762934153401,False
16806,54.98,1,54.98,2.0,23,23,2,0.0,False
16809,13.98,1,13.98,2.0,75,75,2,0.0,False
16810,3064.63,2,1532.315,1.5,62,143,2,0.9992527646077993,False
16813,13.98,1,13.98,2.0,36,36,2,0.0,False
16817,4.99,1,4.99,1.0,78,78,1,0.0,False
16818,2391.94,1,2391.94,5.0,84,84,2,0.9699198140421585,False
16819,2316.97,1,2316.97,2.0,78,78,2,0.9905134723367156,False
16820,3217.79,2,1608.895,3.5,21,131,3,0.9439211384210904,False
16822,7176.380000000001,3,2392.126666666667,2.0,105,599,3,0.9924794952329727,True
16824,6938.5925,3,2312.8641666666667,2.0,152,527,3,0.9923658868855608,True
16827,7205.360000000001,3,2401.786666666667,2.6666666666666665,69,595,3,0.9884877369069694,True
16829,7185.370000000001,3,2395.1233333333334,2.3333333333333335,87,602,3,0.9912377511526895,True
16831,7206.370000000001,3,2402.1233333333334,2.3333333333333335,74,585,2,0.9883491966135517,True
16832,2369.96,1,2369.96,4.0,69,69,2,0.9789152559536872,False
16833,2343.96,1,2343.96,4.0,63,63,3,0.9897737162750221,False
16834,1750.98,1,1750.98,2.0,218,218,2,0.9714502735610915,False
16835,2294.99,1,2294.99,1.0,79,79,1,1.0,False
16838,13.98,1,13.98,2.0,91,91,2,0.0,False
16844,2369.97,1,2369.97,4.0,69,69,2,0.968362468723233,False
16851,2369.96,1,2369.96,4.0,68,68,2,0.9789152559536872,False
16855,150.95,2,75.475,2.0,13,75,2,0.0,False
16860,4.99,1,4.99,1.0,293,293,1,0.0,False
16863,64.47,1,64.47,3.0,300,300,2,0.0,False
16865,2369.96,1,2369.96,4.0,69,69,2,0.9789152559536872,False
16866,2444.45,1,2444.45,6.0,78,78,3,0.9388574116877011,False
16869,2376.96,1,2376.96,3.0,87,87,2,0.9760324111470113,False
16870,149.04,3,49.68,2.0,191,330,2,0.0,False
16871,2316.97,1,2316.97,2.0,84,84,2,0.9905134723367156,False
16872,2359.24,1,2359.24,5.0,75,75,2,0.9833632864820876,False
16873,578.46,1,578.46,4.0,160,160,3,0.9334958337655153,False
16876,151.83999999999997,3,50.61333333333332,2.0,25,250,2,0.0,False
16878,1735.98,1,1735.98,2.0,310,310,2,0.9798442378368414,False
16879,1728.27,1,1728.27,3.0,307,307,2,0.9842154293021346,False
16881,2319.99,1,2319.99,1.0,63,63,1,1.0,False
16882,2294.99,1,2294.99,1.0,66,66,1,1.0,False
16885,39.98,1,39.98,2.0,289,289,1,0.0,False
16886,1729.97,1,1729.97,3.0,329,329,2,0.9832482644207703,False
16887,1769.96,1,1769.96,4.0,313,313,2,0.9610330176953151,False
16890,1808.45,1,1808.45,5.0,291,291,3,0.9405789488235782,False
16892,2341.97,1,2341.97,2.0,66,66,2,0.9906147388736832,False
16894,1763.97,1,1763.97,3.0,298,298,2,0.9642964449508779,False
16896,1714.97,1,1714.97,3.0,289,289,2,0.9918482539053162,False
16897,1763.97,1,1763.97,3.0,304,304,2,0.9642964449508779,False
16898,1750.98,1,1750.98,2.0,279,279,2,0.9714502735610915,False
16899,4.99,1,4.99,1.0,197,197,1,0.0,False
16900,7.28,1,7.28,2.0,135,135,1,0.0,False
16902,141.98,1,141.98,2.0,221,221,1,0.0,False
16903,4.99,1,4.99,1.0,48,48,1,0.0,False
16905,4.99,1,4.99,1.0,149,149,1,0.0,False
16909,2376.96,1,2376.96,3.0,64,64,2,0.9760324111470113,False
16912,2380.47,1,2380.47,3.0,34,34,3,0.964091124861897,False
16913,13.98,1,13.98,2.0,129,129,2,0.0,False
16914,2361.95,1,2361.95,4.0,32,32,2,0.9716505429835519,False
16916,2434.92,1,2434.92,8.0,47,47,3,0.9425319928375474,False
16919,70.95,2,35.475,2.0,8,256,1,0.0,False
16920,1700.99,1,1700.99,1.0,281,281,1,1.0,False
16923,59.98,1,59.98,2.0,24,24,1,0.0,False
16925,1764.96,1,1764.96,4.0,265,265,2,0.9637555525337684,False
16929,4733.75,2,2366.875,1.5,189,1050,2,0.9926083971481384,True
16930,7.95,1,7.95,1.0,272,272,1,0.0,False
16933,94.96,2,47.48,2.0,15,101,2,0.0,False
16935,94.96,2,47.48,2.0,97,174,2,0.0,False
16936,63.97,1,63.97,3.0,315,315,1,0.0,False
16937,3926.5325000000003,2,1963.2662500000001,2.0,348,379,3,0.988799277734235,True
16938,3110.0525,2,1555.02625,1.5,6,598,2,0.9488754611055601,True
16939,29.98,1,29.98,2.0,130,130,1,0.0,False
16944,4253.8099999999995,2,2126.9049999999997,2.5,361,516,3,0.9742654232323495,True
16948,176.43,2,88.215,3.0,181,270,2,0.0,False
16949,1789.97,1,1789.97,3.0,254,254,3,0.950289669659268,False
16950,211.01000000000002,3,70.33666666666667,3.3333333333333335,160,244,2,0.0,False
16952,1735.98,1,1735.98,2.0,215,215,2,0.9798442378368414,False
16953,13.98,1,13.98,2.0,331,331,2,0.0,False
16958,168.01999999999998,3,56.00666666666666,2.6666666666666665,271,322,2,0.0,False
16959,135.35000000000002,3,45.116666666666674,2.0,130,298,2,0.0,False
16963,39.98,1,39.98,2.0,272,272,1,0.0,False
16964,108.54,3,36.18,2.0,190,332,1,0.0,False
16968,2325.96,1,2325.96,3.0,42,42,3,0.9866850676709833,False
16969,2439.99,1,2439.99,2.0,43,43,2,0.9508194705716007,False
16970,1754.98,1,1754.98,2.0,262,262,2,0.969236116650902,False
16971,64.47,1,64.47,3.0,188,188,2,0.0,False
16973,1857.92,1,1857.92,5.0,258,258,2,0.9155345763003789,False
16974,1729.97,1,1729.97,3.0,265,265,2,0.9832482644207703,False
16978,4.99,1,4.99,1.0,293,293,1,0.0,False
16979,2322.28,1,2322.28,2.0,47,47,2,0.9990139001326283,False
16980,39.98,1,39.98,2.0,263,263,1,0.0,False
16985,13.98,1,13.98,2.0,127,127,2,0.0,False
16987,2414.99,1,2414.99,2.0,139,139,2,0.9503103532519803,False
16989,2319.99,1,2319.99,1.0,34,34,1,1.0,False
16993,124.99,1,124.99,2.0,188,188,1,0.0,False
16995,1735.98,1,1735.98,2.0,202,202,2,0.9798442378368414,False
17000,2294.99,1,2294.99,1.0,48,48,1,1.0,False
17001,2341.97,1,2341.97,2.0,53,53,2,0.9906147388736832,False
17004,2418.48,1,2418.48,3.0,59,59,3,0.9592760742284411,False
17007,2329.99,1,2329.99,2.0,49,49,2,0.9849784763024734,False
17008,2316.97,1,2316.97,2.0,45,45,2,0.9905134723367156,False
17010,2384.97,1,2384.97,4.0,45,45,3,0.9622720621223749,False
17011,1750.98,1,1750.98,2.0,236,236,2,0.9714502735610915,False
17012,1750.98,1,1750.98,2.0,219,219,2,0.9714502735610915,False
17013,2401.45,1,2401.45,4.0,42,42,3,0.9660788273751277,False
17016,98.96,1,98.96,4.0,317,317,2,0.0,False
17018,93.97,1,93.97,3.0,235,235,2,0.0,False
17019,54.98,1,54.98,2.0,30,30,2,0.0,False
17020,1714.97,1,1714.97,3.0,242,242,2,0.9918482539053162,False
17025,1709.98,1,1709.98,2.0,168,168,2,0.9947426285687552,False
17029,1759.97,1,1759.97,3.0,217,217,2,0.9664880651374739,False
17030,1700.99,1,1700.99,1.0,238,238,1,1.0,False
17031,13.98,1,13.98,2.0,265,265,2,0.0,False
17032,12.94,1,12.94,2.0,78,78,1,0.0,False
17034,1750.98,1,1750.98,2.0,155,155,2,0.9714502735610915,False
17035,58.98,1,58.98,2.0,318,318,2,0.0,False
17037,2334.97,1,2334.97,3.0,117,117,2,0.9935845000149897,False
17038,2442.28,1,2442.28,3.0,58,58,2,0.9499279361907725,False
17039,1799.48,1,1799.48,3.0,238,238,3,0.9452675217284994,False
17041,1700.99,1,1700.99,1.0,223,223,1,1.0,False
17044,39.98,1,39.98,2.0,107,107,1,0.0,False
17045,4480.73,2,2240.365,2.5,254,1045,2,0.970324032021568,True
17047,4347.76,2,2173.88,1.0,272,1062,1,1.0,True
17049,4347.76,2,2173.88,1.0,227,1037,1,1.0,True
17050,4496.23,2,2248.115,2.5,230,1040,2,0.9669790024086847,True
17052,96.92,2,48.46,2.0,194,254,2,0.0,False
17053,123.96000000000001,2,61.980000000000004,2.0,108,221,2,0.0,False
17057,32.28,1,32.28,2.0,257,257,1,0.0,False
17060,123.96000000000001,2,61.980000000000004,2.0,107,169,2,0.0,False
17061,86.27000000000001,2,43.135000000000005,1.5,168,170,2,0.0,False
17062,91.26,2,45.63,2.0,295,335,2,0.0,False
17064,4506.76,2,2253.38,1.5,233,1022,2,0.9647196655690563,True
17065,4417.75,2,2208.875,1.5,190,1030,2,0.9841570935430932,True
17066,105.75,2,52.875,2.5,90,147,2,0.0,False
17068,53.99,1,53.99,1.0,184,184,1,0.0,False
17069,4426.74,2,2213.37,2.0,185,1024,2,0.9821584280983298,True
17070,123.96000000000001,2,61.980000000000004,2.0,313,321,2,0.0,False
17072,123.96000000000001,2,61.980000000000004,2.0,35,70,2,0.0,False
17073,78.97,2,39.485,1.5,84,149,2,0.0,False
17075,77.27000000000001,2,38.635000000000005,1.5,130,134,2,0.0,False
17076,103.46000000000001,2,51.730000000000004,2.0,4,142,2,0.0,False
17077,138.45,2,69.225,2.5,174,303,2,0.0,False
17079,4417.75,2,2208.875,1.5,203,1014,2,0.9841570935430932,True
17080,2732.6975,2,1366.34875,2.5,307,704,2,0.9885570942264925,True
17082,3891.5425,2,1945.77125,1.5,317,499,2,0.9976898620534146,True
17083,51.96,1,51.96,3.0,278,278,1,0.0,False
17085,2986.0325000000003,2,1493.0162500000001,2.0,198,565,2,0.9882854590497593,True
17086,4194.33,2,2097.165,1.5,320,503,2,0.9880815291119202,True
17090,64.97,1,64.97,3.0,76,76,1,0.0,False
17092,37.27,1,37.27,3.0,324,324,1,0.0,False
17093,6917.5925,3,2305.8641666666667,1.6666666666666667,32,496,2,0.9917644758635321,True
17094,3001.0425,2,1500.52125,1.5,190,556,2,0.9833424551634974,True
17095,2760.4075000000003,2,1380.2037500000001,2.0,290,727,2,0.97863358942475,True
17096,4144.34,2,2072.17,1.0,328,493,1,1.0,True
17100,95.94,1,95.94,5.0,98,98,2,0.0,False
17102,32.27,1,32.27,3.0,293,293,1,0.0,False
17105,83.44,2,41.72,3.0,209,324,2,0.0,False
17106,72.96,1,72.96,4.0,88,88,2,0.0,False
17107,4179.33,2,2089.665,1.5,328,493,2,0.991627844654526,True
17109,2769.3975,2,1384.69875,2.5,296,642,3,0.9754567554856248,True
17110,47.26,2,23.63,2.0,92,274,1,0.0,False
17114,7275.360000000001,3,2425.1200000000003,3.0,51,496,3,0.9824132414066109,True
17115,3008.0225,2,1504.01125,2.0,202,551,2,0.981060646986517,True
17119,214.89999999999998,3,71.63333333333333,3.0,245,309,2,0.0,False
17120,1735.98,1,1735.98,2.0,222,222,2,0.9798442378368414,False
17121,1735.98,1,1735.98,2.0,216,216,2,0.9798442378368414,False
17123,562.96,1,562.96,4.0,197,197,3,0.9591978115674292,False
17124,562.96,1,562.96,4.0,200,200,3,0.9591978115674292,False
17125,539.99,1,539.99,1.0,83,83,1,1.0,False
17126,69.99,1,69.99,1.0,138,138,1,0.0,False
17129,1735.98,1,1735.98,2.0,221,221,2,0.9798442378368414,False
17130,98.96,1,98.96,4.0,300,300,2,0.0,False
17132,4.99,1,4.99,1.0,25,25,1,0.0,False
17137,4.99,1,4.99,1.0,312,312,1,0.0,False
17139,2309.97,1,2309.97,3.0,53,53,2,0.9935150672952464,False
17142,1728.27,1,1728.27,3.0,218,218,2,0.9842154293021346,False
17146,39.98,1,39.98,2.0,55,55,1,0.0,False
17148,1775.47,1,1775.47,3.0,126,126,2,0.958050544362901,False
17149,1735.98,1,1735.98,2.0,203,203,2,0.9798442378368414,False
17150,1764.96,1,1764.96,4.0,195,195,2,0.9637555525337684,False
17152,12.94,1,12.94,2.0,151,151,1,0.0,False
17154,1764.96,1,1764.96,4.0,198,198,2,0.9637555525337684,False
17156,2502.27,1,2502.27,5.0,54,54,3,0.9171632158000537,False
17159,1735.98,1,1735.98,2.0,208,208,2,0.9798442378368414,False
17160,4.99,1,4.99,1.0,48,48,1,0.0,False
17163,1732.26,1,1732.26,4.0,186,186,2,0.9819484373015598,False
17164,12.94,1,12.94,2.0,45,45,1,0.0,False
17165,4.99,1,4.99,1.0,320,320,1,0.0,False
17167,1735.98,1,1735.98,2.0,197,197,2,0.9798442378368414,False
17168,4.99,1,4.99,1.0,204,204,1,0.0,False
17169,4.99,1,4.99,1.0,286,286,1,0.0,False
17170,13.98,1,13.98,2.0,260,260,2,0.0,False
17172,68.49,1,68.49,2.0,145,145,2,0.0,False
17173,4.99,1,4.99,1.0,48,48,1,0.0,False
17174,4.99,1,4.99,1.0,195,195,1,0.0,False
17176,2369.96,1,2369.96,4.0,55,55,2,0.9789152559536872,False
17177,13.98,1,13.98,2.0,189,189,2,0.0,False
17178,13.98,1,13.98,2.0,14,14,2,0.0,False
17182,6950.6025,3,2316.8675,1.6666666666666667,77,578,2,0.9870543596760137,True
17183,7175.860000000001,3,2391.9533333333334,2.6666666666666665,136,500,3,0.9925514154401007,True
17184,7253.35,3,2417.7833333333333,2.6666666666666665,135,493,2,0.9853943350313995,True
17187,3310.4075,2,1655.20375,2.0,152,648,2,0.9954748773376089,True
17188,3350.4175,2,1675.20875,1.5,151,649,2,0.9835871201126427,True
17191,6895.6125,3,2298.5375,1.3333333333333333,139,512,2,0.9949257589517972,True
17200,21.98,1,21.98,1.0,250,250,1,0.0,False
17201,21.98,1,21.98,1.0,6,6,1,0.0,False
17202,6974.0625,3,2324.6875,3.0,46,549,3,0.9873187256351662,True
17204,114.96000000000001,2,57.480000000000004,2.5,51,234,1,0.0,False
17205,74.97999999999999,2,37.489999999999995,1.5,51,105,1,0.0,False
17207,6979.5625,3,2326.5208333333335,3.0,38,563,2,0.9829588172611108,True
17209,7182.4,3,2394.133333333333,1.3333333333333333,146,462,2,0.9951283693472934,True
17212,61.97,1,61.97,3.0,33,33,1,0.0,False
17213,179.95,2,89.975,3.0,170,194,2,0.0,False
17215,31.97,1,31.97,2.0,113,113,1,0.0,False
17217,80.96,1,80.96,3.0,247,247,2,0.0,False
17219,35.0,1,35.0,1.0,125,125,1,0.0,False
17222,36.96,1,36.96,3.0,169,169,1,0.0,False
17223,21.98,1,21.98,1.0,121,121,1,0.0,False
17224,66.96,1,66.96,3.0,226,226,1,0.0,False
17225,6986.8725,3,2328.9575,2.6666666666666665,60,573,3,0.9855085376182262,True
17228,77.27000000000001,2,38.635000000000005,1.5,55,155,2,0.0,False
17230,83.98,2,41.99,1.0,131,280,2,0.0,False
17231,83.98,2,41.99,1.0,120,202,2,0.0,False
17232,4347.76,2,2173.88,1.0,178,1010,1,1.0,True
17233,4347.76,2,2173.88,1.0,180,1012,1,1.0,True
17234,91.26,2,45.63,2.0,23,220,2,0.0,False
17237,62.98,1,62.98,2.0,298,298,1,0.0,False
17239,32.28,1,32.28,2.0,108,108,1,0.0,False
17240,4385.03,2,2192.515,2.5,143,1012,2,0.9915006282739229,True
17241,4382.75,2,2191.375,1.5,131,1015,2,0.9920164280417546,True
17243,83.98,2,41.99,1.0,207,314,2,0.0,False
17244,86.27000000000001,2,43.135000000000005,1.5,186,253,2,0.0,False
17247,4432.72,2,2216.36,2.5,150,1026,3,0.9808334386110562,True
17249,4426.74,2,2213.37,2.0,95,1022,2,0.9821584280983298,True
17251,123.96000000000001,2,61.980000000000004,2.0,202,326,2,0.0,False
17254,147.48,2,73.74,1.5,264,313,2,0.0,False
17256,4362.74,2,2181.37,2.0,98,1006,2,0.9965663780101497,True
17257,4480.73,2,2240.365,2.5,98,1019,2,0.970324032021568,True
17260,39.98,1,39.98,2.0,285,285,1,0.0,False
17262,1735.98,1,1735.98,2.0,214,214,2,0.9798442378368414,False
17264,2325.96,1,2325.96,3.0,39,39,3,0.9866850676709833,False
17265,4.99,1,4.99,1.0,119,119,1,0.0,False
17266,59.98,1,59.98,2.0,103,103,1,0.0,False
17269,1728.27,1,1728.27,3.0,211,211,2,0.9842154293021346,False
17271,1725.98,1,1725.98,2.0,203,203,2,0.985521269076119,False
17273,67.97,1,67.97,3.0,20,20,2,0.0,False
17274,13.98,1,13.98,2.0,237,237,2,0.0,False
17276,67.97,1,67.97,3.0,333,333,2,0.0,False
17277,4426.74,2,2213.37,2.0,81,1006,2,0.9821584280983298,True
17281,83.97,2,41.985,1.5,86,119,2,0.0,False
17283,58.98,1,58.98,2.0,168,168,1,0.0,False
17284,90.25,2,45.125,2.5,150,328,2,0.0,False
17285,6093.2,2,3046.6,2.5,202,1020,2,0.9882524781723889,True
17288,4426.24,2,2213.12,2.5,90,1006,3,0.9822693753614807,True
17291,86.27000000000001,2,43.135000000000005,1.5,255,329,2,0.0,False
17294,4355.71,2,2177.855,1.5,55,1027,2,0.9981748096177202,True
17295,4392.74,2,2196.37,2.0,62,1022,2,0.9897603773499002,True
17296,63.97,1,63.97,3.0,125,125,1,0.0,False
17298,174.45,2,87.225,2.5,143,184,2,0.0,False
17301,74.98,2,37.49,1.0,32,97,2,0.0,False
17303,123.44999999999999,2,61.724999999999994,2.5,112,134,2,0.0,False
17305,196.97,1,196.97,4.0,334,334,2,0.0,False
17306,117.96000000000001,2,58.980000000000004,2.0,220,285,2,0.0,False
17307,132.95,2,66.475,2.5,310,311,2,0.0,False
17308,6021.62,2,3010.81,1.0,184,1030,1,1.0,True
17309,6030.610000000001,2,3015.3050000000003,1.5,206,1034,2,0.9985092718647036,True
17310,6029.57,2,3014.785,1.5,208,1034,2,0.9986814980172716,True
17311,69.97,1,69.97,3.0,37,37,1,0.0,False
17312,4471.74,2,2235.87,2.0,48,1021,2,0.9722747744725768,True
17314,78.96,2,39.48,2.0,17,47,2,0.0,False
17315,6030.610000000001,2,3015.3050000000003,1.5,192,1033,2,0.9985092718647036,True
17316,97.44999999999999,2,48.724999999999994,2.5,32,56,2,0.0,False
17317,128.95,2,64.475,2.5,92,140,2,0.0,False
17318,43.97,2,21.985,1.5,248,273,2,0.0,False
17323,84.96,2,42.48,1.5,15,283,2,0.0,False
17324,80.94,2,40.47,2.5,64,128,2,0.0,False
17325,54.940000000000005,2,27.470000000000002,2.5,65,276,2,0.0,False
17331,40.96,2,20.48,1.5,117,206,2,0.0,False
17334,4347.76,2,2173.88,1.0,23,1015,1,1.0,True
17337,123.91,3,41.303333333333335,2.3333333333333335,60,298,1,0.0,False
17338,47.25,2,23.625,2.5,51,130,1,0.0,False
17341,35.96,1,35.96,3.0,117,117,2,0.0,False
17343,39.98,1,39.98,2.0,224,224,1,0.0,False
17344,4.99,1,4.99,1.0,79,79,1,0.0,False
17345,1764.96,1,1764.96,4.0,119,119,2,0.9637555525337684,False
17347,119.72,3,39.906666666666666,2.3333333333333335,52,210,1,0.0,False
17349,64.47,1,64.47,3.0,74,74,2,0.0,False
17350,127.47,2,63.735,2.0,87,306,2,0.0,False
17353,6035.6,2,3017.8,2.0,173,994,2,0.9976837431241302,True
17354,6029.57,2,3014.785,1.5,169,1001,2,0.9986814980172716,True
17357,4.99,1,4.99,1.0,247,247,1,0.0,False
17359,39.98,1,39.98,2.0,300,300,1,0.0,False
17361,1759.97,1,1759.97,3.0,207,207,2,0.9664880651374739,False
17362,2309.97,1,2309.97,3.0,36,36,2,0.9935150672952464,False
17365,2369.96,1,2369.96,4.0,48,48,2,0.9789152559536872,False
17366,39.98,1,39.98,2.0,290,290,1,0.0,False
17367,68.49,1,68.49,2.0,266,266,2,0.0,False
17368,4.99,1,4.99,1.0,325,325,1,0.0,False
17371,151.92000000000002,3,50.64000000000001,2.3333333333333335,20,178,2,0.0,False
17373,1735.98,1,1735.98,2.0,103,103,2,0.9798442378368414,False
17374,206.63,3,68.87666666666667,4.0,172,335,2,0.0,False
17375,24.49,1,24.49,1.0,239,239,1,0.0,False
17376,4.99,1,4.99,1.0,205,205,1,0.0,False
17377,4.99,1,4.99,1.0,94,94,1,0.0,False
17379,124.99,1,124.99,2.0,298,298,1,0.0,False
17380,39.98,1,39.98,2.0,293,293,1,0.0,False
17381,188.93,1,188.93,3.0,321,321,1,0.0,False
17383,7.28,1,7.28,2.0,104,104,1,0.0,False
17384,1760.47,1,1760.47,3.0,200,200,3,0.966213567967645,False
17386,1735.98,1,1735.98,2.0,200,200,2,0.9798442378368414,False
17387,148.19,3,49.39666666666667,3.3333333333333335,271,312,2,0.0,False
17388,1763.97,1,1763.97,3.0,118,118,2,0.9642964449508779,False
17389,1779.47,1,1779.47,3.0,208,208,2,0.9558969805616279,False
17390,39.98,1,39.98,2.0,236,236,1,0.0,False
17392,13.98,1,13.98,2.0,271,271,2,0.0,False
17393,2404.91,1,2404.91,4.0,45,45,2,0.9646889072771956,False
17394,68.49,1,68.49,2.0,70,70,2,0.0,False
17396,12.94,1,12.94,2.0,183,183,1,0.0,False
17398,2354.98,1,2354.98,2.0,58,58,2,0.9851421243492514,False
17399,2366.96,1,2366.96,3.0,60,60,3,0.9695939094872749,False
17402,2304.98,1,2304.98,2.0,102,102,2,0.9956659059948461,False
17403,2322.28,1,2322.28,2.0,123,123,2,0.9990139001326283,False
17404,1709.98,1,1709.98,2.0,97,97,2,0.9947426285687552,False
17405,1725.48,1,1725.48,2.0,193,193,2,0.9858068479495561,False
17406,7.28,1,7.28,2.0,87,87,1,0.0,False
17410,168.74,2,84.37,2.5,115,172,2,0.0,False
17411,155.47,2,77.735,1.5,66,132,2,0.0,False
17414,2294.99,1,2294.99,1.0,51,51,1,1.0,False
17415,2297.28,1,2297.28,2.0,62,62,2,0.9990031689650369,False
17416,2370.96,1,2370.96,3.0,62,62,3,0.9679581266659919,False
17417,2354.99,1,2354.99,2.0,37,37,2,0.9851379411377543,False
17418,39.98,1,39.98,2.0,241,241,1,0.0,False
17419,39.98,1,39.98,2.0,298,298,1,0.0,False
17427,2371.96,1,2371.96,3.0,36,36,2,0.9675500430024115,False
17428,39.98,1,39.98,2.0,213,213,1,0.0,False
17430,4.99,1,4.99,1.0,222,222,1,0.0,False
17431,4.99,1,4.99,1.0,288,288,1,0.0,False
17432,4.99,1,4.99,1.0,172,172,1,0.0,False
17433,2341.46,1,2341.46,3.0,48,48,3,0.9801534085570542,False
17435,67.97,1,67.97,3.0,84,84,2,0.0,False
17437,58.98,1,58.98,2.0,302,302,2,0.0,False
17438,59.98,1,59.98,2.0,93,93,1,0.0,False
17439,2341.97,1,2341.97,2.0,62,62,2,0.9906147388736832,False
17441,2404.95,1,2404.95,4.0,44,44,3,0.9646728622216679,False
17442,319.88,3,106.62666666666667,3.6666666666666665,9,309,2,0.0,False
17443,1754.98,1,1754.98,2.0,213,213,2,0.969236116650902,False
17447,13.98,1,13.98,2.0,329,329,2,0.0,False
17448,64.47,1,64.47,3.0,96,96,2,0.0,False
17452,4.99,1,4.99,1.0,37,37,1,0.0,False
17460,2339.97,1,2339.97,3.0,54,54,2,0.980777531335872,False
17462,2334.98,1,2334.98,3.0,47,47,2,0.9828735149765737,False
17463,1773.95,1,1773.95,5.0,205,205,3,0.9588714450801883,False
17464,1784.96,1,1784.96,4.0,191,191,3,0.9529569290068125,False
17465,1764.96,1,1764.96,4.0,185,185,2,0.9637555525337684,False
17466,68.49,1,68.49,2.0,75,75,2,0.0,False
17467,4.99,1,4.99,1.0,209,209,1,0.0,False
17469,7.28,1,7.28,2.0,55,55,1,0.0,False
17470,2329.99,1,2329.99,2.0,45,45,2,0.9849784763024734,False
17475,2370.96,1,2370.96,3.0,37,37,3,0.9679581266659919,False
17480,1725.98,1,1725.98,2.0,196,196,2,0.985521269076119,False
17484,126.96000000000001,2,63.480000000000004,1.5,253,311,2,0.0,False
17487,7.28,1,7.28,2.0,128,128,1,0.0,False
17488,4.99,1,4.99,1.0,288,288,1,0.0,False
17491,69.97,1,69.97,3.0,61,61,1,0.0,False
17492,84.47,1,84.47,3.0,193,193,2,0.0,False
17493,130.96,2,65.48,1.5,18,108,2,0.0,False
17494,111.96000000000001,2,55.980000000000004,1.5,217,220,1,0.0,False
17498,565.47,1,565.47,3.0,197,197,2,0.9549401382920403,False
17500,156.96,2,78.48,2.0,1,71,1,0.0,False
17501,141.98,2,70.99,1.0,63,174,1,0.0,False
17502,6070.59,2,3035.295,2.5,136,997,2,0.9919332387790973,True
17506,12.94,1,12.94,2.0,330,330,1,0.0,False
17507,68.97,1,68.97,3.0,151,151,2,0.0,False
17509,98.72,2,49.36,3.5,20,236,2,0.0,False
17510,4369.74,2,2184.87,1.5,12,1002,2,0.9949699524456833,True
17514,4142.23,2,2071.115,2.5,330,996,3,0.9942132619386178,True
17516,39.98,1,39.98,2.0,5,5,1,0.0,False
17517,39.98,1,39.98,2.0,37,37,1,0.0,False
17520,4.99,1,4.99,1.0,82,82,1,0.0,False
17521,1750.98,1,1750.98,2.0,179,179,2,0.9714502735610915,False
17522,74.94999999999999,2,37.474999999999994,2.0,50,163,2,0.0,False
17523,4.99,1,4.99,1.0,4,4,1,0.0,False
17524,2316.97,1,2316.97,2.0,39,39,2,0.9905134723367156,False
17526,4.99,1,4.99,1.0,272,272,1,0.0,False
17527,12.94,1,12.94,2.0,62,62,1,0.0,False
17529,13.98,1,13.98,2.0,95,95,2,0.0,False
17530,79.47,1,79.47,3.0,160,160,2,0.0,False
17536,2376.96,1,2376.96,3.0,36,36,2,0.9760324111470113,False
17538,4.99,1,4.99,1.0,197,197,1,0.0,False
17539,205.92000000000002,2,102.96000000000001,3.5,53,132,2,0.0,False
17541,4.99,1,4.99,1.0,214,214,1,0.0,False
17542,2341.97,1,2341.97,2.0,46,46,2,0.9906147388736832,False
17544,2359.98,1,2359.98,3.0,55,55,2,0.9830549411435691,False
17545,2341.97,1,2341.97,2.0,43,43,2,0.9906147388736832,False
17547,4.99,1,4.99,1.0,170,170,1,0.0,False
17548,1700.99,1,1700.99,1.0,162,162,1,1.0,False
17552,2357.28,1,2357.28,3.0,46,46,2,0.9841809203828141,False
17554,39.98,1,39.98,2.0,318,318,1,0.0,False
17555,2423.48,1,2423.48,4.0,62,62,3,0.9572969448891677,False
17556,4.99,1,4.99,1.0,269,269,1,0.0,False
17559,1749.96,1,1749.96,4.0,174,174,2,0.9720165032343596,False
17562,13.98,1,13.98,2.0,192,192,2,0.0,False
17563,2397.91,1,2397.91,5.0,41,41,2,0.9675050356351993,False
17565,1750.98,1,1750.98,2.0,154,154,2,0.9714502735610915,False
17566,1735.98,1,1735.98,2.0,167,167,2,0.9798442378368414,False
17568,1714.97,1,1714.97,3.0,145,145,2,0.9918482539053162,False
17569,64.47,1,64.47,3.0,307,307,2,0.0,False
17572,1735.98,1,1735.98,2.0,139,139,2,0.9798442378368414,False
17573,1735.98,1,1735.98,2.0,139,139,2,0.9798442378368414,False
17574,1709.98,1,1709.98,2.0,145,145,2,0.9947426285687552,False
17576,1750.98,1,1750.98,2.0,136,136,2,0.9714502735610915,False
17579,151.43,2,75.715,3.0,21,107,2,0.0,False
17580,2404.97,1,2404.97,3.0,43,43,3,0.9646648398940529,False
17581,2369.45,1,2369.45,5.0,56,56,3,0.9685749857561885,False
17585,164.46,2,82.23,2.0,26,294,2,0.0,False
17587,4.99,1,4.99,1.0,56,56,1,0.0,False
17590,4.99,1,4.99,1.0,302,302,1,0.0,False
17591,2337.27,1,2337.27,4.0,33,33,2,0.9819105195377514,False
17592,2334.97,1,2334.97,3.0,37,37,2,0.9935845000149897,False
17593,2380.47,1,2380.47,3.0,56,56,3,0.964091124861897,False
17595,1785.97,1,1785.97,3.0,45,45,3,0.9524180137404323,False
17596,1750.98,1,1750.98,2.0,139,139,2,0.9714502735610915,False
17597,1723.96,1,1723.96,4.0,132,132,3,0.9866760249657764,False
17599,13.98,1,13.98,2.0,147,147,2,0.0,False
17602,4.99,1,4.99,1.0,144,144,1,0.0,False
17603,4.99,1,4.99,1.0,99,99,1,0.0,False
17604,2369.97,1,2369.97,4.0,61,61,2,0.968362468723233,False
17605,39.98,1,39.98,2.0,256,256,1,0.0,False
17606,4.99,1,4.99,1.0,105,105,1,0.0,False
17607,54.98,1,54.98,2.0,122,122,2,0.0,False
17611,39.98,1,39.98,2.0,226,226,1,0.0,False
17612,2351.96,1,2351.96,3.0,36,36,2,0.9757776492797497,False
17616,4.99,1,4.99,1.0,249,249,1,0.0,False
17617,1754.98,1,1754.98,2.0,145,145,2,0.969236116650902,False
17620,1700.99,1,1700.99,1.0,149,149,1,1.0,False
17621,1732.26,1,1732.26,4.0,133,133,2,0.9819484373015598,False
17624,2357.28,1,2357.28,3.0,56,56,2,0.9841809203828141,False
17626,3001.0425,2,1500.52125,1.5,197,550,2,0.9833424551634974,True
17627,3021.0225,2,1510.51125,2.5,194,579,2,0.9768389676012015,True
17629,4173.32,2,2086.66,2.0,329,460,2,0.9930558883574709,True
17634,2736.4175,2,1368.20875,1.5,252,589,2,0.9872132085107628,True
17635,4153.33,2,2076.665,1.5,287,470,2,0.9978354717780673,True
17637,149.98,1,149.98,3.0,321,321,1,0.0,False
17638,69.97,1,69.97,3.0,23,23,1,0.0,False
17640,24.99,1,24.99,1.0,313,313,1,0.0,False
17641,2736.4175,2,1368.20875,1.5,228,583,2,0.9872132085107628,True
17644,3017.33,2,1508.665,1.5,359,530,2,0.9970205446537171,True
17645,132.27,2,66.135,2.0,48,90,1,0.0,False
17647,4122.7575,3,1374.2524999999998,1.6666666666666667,59,574,3,0.9793875822189396,True
17651,4180.2275,3,1393.4091666666666,3.0,35,575,3,0.9719034430542358,True
17652,14.23,1,14.23,3.0,251,251,1,0.0,False
17656,578.46,1,578.46,4.0,40,40,3,0.9334958337655153,False
17657,75.97,1,75.97,2.0,316,316,2,0.0,False
17659,1709.98,1,1709.98,2.0,148,148,2,0.9947426285687552,False
17660,1714.97,1,1714.97,3.0,145,145,2,0.9918482539053162,False
17661,1709.98,1,1709.98,2.0,146,146,2,0.9947426285687552,False
17663,7.28,1,7.28,2.0,282,282,1,0.0,False
17664,624.95,1,624.95,5.0,209,209,3,0.86405312424994,False
17666,1735.98,1,1735.98,2.0,125,125,2,0.9798442378368414,False
17667,1760.47,1,1760.47,3.0,137,137,3,0.966213567967645,False
17670,539.99,1,539.99,1.0,208,208,1,1.0,False
17675,124.99,1,124.99,2.0,64,64,1,0.0,False
17676,603.49,1,603.49,2.0,212,212,2,0.8947787038724752,False
17679,39.98,1,39.98,2.0,72,72,1,0.0,False
17682,68.49,1,68.49,2.0,175,175,2,0.0,False
17683,4.99,1,4.99,1.0,297,297,1,0.0,False
17684,4.99,1,4.99,1.0,43,43,1,0.0,False
17685,4.99,1,4.99,1.0,332,332,1,0.0,False
17687,39.98,1,39.98,2.0,25,25,1,0.0,False
17690,1700.99,1,1700.99,1.0,119,119,1,1.0,False
17692,13.98,1,13.98,2.0,117,117,2,0.0,False
17695,67.93,1,67.93,3.0,242,242,1,0.0,False
17698,68.97,1,68.97,3.0,240,240,2,0.0,False
17711,69.97,1,69.97,3.0,178,178,1,0.0,False
17713,69.97,1,69.97,3.0,255,255,1,0.0,False
17716,2701.4275,2,1350.71375,1.0,228,542,1,1.0,True
17717,2840.0125,2,1420.00625,3.0,294,526,3,0.9670916941386705,True
17721,69.97,1,69.97,3.0,276,276,1,0.0,False
17722,3882.5525,2,1941.27625,1.0,293,471,1,1.0,True
17725,4698.76,2,2349.38,1.0,200,986,1,1.0,True
17732,4752.75,2,2376.375,1.5,167,998,2,0.9886402609015833,True
17737,29.99,1,29.99,1.0,211,211,1,0.0,False
17739,2736.4175,2,1368.20875,1.5,198,526,2,0.9872132085107628,True
17744,2765.5325000000003,2,1382.7662500000001,2.0,246,520,3,0.98409709522488,True
17748,32.28,1,32.28,2.0,136,136,1,0.0,False
17749,69.97,1,69.97,3.0,146,146,1,0.0,False
17754,2755.4175,2,1377.70875,1.5,198,501,2,0.9804058731571532,True
17758,32.27,1,32.27,3.0,157,157,1,0.0,False
17759,37.27,1,37.27,3.0,202,202,1,0.0,False
17762,3936.5425,2,1968.27125,1.5,235,486,2,0.9862849188088278,True
17765,3926.5325000000003,2,1963.2662500000001,2.0,235,431,3,0.988799277734235,True
17766,4119.7474999999995,3,1373.2491666666665,1.6666666666666667,36,510,2,0.986171482596931,True
17767,4101.7575,3,1367.2524999999998,1.6666666666666667,15,510,2,0.9904967565732494,True
17768,3907.0425,2,1953.52125,1.5,231,432,2,0.9937318316859876,True
17770,2715.4075000000003,2,1357.7037500000001,2.0,211,472,2,0.9948516014631323,True
17772,2846.0025,2,1423.00125,3.5,231,536,3,0.9562719990583287,True
17775,2793.9075000000003,2,1396.9537500000001,2.5,208,455,3,0.9668994052236878,True
17776,72.25,2,36.125,2.5,186,225,1,0.0,False
17778,4175.7575,3,1391.9191666666666,2.0,22,439,3,0.966956893449871,True
17779,4250.2075,3,1416.7358333333334,3.3333333333333335,11,417,3,0.9500189108414121,True
17780,4112.7675,3,1370.9225,1.3333333333333333,21,409,2,0.987845167517979,True
17783,24.99,1,24.99,1.0,284,284,1,0.0,False
17784,3891.5425,2,1945.77125,1.5,195,444,2,0.9976898620534146,True
17786,89.46,2,44.73,2.0,230,323,2,0.0,False
17789,3936.5425,2,1968.27125,1.5,191,458,2,0.9862849188088278,True
17790,3039.31,2,1519.655,2.0,235,501,3,0.9898101871806431,True
17791,64.97,1,64.97,3.0,201,201,1,0.0,False
17792,3266.81,2,1633.405,2.5,140,512,3,0.9834792963165904,True
17795,2983.34,2,1491.67,1.0,189,514,1,1.0,True
17796,3921.0225,2,1960.51125,2.5,200,456,3,0.9901887836654854,True
17798,3058.31,2,1529.155,2.5,191,493,2,0.9836609107644421,True
17800,37.27,1,37.27,3.0,166,166,1,0.0,False
17801,125.93,1,125.93,6.0,37,37,2,0.0,False
17805,32.28,1,32.28,2.0,214,214,1,0.0,False
17808,159.94,2,79.97,3.0,15,310,1,0.0,False
17809,205.26,1,205.26,5.0,178,178,2,0.0,False
17810,87.94,2,43.97,3.0,217,310,2,0.0,False
17811,6989.5825,3,2329.8608333333336,2.3333333333333335,27,442,3,0.9815496848345379,True
17820,3.99,1,3.99,1.0,256,256,1,0.0,False
17821,6.28,1,6.28,2.0,256,256,1,0.0,False
17822,29.99,1,29.99,1.0,119,119,1,0.0,False
17824,4334.61,2,2167.305,3.0,213,458,2,0.9561044707597686,True
17825,7015.5525,3,2338.5175,3.0,17,435,3,0.9814797195231596,True
17829,2983.3325,2,1491.66625,2.0,101,514,2,0.989179885245778,True
17831,2750.3975,2,1375.19875,2.5,177,424,2,0.9821953008610576,True
17833,5999.45,3,1999.8166666666666,2.3333333333333335,74,446,2,0.9922892931852088,True
17835,69.96,2,34.98,2.0,121,127,1,0.0,False
17837,73.96,1,73.96,4.0,157,157,2,0.0,False
17839,34.97,2,17.485,1.5,12,270,1,0.0,False
17840,228.95999999999998,2,114.47999999999999,2.5,99,273,1,0.0,False
17842,37.27,1,37.27,3.0,286,286,1,0.0,False
17845,24.99,1,24.99,1.0,300,300,1,0.0,False
17846,69.97,1,69.97,3.0,153,153,1,0.0,False
17848,3917.5425,2,1958.77125,1.5,182,447,2,0.9910683802409291,True
17850,78.96,1,78.96,4.0,317,317,2,0.0,False
17853,29.98,1,29.98,2.0,156,156,1,0.0,False
17855,189.95999999999998,2,94.97999999999999,2.5,14,219,1,0.0,False
17862,1750.98,1,1750.98,2.0,112,112,2,0.9714502735610915,False
17866,1735.98,1,1735.98,2.0,110,110,2,0.9798442378368414,False
17869,1760.47,1,1760.47,3.0,115,115,3,0.966213567967645,False
17871,1729.97,1,1729.97,3.0,93,93,2,0.9832482644207703,False
17872,39.98,1,39.98,2.0,70,70,1,0.0,False
17873,4203.32,2,2101.66,2.0,168,458,2,0.9859682346335754,True
17875,24.99,1,24.99,1.0,227,227,1,0.0,False
17876,28.98,1,28.98,2.0,229,229,1,0.0,False
17879,119.94999999999999,2,59.974999999999994,2.5,59,260,2,0.0,False
17881,59.98,1,59.98,2.0,246,246,1,0.0,False
17882,32.27,1,32.27,3.0,334,334,1,0.0,False
17883,78.96,1,78.96,4.0,126,126,2,0.0,False
17888,29.98,1,29.98,2.0,112,112,1,0.0,False
17893,3882.5525,2,1941.27625,1.0,167,435,1,1.0,True
17896,3044.79,2,1522.395,3.0,180,477,3,0.9798179841631116,True
17897,2779.9075000000003,2,1389.9537500000001,2.0,134,381,2,0.9717688448266716,True
17898,4208.3099999999995,2,2104.1549999999997,2.5,164,403,2,0.9847991236387055,True
17899,29.99,1,29.99,1.0,222,222,1,0.0,False
17900,2751.4175,2,1375.70875,1.5,140,394,2,0.9818311833809301,True
17901,31.27,1,31.27,3.0,59,59,1,0.0,False
17903,32.27,1,32.27,3.0,67,67,1,0.0,False
17904,4733.75,2,2366.875,1.5,147,1003,2,0.9926083971481384,True
17906,21.49,1,21.49,1.0,26,26,1,0.0,False
17908,35.72,1,35.72,4.0,294,294,1,0.0,False
17909,4761.74,2,2380.87,2.0,146,984,2,0.9867737423714862,True
17910,4698.76,2,2349.38,1.0,99,994,1,1.0,True
17912,4752.75,2,2376.375,1.5,97,997,2,0.9886402609015833,True
17914,4698.76,2,2349.38,1.0,108,980,1,1.0,True
17915,4792.73,2,2396.365,2.5,114,995,3,0.9803932205653146,True
17918,4733.75,2,2366.875,1.5,114,978,2,0.9926083971481384,True
17919,4733.75,2,2366.875,1.5,108,988,2,0.9926083971481384,True
17920,4733.75,2,2366.875,1.5,87,1000,2,0.9926083971481384,True
17922,4821.72,2,2410.86,3.0,86,976,3,0.974498726595489,True
17923,4752.75,2,2376.375,1.5,67,979,2,0.9886402609015833,True
17924,4733.75,2,2366.875,1.5,73,994,2,0.9926083971481384,True
17926,4715.7,2,2357.85,2.0,38,979,2,0.9964077443433638,True
17927,4726.04,2,2363.02,2.0,46,986,2,0.9942277255376595,True
17928,3917.5425,2,1958.77125,1.5,158,402,2,0.9910683802409291,True
17931,29.99,1,29.99,1.0,125,125,1,0.0,False
17932,2765.3975,2,1382.69875,2.5,128,379,2,0.9768677016595265,True
17934,3907.0425,2,1953.52125,1.5,133,409,2,0.9937318316859876,True
17936,64.97,1,64.97,3.0,256,256,1,0.0,False
17937,3068.8199999999997,2,1534.4099999999999,2.0,147,485,3,0.9721456455575759,True
17942,3896.5325000000003,2,1948.2662500000001,2.0,98,423,2,0.9964121946884827,True
17943,2781.5425,2,1390.77125,1.5,136,479,2,0.9874206487946886,True
17946,3882.5525,2,1941.27625,1.0,102,427,1,1.0,True
17947,3932.5425,2,1966.27125,1.5,112,384,2,0.9872881221245543,True
17952,3941.5325000000003,2,1970.7662500000001,2.0,66,371,2,0.9850362771333232,True
17953,84.97,1,84.97,3.0,133,133,2,0.0,False
17955,63.97,1,63.97,3.0,46,46,1,0.0,False
17961,73.96,1,73.96,4.0,56,56,2,0.0,False
17962,2777.5225,2,1388.76125,2.0,133,472,3,0.9888497752943496,True
17963,3932.5425,2,1966.27125,1.5,80,397,2,0.9872881221245543,True
17964,5750.362499999999,3,1916.7874999999997,2.3333333333333335,63,394,3,0.9897467333581146,True
17965,3001.0425,2,1500.52125,1.5,86,466,2,0.9833424551634974,True
17966,3262.83,2,1631.415,1.5,34,467,2,0.984678944351989,True
17967,32.27,1,32.27,3.0,2,2,1,0.0,False
17969,3040.31,2,1520.155,2.0,118,475,2,0.9812617792264605,True
17974,2791.4625,2,1395.73125,3.0,100,436,2,0.9839116592108977,True
17976,5801.3825,3,1933.7941666666666,1.6666666666666667,65,375,3,0.9853517674450876,True
17981,2983.34,2,1491.67,1.0,95,457,1,1.0,True
17982,1538.5582,2,769.2791,2.5,270,956,2,0.954522357360287,True
17983,5784.3625,3,1928.1208333333334,2.6666666666666665,83,381,3,0.9839290846657692,True
17984,6083.17,3,2027.7233333333334,2.0,77,376,2,0.9827425503479272,True
17985,6016.66,3,2005.5533333333333,2.0,73,371,3,0.9936060870981576,True
17988,59.92,1,59.92,3.0,68,68,1,0.0,False
17990,2778.5225,2,1389.26125,2.0,81,434,2,0.988493884789488,True
17992,31.27,1,31.27,3.0,306,306,1,0.0,False
17993,78.98,1,78.98,2.0,330,330,2,0.0,False
17996,2454.0782,2,1227.0391,1.5,92,937,2,0.9779998860672003,True
17997,69.97,1,69.97,3.0,256,256,1,0.0,False
17998,4144.34,2,2072.17,1.0,86,370,1,1.0,True
18006,38.98,1,38.98,2.0,243,243,1,0.0,False
18007,38.98,1,38.98,2.0,156,156,1,0.0,False
18009,2435.0782,2,1217.5391,1.5,92,887,2,0.9856308516087903,True
18010,2485.0682,2,1242.5341,2.0,68,877,3,0.9658037554059886,True
18012,25.48,1,25.48,2.0,58,58,1,0.0,False
18015,37.27,1,37.27,3.0,46,46,1,0.0,False
18020,39.22,1,39.22,4.0,129,129,1,0.0,False
18021,2793.5225,2,1396.76125,2.0,63,453,3,0.9742368282338876,True
18024,149.98,1,149.98,3.0,273,273,1,0.0,False
18027,3917.5425,2,1958.77125,1.5,86,383,2,0.9910683802409291,True
18030,64.97,1,64.97,3.0,299,299,1,0.0,False
18032,144.45,1,144.45,5.0,239,239,2,0.0,False
18038,2435.0782,2,1217.5391,1.5,84,872,2,0.9856308516087903,True
18039,2450.0782,2,1225.0391,1.5,89,848,2,0.9795965696115333,True
18040,193.98,1,193.98,3.0,184,184,1,0.0,False
18043,34.98,1,34.98,2.0,224,224,1,0.0,False
18044,32.27,1,32.27,3.0,114,114,1,0.0,False
18045,3941.5325000000003,2,1970.7662500000001,2.0,66,387,2,0.9850362771333232,True
18049,1785.97,1,1785.97,3.0,108,108,3,0.9524180137404323,False
18050,1750.98,1,1750.98,2.0,112,112,2,0.9714502735610915,False
18051,1735.98,1,1735.98,2.0,28,28,2,0.9798442378368414,False
18054,106.93,2,53.465,3.0,81,251,1,0.0,False
18055,143.91,2,71.955,3.5,143,321,2,0.0,False
18057,1700.99,1,1700.99,1.0,119,119,1,1.0,False
18060,1700.99,1,1700.99,1.0,120,120,1,1.0,False
18061,4.99,1,4.99,1.0,169,169,1,0.0,False
18062,63.97,1,63.97,3.0,99,99,2,0.0,False
18064,58.98,1,58.98,2.0,283,283,2,0.0,False
18065,155.47,2,77.735,1.5,80,117,2,0.0,False
18069,4.99,1,4.99,1.0,151,151,1,0.0,False
18072,4.99,1,4.99,1.0,114,114,1,0.0,False
18074,58.98,1,58.98,2.0,164,164,2,0.0,False
18075,2394.97,1,2394.97,4.0,55,55,2,0.968692718489167,False
18076,67.93,1,67.93,3.0,62,62,1,0.0,False
18077,81.46,1,81.46,3.0,214,214,2,0.0,False
18078,200.94,2,100.47,2.5,99,278,2,0.0,False
18079,1700.99,1,1700.99,1.0,105,105,1,1.0,False
18080,1737.92,1,1737.92,4.0,117,117,2,0.9787504603203829,False
18081,51.97,2,25.985,1.0,153,171,1,0.0,False
18082,67.97,1,67.97,3.0,52,52,2,0.0,False
18085,1764.96,1,1764.96,4.0,94,94,3,0.9637555525337684,False
18087,13.98,1,13.98,2.0,123,123,2,0.0,False
18090,64.91,2,32.455,2.0,223,253,1,0.0,False
18092,1789.45,1,1789.45,5.0,28,28,3,0.9505658163122747,False
18095,58.98,1,58.98,2.0,328,328,2,0.0,False
18098,1754.98,1,1754.98,2.0,115,115,2,0.969236116650902,False
18099,4.99,1,4.99,1.0,203,203,1,0.0,False
18102,4.99,1,4.99,1.0,329,329,1,0.0,False
18104,13.98,1,13.98,2.0,272,272,2,0.0,False
18105,39.98,1,39.98,2.0,279,279,1,0.0,False
18106,4.99,1,4.99,1.0,253,253,1,0.0,False
18110,12.94,1,12.94,2.0,330,330,1,0.0,False
18112,64.47,1,64.47,3.0,203,203,2,0.0,False
18113,2391.96,1,2391.96,3.0,53,53,3,0.9699117042091006,False
18119,13.98,1,13.98,2.0,72,72,2,0.0,False
18120,1725.98,1,1725.98,2.0,115,115,2,0.985521269076119,False
18121,1793.47,1,1793.47,4.0,105,105,3,0.9484351564285993,False
18125,5739.4974999999995,3,1913.1658333333332,1.3333333333333333,150,731,2,0.9939019051754966,True
18126,6945.5825,3,2315.1941666666667,2.3333333333333335,38,404,2,0.9877677646187344,True
18127,6982.0725,3,2327.3575,2.6666666666666665,41,422,3,0.9826054513183587,True
18129,96.46,1,96.46,3.0,208,208,2,0.0,False
18130,5743.967500000001,3,1914.6558333333335,2.0,143,722,3,0.9931284430143451,True
18132,3034.0681999999997,2,1517.0340999999999,2.0,112,838,2,0.9950627345819058,True
18135,6921.5825,3,2307.1941666666667,2.0,43,421,2,0.9948046563051153,True
18136,6904.6025,3,2301.534166666667,1.6666666666666667,39,409,3,0.993630335707233,True
18138,75.97,1,75.97,2.0,24,24,2,0.0,False
18139,5764.4275,3,1921.4758333333332,3.0,113,676,3,0.9896034775352801,True
18143,3063.0582,2,1531.5291,2.5,114,817,3,0.97748328778082,True
18144,31.97,1,31.97,2.0,30,30,1,0.0,False
18149,50.230000000000004,2,25.115000000000002,2.0,60,270,1,0.0,False
18151,76.97,1,76.97,2.0,282,282,1,0.0,False
18152,76.97,1,76.97,2.0,307,307,1,0.0,False
18154,66.44,1,66.44,5.0,217,217,2,0.0,False
18155,48.97,1,48.97,3.0,183,183,2,0.0,False
18156,82.25999999999999,2,41.129999999999995,2.5,5,120,1,0.0,False
18158,6869.612499999999,3,2289.870833333333,1.3333333333333333,27,428,2,0.9986913381213278,True
18160,6914.5925,3,2304.8641666666667,2.0,17,408,3,0.9921947678044658,True
18161,7.28,1,7.28,2.0,220,220,1,0.0,False
18165,82.25999999999999,2,41.129999999999995,2.5,87,263,1,0.0,False
18166,7200.370000000001,3,2400.1233333333334,2.3333333333333335,19,416,3,0.9891727786210988,True
18168,6907.5525,3,2302.5175,2.0,12,406,2,0.9968252141406092,True
18169,7.28,1,7.28,2.0,279,279,1,0.0,False
18170,39.98,1,39.98,2.0,297,297,1,0.0,False
18171,3319.3975,2,1659.69875,2.5,121,552,3,0.9927788100099493,True
18175,3064.0681999999997,2,1532.0340999999999,2.0,96,769,2,0.9853201700928199,True
18177,7043.5625,3,2347.8541666666665,3.0,21,421,3,0.9775766879331306,True
18180,12.94,1,12.94,2.0,234,234,1,0.0,False
18187,44.91,1,44.91,4.0,210,210,1,0.0,False
18188,6093.2,2,3046.6,2.5,144,1001,2,0.9882524781723889,True
18189,4118.26,2,2059.13,1.0,218,1001,1,1.0,True
18192,63.97,2,31.985,1.5,138,268,1,0.0,False
18194,85.96,2,42.98,1.5,147,222,2,0.0,False
18195,94.47,2,47.235,1.5,33,253,2,0.0,False
18197,30.97,2,15.485,1.0,101,314,2,0.0,False
18199,99.94,2,49.97,2.5,181,214,2,0.0,False
18202,4143.26,2,2071.63,1.0,44,945,1,1.0,True
18203,4172.25,2,2086.125,1.5,44,964,2,0.9870597399484691,True
18205,6056.610000000001,2,3028.3050000000003,1.5,355,967,2,0.9942228408301014,True
18207,6089.59,2,3044.795,2.5,342,959,3,0.9888383290172246,True
18208,6035.6,2,3017.8,2.0,365,961,2,0.9976837431241302,True
18209,6056.610000000001,2,3028.3050000000003,1.5,355,965,2,0.9942228408301014,True
18213,6070.59,2,3035.295,2.5,348,964,2,0.9919332387790973,True
18216,38.92,2,19.46,1.5,56,310,2,0.0,False
18217,6056.610000000001,2,3028.3050000000003,1.5,352,966,2,0.9942228408301014,True
18219,6038.5599999999995,2,3019.2799999999997,2.0,345,953,2,0.9971946954240747,True
18220,6021.62,2,3010.81,1.0,357,968,1,1.0,True
18222,6044.59,2,3022.295,2.5,345,960,3,0.9961999076860466,True
18223,39.98,1,39.98,2.0,308,308,1,0.0,False
18224,2394.45,1,2394.45,5.0,55,55,3,0.9689030883919066,False
18225,2349.96,1,2349.96,5.0,55,55,2,0.9766081124785105,False
18228,1709.98,1,1709.98,2.0,87,87,2,0.9947426285687552,False
18231,2414.99,1,2414.99,2.0,33,33,2,0.9503103532519803,False
18233,1732.26,1,1732.26,4.0,92,92,2,0.9819484373015598,False
18235,39.98,1,39.98,2.0,121,121,1,0.0,False
18237,2318.96,1,2318.96,4.0,91,91,3,0.9896634698313039,False
18238,6030.610000000001,2,3015.3050000000003,1.5,339,970,2,0.9985092718647036,True
18239,6030.610000000001,2,3015.3050000000003,1.5,367,949,2,0.9985092718647036,True
18240,6098.58,2,3049.29,3.0,356,951,3,0.9873806689426065,True
18242,6121.71,2,3060.855,2.5,339,945,3,0.9836499932208485,True
18243,6058.21,2,3029.105,2.0,357,969,2,0.9939602621896566,True
18245,6021.62,2,3010.81,1.0,129,959,1,1.0,True
18246,6030.610000000001,2,3015.3050000000003,1.5,358,963,2,0.9985092718647036,True
18247,84.96,2,42.48,1.5,68,168,2,0.0,False
18248,6037.889999999999,2,3018.9449999999997,2.5,308,950,2,0.9973053500477816,True
18250,6058.21,2,3029.105,2.0,334,970,2,0.9939602621896566,True
18252,6021.62,2,3010.81,1.0,325,945,1,1.0,True
18253,45.95,2,22.975,2.0,138,233,2,0.0,False
18254,6021.62,2,3010.81,1.0,330,954,1,1.0,True
18255,6067.2,2,3033.6,2.5,152,963,3,0.9924874736286919,True
18256,98.96000000000001,2,49.480000000000004,2.0,97,306,1,0.0,False
18257,115.94999999999999,2,57.974999999999994,2.0,134,289,2,0.0,False
18263,126.94,2,63.47,2.5,26,309,1,0.0,False
18265,64.98,2,32.49,1.0,61,104,1,0.0,False
18266,72.26,2,36.13,2.0,133,148,1,0.0,False
18267,64.98,2,32.49,1.0,28,316,1,0.0,False
18269,6113.2,2,3056.6,2.5,104,955,2,0.9850193024929661,True
18270,94.47,2,47.235,1.5,172,181,2,0.0,False
18271,119.94999999999999,2,59.974999999999994,2.0,6,266,2,0.0,False
18272,6056.610000000001,2,3028.3050000000003,1.5,331,965,2,0.9942228408301014,True
18276,6106.6,2,3053.3,2.0,122,927,3,0.9860839092129827,True
18280,126.56,2,63.28,2.5,8,38,2,0.0,False
18282,30.97,2,15.485,1.0,104,320,2,0.0,False
18285,141.55,2,70.775,3.0,134,273,1,0.0,False
18287,72.16,2,36.08,2.5,286,307,1,0.0,False
18288,6093.2,2,3046.6,2.5,328,937,2,0.9882524781723889,True
18289,8.99,1,8.99,1.0,76,76,1,0.0,False
18290,84.96,2,42.48,1.5,65,325,2,0.0,False
18291,30.97,2,15.485,1.0,78,193,2,0.0,False
18293,74.24000000000001,2,37.120000000000005,2.5,333,336,1,0.0,False
18295,144.26999999999998,2,72.13499999999999,1.5,232,253,1,0.0,False
18297,6119.59,2,3059.795,2.5,307,919,3,0.983990757550751,True
18298,24.27,2,12.135,1.0,125,164,1,0.0,False
18299,32.22,2,16.11,1.5,151,158,1,0.0,False
18301,6056.610000000001,2,3028.3050000000003,1.5,336,936,2,0.9942228408301014,True
18308,6037.889999999999,2,3018.9449999999997,2.5,330,934,2,0.9973053500477816,True
18310,21.49,1,21.49,1.0,201,201,1,0.0,False
18312,15.23,1,15.23,3.0,272,272,1,0.0,False
18313,7.28,1,7.28,2.0,30,30,1,0.0,False
18314,115.72999999999999,3,38.57666666666666,2.0,180,284,1,0.0,False
18316,7.28,1,7.28,2.0,66,66,1,0.0,False
18318,1760.47,1,1760.47,3.0,90,90,3,0.966213567967645,False
18319,60.47,1,60.47,3.0,250,250,1,0.0,False
18320,185.92,2,92.96,3.5,35,111,2,0.0,False
18321,12.94,1,12.94,2.0,278,278,1,0.0,False
18324,1735.98,1,1735.98,2.0,12,12,2,0.9798442378368414,False
18327,13.98,1,13.98,2.0,277,277,2,0.0,False
18328,7.28,1,7.28,2.0,82,82,1,0.0,False
18333,27.77,1,27.77,3.0,6,6,1,0.0,False
18335,6035.6,2,3017.8,2.0,40,939,2,0.9976837431241302,True
18337,6021.62,2,3010.81,1.0,27,941,1,1.0,True
18343,39.98,1,39.98,2.0,136,136,1,0.0,False
18349,39.98,1,39.98,2.0,280,280,1,0.0,False
18353,2316.97,1,2316.97,2.0,53,53,2,0.9905134723367156,False
18355,150.95,2,75.475,2.0,9,143,2,0.0,False
18356,149.91,2,74.955,2.0,1,46,2,0.0,False
18357,2309.97,1,2309.97,3.0,60,60,2,0.9935150672952464,False
18360,1750.98,1,1750.98,2.0,92,92,2,0.9714502735610915,False
18362,1725.21,1,1725.21,5.0,30,30,2,0.9859611293697579,False
18363,1700.99,1,1700.99,1.0,10,10,1,1.0,False
18365,39.98,1,39.98,2.0,210,210,1,0.0,False
18369,1725.98,1,1725.98,2.0,79,79,2,0.985521269076119,False
18370,1700.99,1,1700.99,1.0,77,77,1,1.0,False
18372,1760.47,1,1760.47,3.0,18,18,3,0.966213567967645,False
18376,2369.97,1,2369.97,4.0,14,14,2,0.968362468723233,False
18377,2394.97,1,2394.97,4.0,85,85,2,0.968692718489167,False
18379,2362.27,1,2362.27,4.0,66,66,2,0.9821019612491376,False
18380,12.94,1,12.94,2.0,178,178,1,0.0,False
18381,2359.46,1,2359.46,4.0,21,21,3,0.9832715960431627,False
18382,204.94,2,102.47,2.5,94,145,2,0.0,False
18383,13.98,1,13.98,2.0,150,150,2,0.0,False
18386,2309.97,1,2309.97,3.0,20,20,2,0.9935150672952464,False
18390,141.96,2,70.98,1.5,58,207,2,0.0,False
18391,100.96000000000001,2,50.480000000000004,1.5,269,286,2,0.0,False
18393,2294.99,1,2294.99,1.0,28,28,1,1.0,False
18394,2297.28,1,2297.28,2.0,14,14,2,0.9990031689650369,False
18395,2374.98,1,2374.98,2.0,24,24,2,0.9768461208094384,False
18397,4.99,1,4.99,1.0,53,53,1,0.0,False
18398,2350.96,1,2350.96,3.0,20,20,3,0.9868266580460748,False
18400,2409.95,1,2409.95,6.0,2,2,2,0.9626714247183555,False
18402,4.99,1,4.99,1.0,123,123,1,0.0,False
18404,4.99,1,4.99,1.0,108,108,1,0.0,False
18405,4.99,1,4.99,1.0,161,161,1,0.0,False
18408,12.94,1,12.94,2.0,54,54,1,0.0,False
18410,58.98,1,58.98,2.0,91,91,2,0.0,False
18412,2319.99,1,2319.99,1.0,10,10,1,1.0,False
18415,2454.98,1,2454.98,4.0,7,7,2,0.9348304263171188,False
18416,2369.96,1,2369.96,4.0,26,26,2,0.9789152559536872,False
18418,2322.28,1,2322.28,2.0,2,2,2,0.9990139001326283,False
18420,2414.99,1,2414.99,2.0,23,23,2,0.9503103532519803,False
18421,4.99,1,4.99,1.0,65,65,1,0.0,False
18426,2362.27,1,2362.27,4.0,5,5,2,0.9821019612491376,False
18427,2334.46,1,2334.46,4.0,19,19,3,0.9830924496457427,False
18428,2332.28,1,2332.28,3.0,22,22,2,0.9840113536968117,False
18431,1754.98,1,1754.98,2.0,71,71,2,0.969236116650902,False
18434,4.99,1,4.99,1.0,3,3,1,0.0,False
18435,2376.96,1,2376.96,3.0,23,23,2,0.9760324111470113,False
18438,1709.98,1,1709.98,2.0,68,68,2,0.9947426285687552,False
18439,1700.99,1,1700.99,1.0,89,89,1,1.0,False
18441,2380.47,1,2380.47,3.0,18,18,3,0.964091124861897,False
18444,25.48,1,25.48,2.0,1,1,1,0.0,False
18445,21.49,1,21.49,1.0,202,202,1,0.0,False
18446,21.49,1,21.49,1.0,99,99,1,0.0,False
18447,21.49,1,21.49,1.0,227,227,1,0.0,False
18449,100.94,2,50.47,2.5,179,315,2,0.0,False
18450,25.48,1,25.48,2.0,62,62,1,0.0,False
18451,75.47,1,75.47,3.0,39,39,2,0.0,False
18453,4.99,1,4.99,1.0,56,56,1,0.0,False
18455,64.47,1,64.47,3.0,44,44,2,0.0,False
18456,12.94,1,12.94,2.0,56,56,1,0.0,False
18457,4826.23,2,2413.115,3.0,23,937,3,0.9735880801370843,True
18459,588.96,1,588.96,4.0,212,212,2,0.9168534365661505,False
18460,2341.97,1,2341.97,2.0,25,25,2,0.9906147388736832,False
18465,4752.75,2,2376.375,1.5,12,940,2,0.9886402609015833,True
18466,53.99,1,53.99,1.0,49,49,1,0.0,False
18467,5279.26,2,2639.63,1.0,364,937,1,1.0,True
18468,5333.25,2,2666.625,1.5,361,930,2,0.9898767168237004,True
18469,6021.62,2,3010.81,1.0,319,922,1,1.0,True
18470,6021.62,2,3010.81,1.0,334,934,1,1.0,True
18471,539.99,1,539.99,1.0,165,165,1,1.0,False
18475,616.91,1,616.91,5.0,179,179,2,0.8753140652607349,False
18476,616.91,1,616.91,5.0,179,179,2,0.8753140652607349,False
18478,2380.47,1,2380.47,3.0,23,23,3,0.964091124861897,False
18479,2351.96,1,2351.96,3.0,12,12,2,0.9757776492797497,False
18481,2318.96,1,2318.96,4.0,26,26,3,0.9896634698313039,False
18482,6030.610000000001,2,3015.3050000000003,1.5,329,923,2,0.9985092718647036,True
18483,6056.610000000001,2,3028.3050000000003,1.5,320,917,2,0.9942228408301014,True
18487,6021.62,2,3010.81,1.0,286,937,1,1.0,True
18489,6081.1,2,3040.55,2.0,303,929,3,0.9902188748746116,True
18491,6056.610000000001,2,3028.3050000000003,1.5,276,930,2,0.9942228408301014,True
18492,218.26,2,109.13,2.0,149,182,1,0.0,False
18494,6037.889999999999,2,3018.9449999999997,2.5,295,916,2,0.9973053500477816,True
18495,6021.62,2,3010.81,1.0,287,937,1,1.0,True
18497,2329.98,1,2329.98,2.0,20,20,2,0.984982703714195,False
18498,54.98,1,54.98,2.0,113,113,2,0.0,False
18501,1750.98,1,1750.98,2.0,89,89,2,0.9714502735610915,False
18504,128.97,1,128.97,3.0,174,174,1,0.0,False
18506,101.94,2,50.97,2.5,88,189,1,0.0,False
18509,59.98,1,59.98,2.0,223,223,1,0.0,False
18510,4.99,1,4.99,1.0,243,243,1,0.0,False
18513,2341.97,1,2341.97,2.0,25,25,2,0.9906147388736832,False
18515,2396.94,1,2396.94,6.0,15,15,2,0.9678965681243588,False
18516,2404.91,1,2404.91,4.0,4,4,2,0.9646889072771956,False
18518,2379.95,1,2379.95,4.0,8,8,3,0.9643017710456103,False
18522,69.99,1,69.99,1.0,281,281,1,0.0,False
18524,195.95,2,97.975,2.0,28,133,2,0.0,False
18525,1735.98,1,1735.98,2.0,24,24,2,0.9798442378368414,False
18526,2317.92,1,2317.92,4.0,6,6,2,0.9901075101815423,False
18527,2319.99,1,2319.99,1.0,31,31,1,1.0,False
18528,2381.94,1,2381.94,5.0,25,25,3,0.9634961418003815,False
18530,113.97,1,113.97,3.0,315,315,2,0.0,False
18532,2345.22,1,2345.22,5.0,14,14,2,0.9785819667238044,False
18533,2405.47,1,2405.47,3.0,7,7,3,0.964464325059136,False
18539,2356.95,1,2356.95,4.0,4,4,2,0.9843187169859354,False
18540,2401.45,1,2401.45,4.0,5,5,3,0.9660788273751277,False
18541,94.25999999999999,2,47.129999999999995,1.5,87,272,2,0.0,False
18542,123.98,1,123.98,2.0,175,175,1,0.0,False
18544,1155.48,1,1155.48,2.0,363,363,2,0.9697182123446533,False
18548,1754.98,1,1754.98,2.0,85,85,2,0.969236116650902,False
18551,1709.98,1,1709.98,2.0,92,92,2,0.9947426285687552,False
18557,1179.47,1,1179.47,3.0,322,322,2,0.9499944890501666,False
18560,2366.96,1,2366.96,3.0,25,25,3,0.9695939094872749,False
18562,1732.26,1,1732.26,4.0,81,81,2,0.9819484373015598,False
18564,1714.97,1,1714.97,3.0,62,62,2,0.9918482539053162,False
18565,1789.45,1,1789.45,5.0,38,38,3,0.9505658163122747,False
18569,4.99,1,4.99,1.0,327,327,1,0.0,False
18570,1174.48,1,1174.48,2.0,296,296,2,0.9540307199782031,False
18573,83.74000000000001,2,41.870000000000005,2.5,185,218,2,0.0,False
18574,39.98,1,39.98,2.0,276,276,1,0.0,False
18576,78.98,1,78.98,2.0,44,44,1,0.0,False
18577,69.99,1,69.99,1.0,300,300,1,0.0,False
18580,1170.48,1,1170.48,2.0,261,261,2,0.9572910259039027,False
18581,2351.96,1,2351.96,3.0,18,18,2,0.9757776492797497,False
18582,2318.96,1,2318.96,4.0,13,13,3,0.9896634698313039,False
18586,2322.28,1,2322.28,2.0,4,4,2,0.9990139001326283,False
18587,69.99,1,69.99,1.0,74,74,1,0.0,False
18589,1768.96,1,1768.96,4.0,45,45,3,0.9615762934153401,False
18591,119.98,1,119.98,2.0,299,299,1,0.0,False
18594,2325.96,1,2325.96,3.0,14,14,3,0.9866850676709833,False
18597,1760.47,1,1760.47,3.0,44,44,3,0.966213567967645,False
18598,1700.99,1,1700.99,1.0,44,44,1,1.0,False
18600,51.97,2,25.985,1.0,169,213,1,0.0,False
18602,119.98,1,119.98,2.0,264,264,1,0.0,False
18604,59.25,2,29.625,2.0,13,325,1,0.0,False
18608,1714.97,1,1714.97,3.0,35,35,2,0.9918482539053162,False
18609,1785.97,1,1785.97,3.0,45,45,3,0.9524180137404323,False
18613,2341.97,1,2341.97,2.0,14,14,2,0.9906147388736832,False
18617,1147.77,1,1147.77,3.0,262,262,2,0.9762321719508265,False
18620,3001.0425,2,1500.52125,1.5,15,399,2,0.9833424551634974,True
18622,64.97,1,64.97,3.0,36,36,1,0.0,False
18623,37.27,1,37.27,3.0,142,142,1,0.0,False
18624,29.99,1,29.99,1.0,304,304,1,0.0,False
18626,4644.7474999999995,3,1548.2491666666665,2.0,60,555,3,0.9764314421828099,True
18627,3027.3199999999997,2,1513.6599999999999,2.0,185,399,3,0.9854722989310679,True
18629,24.99,1,24.99,1.0,132,132,1,0.0,False
18630,48.97,1,48.97,3.0,14,14,2,0.0,False
18631,24.99,1,24.99,1.0,26,26,1,0.0,False
18634,2427.3682,2,1213.6841,2.0,64,781,2,0.9887614907371697,True
18635,162.99,1,162.99,2.0,319,319,1,0.0,False
18638,1760.47,1,1760.47,3.0,38,38,3,0.966213567967645,False
18644,135.44,2,67.72,3.0,174,319,2,0.0,False
18645,1700.99,1,1700.99,1.0,53,53,1,1.0,False
18646,1735.98,1,1735.98,2.0,44,44,2,0.9798442378368414,False
18647,599.47,1,599.47,3.0,177,177,3,0.9007790214689643,False
18648,556.93,1,556.93,3.0,135,135,2,0.9695832510369345,False
18649,603.49,1,603.49,2.0,133,133,2,0.8947787038724752,False
18650,561.48,1,561.48,2.0,127,127,2,0.9617261523117475,False
18652,13.98,1,13.98,2.0,184,184,2,0.0,False
18653,553.97,1,553.97,3.0,116,116,2,0.9747639763886131,False
18654,1775.97,1,1775.97,3.0,49,49,3,0.9577808183696797,False
18657,4.99,1,4.99,1.0,264,264,1,0.0,False
18660,69.99,1,69.99,1.0,44,44,1,0.0,False
18661,4.99,1,4.99,1.0,84,84,1,0.0,False
18663,13.98,1,13.98,2.0,159,159,2,0.0,False
18664,13.98,1,13.98,2.0,331,331,2,0.0,False
18665,67.93,1,67.93,3.0,151,151,1,0.0,False
18667,12.94,1,12.94,2.0,89,89,1,0.0,False
18670,1723.96,1,1723.96,4.0,50,50,3,0.9866760249657764,False
18671,69.99,1,69.99,1.0,297,297,1,0.0,False
18672,128.97,1,128.97,3.0,130,130,1,0.0,False
18674,21.98,1,21.98,1.0,217,217,1,0.0,False
18682,69.99,1,69.99,1.0,95,95,1,0.0,False
18684,1754.98,1,1754.98,2.0,47,47,2,0.969236116650902,False
18686,91.95,2,45.975,2.0,148,277,1,0.0,False
18687,94.48,1,94.48,2.0,324,324,1,0.0,False
18690,119.98,1,119.98,2.0,74,74,1,0.0,False
18691,6070.59,2,3035.295,2.5,284,916,2,0.9919332387790973,True
18692,6035.6,2,3017.8,2.0,305,921,2,0.9976837431241302,True
18700,5328.23,2,2664.115,2.5,330,936,2,0.9908093306782929,True
18704,33.26,2,16.63,1.5,125,286,2,0.0,False
18706,6060.5,2,3030.25,2.5,283,898,2,0.9935846877320353,True
18708,6056.51,2,3028.255,2.0,296,905,2,0.9942392566015741,True
18709,6098.54,2,3049.27,3.0,281,885,2,0.9873871451199797,True
18710,6098.58,2,3049.29,3.0,288,907,3,0.9873806689426065,True
18716,6021.62,2,3010.81,1.0,303,902,1,1.0,True
18717,87.21000000000001,2,43.605000000000004,2.0,56,135,1,0.0,False
18718,6035.6,2,3017.8,2.0,285,884,2,0.9976837431241302,True
18719,53.99,1,53.99,1.0,268,268,1,0.0,False
18727,86.27000000000001,2,43.135000000000005,1.5,8,170,2,0.0,False
18730,36.96,1,36.96,3.0,88,88,1,0.0,False
18731,6054.0599999999995,2,3027.0299999999997,2.0,285,887,3,0.9946416124055593,True
18733,24.27,2,12.135,1.0,262,304,1,0.0,False
18739,5371.74,2,2685.87,2.5,288,894,3,0.9827839768864466,True
18740,6056.610000000001,2,3028.3050000000003,1.5,294,906,2,0.9942228408301014,True
18741,60.47,1,60.47,3.0,43,43,1,0.0,False
18743,67.21,2,33.605,2.0,62,271,1,0.0,False
18744,32.22,2,16.11,1.5,7,209,1,0.0,False
18745,78.26,2,39.13,1.5,21,133,2,0.0,False
18746,6135.09,2,3067.545,2.5,299,912,3,0.9815047538014928,True
18749,23.78,1,23.78,2.0,50,50,1,0.0,False
18753,123.98,1,123.98,2.0,174,174,1,0.0,False
18754,69.99,1,69.99,1.0,294,294,1,0.0,False
18756,128.41,2,64.205,2.5,123,152,2,0.0,False
18760,54.98,1,54.98,2.0,306,306,2,0.0,False
18768,5314.25,2,2657.125,1.5,246,889,2,0.9934158159665052,True
18772,78.98,1,78.98,2.0,192,192,1,0.0,False
18773,78.98,1,78.98,2.0,225,225,1,0.0,False
18775,69.99,1,69.99,1.0,331,331,1,0.0,False
18777,29.48,1,29.48,2.0,291,291,2,0.0,False
18778,39.98,1,39.98,2.0,99,99,1,0.0,False
18779,4.99,1,4.99,1.0,57,57,1,0.0,False
18782,2397.91,1,2397.91,5.0,12,12,2,0.9675050356351993,False
18785,2350.96,1,2350.96,3.0,32,32,3,0.9868266580460748,False
18789,2294.99,1,2294.99,1.0,9,9,1,1.0,False
18795,1198.97,1,1198.97,3.0,236,236,2,0.9345438167760661,False
18798,1728.27,1,1728.27,3.0,60,60,2,0.9842154293021346,False
18799,119.98,1,119.98,2.0,270,270,1,0.0,False
18802,1793.47,1,1793.47,4.0,34,34,3,0.9484351564285993,False
18803,1750.98,1,1750.98,2.0,24,24,2,0.9714502735610915,False
18804,1810.46,1,1810.46,4.0,14,14,3,0.9395347038874098,False
18806,1785.97,1,1785.97,3.0,30,30,3,0.9524180137404323,False
18807,119.98,1,119.98,2.0,278,278,1,0.0,False
18809,119.98,1,119.98,2.0,273,273,1,0.0,False
18811,100.96,2,50.48,1.5,281,311,2,0.0,False
18812,69.99,1,69.99,1.0,304,304,1,0.0,False
18814,69.99,1,69.99,1.0,173,173,1,0.0,False
18817,2357.28,1,2357.28,3.0,6,6,2,0.9841809203828141,False
18818,2319.26,1,2319.26,3.0,10,10,2,0.9895354552745272,False
18819,2344.96,1,2344.96,4.0,25,25,2,0.9786904680676859,False
18820,78.98,1,78.98,2.0,175,175,1,0.0,False
18822,119.98,1,119.98,2.0,142,142,1,0.0,False
18823,94.48,1,94.48,2.0,207,207,1,0.0,False
18825,78.98,1,78.98,2.0,112,112,1,0.0,False
18827,2329.98,1,2329.98,2.0,3,3,2,0.984982703714195,False
18828,119.98,1,119.98,2.0,106,106,1,0.0,False
18831,2419.46,1,2419.46,5.0,4,4,3,0.9588875203557822,False
18832,2334.98,1,2334.98,3.0,18,18,2,0.9828735149765737,False
18834,119.98,1,119.98,2.0,2,2,1,0.0,False
18835,78.98,1,78.98,2.0,335,335,1,0.0,False
18840,2294.99,1,2294.99,1.0,31,31,1,1.0,False
18847,69.99,1,69.99,1.0,133,133,1,0.0,False
18848,2496.27,1,2496.27,5.0,17,17,2,0.9193676966033323,False
18849,2366.96,1,2366.96,3.0,27,27,3,0.9695939094872749,False
18852,268.25,2,134.125,2.5,114,144,2,0.0,False
18853,69.99,1,69.99,1.0,248,248,1,0.0,False
18854,1754.98,1,1754.98,2.0,11,11,2,0.969236116650902,False
18855,1155.48,1,1155.48,2.0,225,225,2,0.9697182123446533,False
18856,1735.98,1,1735.98,2.0,7,7,2,0.9798442378368414,False
18857,1735.98,1,1735.98,2.0,10,10,2,0.9798442378368414,False
18858,1810.46,1,1810.46,4.0,11,11,3,0.9395347038874098,False
18861,133.49,1,133.49,2.0,81,81,1,0.0,False
18862,2354.47,1,2354.47,3.0,26,26,3,0.9747374143650165,False
18864,2331.95,1,2331.95,4.0,25,25,2,0.9841506035721179,False
18866,1700.99,1,1700.99,1.0,18,18,1,1.0,False
18867,1750.98,1,1750.98,2.0,27,27,2,0.9714502735610915,False
18871,86.96,2,43.48,1.5,314,329,1,0.0,False
18872,78.98,1,78.98,2.0,71,71,1,0.0,False
18873,128.97,1,128.97,3.0,141,141,1,0.0,False
18875,114.94999999999999,2,57.474999999999994,2.0,109,118,2,0.0,False
18876,2329.98,1,2329.98,2.0,15,15,2,0.9957124095485799,False
18877,69.99,1,69.99,1.0,236,236,1,0.0,False
18878,2390.95,1,2390.95,5.0,29,29,3,0.9703214203559256,False
18879,69.99,1,69.99,1.0,55,55,1,0.0,False
18880,69.99,1,69.99,1.0,77,77,1,0.0,False
18881,2359.98,1,2359.98,3.0,7,7,2,0.9830549411435691,False
18882,2322.28,1,2322.28,2.0,34,34,2,0.9990139001326283,False
18883,86.96,2,43.48,1.5,61,293,1,0.0,False
18884,133.93,2,66.965,2.5,71,136,1,0.0,False
18885,110.46,1,110.46,4.0,324,324,2,0.0,False
18890,78.98,1,78.98,2.0,166,166,1,0.0,False
18892,69.99,1,69.99,1.0,45,45,1,0.0,False
18893,69.99,1,69.99,1.0,289,289,1,0.0,False
18894,2316.97,1,2316.97,2.0,16,16,2,0.9905134723367156,False
18895,27.77,1,27.77,3.0,307,307,1,0.0,False
18896,74.98,1,74.98,3.0,255,255,1,0.0,False
18897,37.29,1,37.29,2.0,120,120,1,0.0,False
18901,35.0,1,35.0,1.0,198,198,1,0.0,False
18903,4143.74,2,2071.87,2.0,353,897,2,0.9938509655528581,True
18904,607.96,1,607.96,4.0,104,104,3,0.8881998815711559,False
18907,4167.23,2,2083.615,2.5,349,893,2,0.9882487887637593,True
18912,69.99,1,69.99,1.0,206,206,1,0.0,False
18915,94.48,1,94.48,2.0,150,150,1,0.0,False
18916,658.95,1,658.95,5.0,117,117,3,0.8194703695272783,False
18921,94.48,1,94.48,2.0,154,154,1,0.0,False
18922,2326.96,1,2326.96,3.0,32,32,2,0.9862610444528485,False
18923,804.48,1,804.48,2.0,278,278,2,0.9565060660302307,False
18927,89.25,2,44.625,2.0,135,176,1,0.0,False
18929,6029.57,2,3014.785,1.5,259,894,2,0.9986814980172716,True
18931,6060.5,2,3030.25,2.5,258,895,2,0.9935846877320353,True
18934,123.98,1,123.98,2.0,103,103,1,0.0,False
18936,839.48,1,839.48,2.0,210,210,2,0.9166269595463858,False
18937,69.99,1,69.99,1.0,29,29,1,0.0,False
18938,69.99,1,69.99,1.0,73,73,1,0.0,False
18940,78.98,1,78.98,2.0,53,53,1,0.0,False
18941,123.98,1,123.98,2.0,5,5,1,0.0,False
18942,889.39,1,889.39,6.0,168,168,2,0.8651884999831344,False
18944,146.94,2,73.47,2.5,11,178,1,0.0,False
18946,69.99,1,69.99,1.0,140,140,1,0.0,False
18947,804.48,1,804.48,2.0,152,152,2,0.9565060660302307,False
18948,806.76,1,806.76,4.0,132,132,2,0.9538028657841242,False
18955,1754.98,1,1754.98,2.0,31,31,2,0.969236116650902,False
18958,565.21,1,565.21,5.0,359,359,2,0.9553794165000619,False
18962,567.27,1,567.27,3.0,330,330,2,0.9519100252084546,False
18963,589.98,1,589.98,2.0,314,314,2,0.9576426319536255,False
18966,78.98,1,78.98,2.0,297,297,1,0.0,False
18968,151.43,2,75.715,3.0,34,64,2,0.0,False
18971,2351.96,1,2351.96,3.0,43,43,2,0.9757776492797497,False
18972,2369.97,1,2369.97,4.0,58,58,2,0.968362468723233,False
18979,1749.96,1,1749.96,4.0,21,21,2,0.9720165032343596,False
18980,1750.98,1,1750.98,2.0,24,24,2,0.9714502735610915,False
18981,78.98,1,78.98,2.0,146,146,1,0.0,False
18982,1783.96,1,1783.96,4.0,28,28,3,0.953491109666136,False
18983,94.48,1,94.48,2.0,196,196,1,0.0,False
18984,94.48,1,94.48,2.0,282,282,1,0.0,False
18985,94.48,1,94.48,2.0,38,38,1,0.0,False
18990,561.97,1,561.97,2.0,320,320,2,0.9608875918643344,False
18992,119.98,1,119.98,2.0,200,200,1,0.0,False
18994,123.98,1,123.98,2.0,54,54,1,0.0,False
18995,119.98,1,119.98,2.0,67,67,1,0.0,False
19003,1764.96,1,1764.96,4.0,8,8,2,0.9637555525337684,False
19004,1764.96,1,1764.96,4.0,3,3,2,0.9637555525337684,False
19007,69.99,1,69.99,1.0,117,117,1,0.0,False
19008,1760.47,1,1760.47,3.0,26,26,3,0.966213567967645,False
19012,119.98,1,119.98,2.0,141,141,1,0.0,False
19013,636.45,1,636.45,4.0,280,280,3,0.8484405687799512,False
19014,65.94999999999999,2,32.974999999999994,2.0,165,227,2,0.0,False
19015,125.42999999999999,2,62.714999999999996,3.0,234,287,2,0.0,False
19016,1750.98,1,1750.98,2.0,16,16,2,0.9714502735610915,False
19025,119.98,1,119.98,2.0,291,291,1,0.0,False
19028,3063.0582,2,1531.5291,2.5,78,744,3,0.97748328778082,True
19030,3310.4075,2,1655.20375,2.0,101,527,2,0.9954748773376089,True
19031,7226.380000000001,3,2408.7933333333335,2.0,19,377,3,0.9890719834827397,True
19036,4763.34,2,2381.67,1.0,81,371,1,1.0,True
19039,7.28,1,7.28,2.0,167,167,1,0.0,False
19042,64.97,1,64.97,3.0,130,130,1,0.0,False
19044,29.93,1,29.93,2.0,50,50,1,0.0,False
19045,48.97,1,48.97,3.0,217,217,2,0.0,False
19046,3320.4275,2,1660.21375,1.0,74,470,1,1.0,True
19047,71.95,1,71.95,4.0,269,269,1,0.0,False
19049,4838.299999999999,2,2419.1499999999996,3.0,59,371,3,0.9793398507740324,True
19050,56.97,1,56.97,2.0,86,86,1,0.0,False
19057,3322.7175,2,1661.35875,1.5,85,486,2,0.9993108050864993,True
19058,4524.4825,2,2262.24125,2.5,42,368,2,0.9949320170870372,True
19061,64.97,1,64.97,3.0,143,143,1,0.0,False
19062,79.95,1,79.95,5.0,157,157,1,0.0,False
19064,32.27,1,32.27,3.0,280,280,1,0.0,False
19067,3380.9075,2,1690.45375,2.0,87,479,3,0.9747168474736443,True
19069,3112.9700000000003,2,1556.4850000000001,1.5,77,720,2,0.9887599302274035,True
19070,4748.33,2,2374.165,1.5,44,380,2,0.9978961024191664,True
19074,29.98,1,29.98,2.0,98,98,1,0.0,False
19084,6093.2,2,3046.6,2.5,268,903,2,0.9882524781723889,True
19089,6093.2,2,3046.6,2.5,251,900,2,0.9882524781723889,True
19094,6021.62,2,3010.81,1.0,271,893,1,1.0,True
19095,6056.610000000001,2,3028.3050000000003,1.5,265,861,2,0.9942228408301014,True
19096,6090.59,2,3045.295,2.5,249,881,2,0.9886759739204249,True
19098,122.24000000000001,2,61.120000000000005,2.5,18,172,2,0.0,False
19103,63.91,2,31.955,2.0,125,302,1,0.0,False
19105,6056.610000000001,2,3028.3050000000003,1.5,248,868,2,0.9942228408301014,True
19108,1700.99,1,1700.99,1.0,22,22,1,1.0,False
19109,1728.27,1,1728.27,3.0,15,15,2,0.9842154293021346,False
19112,1764.96,1,1764.96,4.0,3,3,2,0.9637555525337684,False
19113,1184.46,1,1184.46,4.0,191,191,2,0.9459922665180758,False
19119,1764.96,1,1764.96,4.0,16,16,3,0.9637555525337684,False
19120,1729.97,1,1729.97,3.0,18,18,2,0.9832482644207703,False
19121,656.94,1,656.94,5.0,271,271,2,0.8600328797150424,False
19122,588.96,1,588.96,4.0,271,271,3,0.959301140994295,False
19123,1170.48,1,1170.48,2.0,184,184,2,0.9572910259039027,False
19124,1754.98,1,1754.98,2.0,6,6,2,0.969236116650902,False
19125,1735.98,1,1735.98,2.0,29,29,2,0.9798442378368414,False
19126,69.99,1,69.99,1.0,95,95,1,0.0,False
19127,579.97,1,579.97,3.0,257,257,2,0.9741710778143696,False
19129,639.45,1,639.45,5.0,271,271,3,0.8835561810931268,False
19131,1725.48,1,1725.48,2.0,18,18,2,0.9858068479495561,False
19133,1700.99,1,1700.99,1.0,19,19,1,1.0,False
19134,69.99,1,69.99,1.0,128,128,1,0.0,False
19136,78.98,1,78.98,2.0,241,241,1,0.0,False
19137,1735.98,1,1735.98,2.0,18,18,2,0.9798442378368414,False
19138,69.99,1,69.99,1.0,30,30,1,0.0,False
19139,69.99,1,69.99,1.0,223,223,1,0.0,False
19140,564.98,1,564.98,2.0,234,234,2,0.9557683457821515,False
19141,579.97,1,579.97,3.0,242,242,2,0.9741710778143696,False
19143,605.21,1,605.21,5.0,223,223,2,0.9335437286231225,False
19146,1764.96,1,1764.96,4.0,5,5,2,0.9637555525337684,False
19148,1750.98,1,1750.98,2.0,16,16,2,0.9714502735610915,False
19149,123.98,1,123.98,2.0,175,175,1,0.0,False
19151,69.99,1,69.99,1.0,93,93,1,0.0,False
19154,69.99,1,69.99,1.0,9,9,1,0.0,False
19155,78.98,1,78.98,2.0,239,239,1,0.0,False
19156,1728.27,1,1728.27,3.0,22,22,2,0.9842154293021346,False
19163,539.99,1,539.99,1.0,220,220,1,1.0,False
19165,633.96,1,633.96,4.0,215,215,3,0.8912076471701684,False
19170,1151.76,1,1151.76,4.0,348,348,2,0.9728502465791484,False
19173,1594.4175,2,797.20875,1.5,162,706,2,0.9661381037275368,True
19176,63.97,1,63.97,3.0,33,33,1,0.0,False
19177,38.98,1,38.98,2.0,313,313,1,0.0,False
19178,24.99,1,24.99,1.0,254,254,1,0.0,False
19179,12.94,1,12.94,2.0,54,54,1,0.0,False
19182,39.98,1,39.98,2.0,284,284,1,0.0,False
19184,24.99,1,24.99,1.0,266,266,1,0.0,False
19187,147.28,1,147.28,3.0,76,76,1,0.0,False
19188,2732.6975,2,1366.34875,2.5,40,468,2,0.9885570942264925,True
19192,1682.4075,2,841.20375,2.0,100,676,2,0.9156090305113357,True
19196,4657.737499999999,3,1552.5791666666664,2.3333333333333335,51,471,3,0.9737082650106411,True
19197,4609.7375,3,1536.5791666666667,2.3333333333333335,45,443,3,0.9838472364207291,True
19198,1155.48,1,1155.48,2.0,348,348,2,0.9697182123446533,False
19202,1170.48,1,1170.48,2.0,349,349,2,0.9572910259039027,False
19203,539.99,1,539.99,1.0,103,103,1,1.0,False
19204,539.99,1,539.99,1.0,76,76,1,1.0,False
19205,1249.84,1,1249.84,2.0,16,16,2,0.9720044165653203,False
19206,553.97,1,553.97,3.0,82,82,2,0.9747639763886131,False
19208,98.96,1,98.96,4.0,174,174,2,0.0,False
19209,574.98,1,574.98,2.0,67,67,2,0.9391457094159796,False
19210,4.99,1,4.99,1.0,13,13,1,0.0,False
19211,1120.49,1,1120.49,1.0,340,340,1,1.0,False
19212,1174.48,1,1174.48,2.0,352,352,2,0.9540307199782031,False
19213,1155.48,1,1155.48,2.0,345,345,2,0.9697182123446533,False
19214,4.99,1,4.99,1.0,297,297,1,0.0,False
19215,123.48,1,123.48,3.0,65,65,2,0.0,False
19218,132.97,1,132.97,3.0,294,294,1,0.0,False
19219,78.98,1,78.98,2.0,252,252,1,0.0,False
19222,54.98,1,54.98,2.0,18,18,2,0.0,False
19223,60.370000000000005,2,30.185000000000002,2.0,207,287,1,0.0,False
19224,352.52,3,117.50666666666666,3.0,59,221,2,0.0,False
19225,1218.98,1,1218.98,3.0,364,364,3,0.9192029401630871,False
19228,123.98,1,123.98,2.0,101,101,1,0.0,False
19229,123.98,1,123.98,2.0,64,64,1,0.0,False
19230,78.98,1,78.98,2.0,9,9,1,0.0,False
19231,69.99,1,69.99,1.0,185,185,1,0.0,False
19235,119.98,1,119.98,2.0,77,77,1,0.0,False
19236,119.98,1,119.98,2.0,11,11,1,0.0,False
19237,69.99,1,69.99,1.0,29,29,1,0.0,False
19238,69.99,1,69.99,1.0,231,231,1,0.0,False
19242,69.99,1,69.99,1.0,246,246,1,0.0,False
19243,69.99,1,69.99,1.0,209,209,1,0.0,False
19244,133.49,1,133.49,2.0,242,242,1,0.0,False
19247,24.99,1,24.99,1.0,320,320,1,0.0,False
19249,63.97,1,63.97,3.0,123,123,1,0.0,False
19251,27.28,1,27.28,2.0,146,146,1,0.0,False
19255,2483.98,2,1241.99,1.0,49,670,1,1.0,True
19256,2518.9700000000003,2,1259.4850000000001,1.5,44,657,2,0.9861094018586963,True
19258,1574.4175,2,787.20875,1.5,52,677,2,0.9942899516805421,True
19259,28.98,1,28.98,2.0,251,251,1,0.0,False
19262,24.99,1,24.99,1.0,321,321,1,0.0,False
19264,4132.24,2,2066.12,2.0,338,872,2,0.9966168470369583,True
19265,42.28,1,42.28,3.0,35,35,1,0.0,False
19266,42.28,1,42.28,3.0,219,219,1,0.0,False
19271,4153.25,2,2076.625,1.5,344,880,2,0.9915752723770541,True
19272,13.98,1,13.98,2.0,184,184,2,0.0,False
19273,39.98,1,39.98,2.0,154,154,1,0.0,False
19275,13.98,1,13.98,2.0,279,279,2,0.0,False
19276,2547.95,2,1273.975,2.5,4,618,2,0.9748935418669914,True
19281,67.97,1,67.97,3.0,121,121,2,0.0,False
19283,2764.4075000000003,2,1382.2037500000001,2.0,38,433,2,0.9772175411910149,True
19284,2736.4175,2,1368.20875,1.5,62,434,2,0.9872132085107628,True
19287,2508.9700000000003,2,1254.4850000000001,1.5,5,583,2,0.9900397374221295,True
19289,2765.3975,2,1382.69875,2.5,53,399,2,0.9768677016595265,True
19290,1605.3975,2,802.69875,2.5,33,642,2,0.9595302720977203,True
19291,28.98,1,28.98,2.0,295,295,1,0.0,False
19293,2533.9700000000003,2,1266.9850000000001,1.5,26,555,2,0.9802720632051682,True
19294,2820.3875,2,1410.19375,3.0,21,416,2,0.9578213986553269,True
19300,36.93,1,36.93,3.0,111,111,1,0.0,False
19302,1577.3875,2,788.69375,2.5,21,622,2,0.9765688519783503,True
19305,1622.3975,2,811.19875,2.0,18,621,2,0.9648853009203971,True
19307,148.98,1,148.98,3.0,64,64,1,0.0,False
19312,1564.6975,2,782.34875,2.0,55,604,2,0.9844890146497965,True
19313,2533.46,2,1266.73,2.0,9,551,3,0.9804693975827526,True
19315,2537.9700000000003,2,1268.9850000000001,1.5,28,566,2,0.9787270929128399,True
19319,2562.46,2,1281.23,2.0,8,519,2,0.9693731804594025,True
19320,1981.96,2,990.98,2.0,359,539,2,0.9604028335586995,True
19321,2736.4175,2,1368.20875,1.5,29,397,2,0.9872132085107628,True
19322,1565.4275,2,782.71375,1.0,21,598,1,1.0,True
19323,1584.76,2,792.38,2.0,155,510,2,0.9796309851333956,True
19324,1602.47,2,801.235,1.5,172,506,2,0.9688044081948491,True
19327,4.99,1,4.99,1.0,324,324,1,0.0,False
19332,82.97,1,82.97,3.0,292,292,2,0.0,False
19334,63.97,1,63.97,3.0,293,293,1,0.0,False
19337,1575.4175,2,787.70875,1.5,15,568,2,0.97779001439301,True
19339,4315.8982000000005,3,1438.6327333333336,2.0,46,1008,3,0.9752172097108317,True
19340,4313.8882,3,1437.9627333333335,2.6666666666666665,22,977,3,0.9814668354177564,True
19341,3498.7775,2,1749.38875,1.5,361,555,2,0.9842830817335484,True
19342,31.27,1,31.27,3.0,238,238,1,0.0,False
19344,186.28,1,186.28,3.0,336,336,1,0.0,False
19345,69.97,1,69.97,3.0,274,274,1,0.0,False
19346,21.49,1,21.49,1.0,331,331,1,0.0,False
19348,21.49,1,21.49,1.0,306,306,1,0.0,False
19351,4.99,1,4.99,1.0,252,252,1,0.0,False
19352,13.98,1,13.98,2.0,253,253,2,0.0,False
19356,78.96,1,78.96,4.0,3,3,2,0.0,False
19358,13.98,1,13.98,2.0,111,111,2,0.0,False
19360,3511.7575,2,1755.87875,2.5,363,560,3,0.9806450189114712,True
19362,3443.7875,2,1721.89375,1.0,345,570,1,1.0,True
19364,4312.9082,3,1437.6360666666667,2.0,29,968,3,0.9816898490906902,True
19365,4321.8882,3,1440.6294,2.6666666666666665,9,923,3,0.9738655895818872,True
19366,1617.46,2,808.73,2.0,108,488,2,0.9598258998676937,True
19367,58.98,1,58.98,2.0,8,8,2,0.0,False
19368,32.28,1,32.28,2.0,46,46,1,0.0,False
19369,63.97,1,63.97,3.0,274,274,1,0.0,False
19370,4.99,1,4.99,1.0,129,129,1,0.0,False
19372,29.48,1,29.48,2.0,127,127,2,0.0,False
19375,120.46,1,120.46,4.0,258,258,2,0.0,False
19376,29.48,1,29.48,2.0,38,38,2,0.0,False
19380,1934.75,2,967.375,2.5,316,489,2,0.9838377051298618,True
19381,1953.47,2,976.735,1.5,319,466,2,0.9744096402811407,True
19383,119.96,1,119.96,4.0,299,299,2,0.0,False
19384,32.28,1,32.28,2.0,9,9,1,0.0,False
19389,138.45,1,138.45,5.0,223,223,2,0.0,False
19390,4.99,1,4.99,1.0,150,150,1,0.0,False
19391,42.93,1,42.93,3.0,97,97,1,0.0,False
19392,27.28,1,27.28,2.0,317,317,1,0.0,False
19394,1155.48,1,1155.48,2.0,201,201,2,0.9697182123446533,False
19395,1155.48,1,1155.48,2.0,309,309,2,0.9697182123446533,False
19396,1169.46,1,1169.46,4.0,306,306,2,0.9581259726711473,False
19397,78.98,1,78.98,2.0,114,114,1,0.0,False
19398,69.99,1,69.99,1.0,51,51,1,0.0,False
19400,1179.47,1,1179.47,3.0,197,197,2,0.9499944890501666,False
19401,1170.48,1,1170.48,2.0,311,311,2,0.9572910259039027,False
19403,1155.48,1,1155.48,2.0,334,334,2,0.9697182123446533,False
19405,1170.48,1,1170.48,2.0,324,324,2,0.9572910259039027,False
19406,1188.46,1,1188.46,4.0,307,307,3,0.9428083402049711,False
19409,1183.47,1,1183.47,3.0,325,325,2,0.9467836109069093,False
19410,1120.49,1,1120.49,1.0,308,308,1,1.0,False
19413,1145.48,1,1145.48,2.0,336,336,2,0.9781838181373748,False
19414,1145.48,1,1145.48,2.0,212,212,2,0.9781838181373748,False
19416,3476.3875,2,1738.19375,1.5,354,547,2,0.990622449309808,True
19417,1854.5782,2,927.2891,1.5,360,937,2,0.981133176266172,True
19418,3476.3875,2,1738.19375,1.5,361,536,2,0.990622449309808,True
19419,1602.47,2,801.235,1.5,85,464,2,0.9688044081948491,True
19421,1930.76,2,965.38,2.0,294,445,2,0.9858708487849345,True
19422,1819.5882000000001,2,909.7941000000001,1.0,340,884,1,1.0,True
19423,1938.47,2,969.235,1.5,293,439,2,0.981949681965674,True
19425,31.27,1,31.27,3.0,205,205,1,0.0,False
19426,1938.47,2,969.235,1.5,264,434,2,0.981949681965674,True
19430,63.97,1,63.97,3.0,38,38,1,0.0,False
19434,1934.75,2,967.375,2.5,188,440,2,0.9838377051298618,True
19435,3457.7675,2,1728.88375,2.0,337,515,2,0.9959569288565528,True
19438,4337.8982000000005,3,1445.9660666666668,2.3333333333333335,28,840,3,0.9760344767887824,True
19439,4349.8882,3,1449.9627333333335,2.3333333333333335,28,805,3,0.9733441425000303,True
19440,3492.7575,2,1746.37875,2.5,312,489,2,0.9859795591305726,True
19441,1567.46,2,783.73,2.0,60,436,2,0.9904431373049392,True
19442,1602.47,2,801.235,1.5,34,455,2,0.9688044081948491,True
19443,1863.5682000000002,2,931.7841000000001,2.0,327,812,3,0.976400112429478,True
19446,1560.43,2,780.215,1.5,18,440,2,0.9949052504758303,True
19448,3543.8775,2,1771.93875,2.5,318,468,3,0.9717569244422247,True
19449,45.22,1,45.22,4.0,186,186,1,0.0,False
19450,1887.5582,2,943.7791,2.5,312,810,3,0.963990514305731,True
19453,4267.8982,3,1422.6327333333331,2.3333333333333335,16,794,3,0.986185237501682,True
19456,37.27,1,37.27,3.0,10,10,1,0.0,False
19457,92.48,1,92.48,3.0,17,17,2,0.0,False
19459,3478.7775,2,1739.38875,1.5,319,433,2,0.989941868946778,True
19460,29.48,1,29.48,2.0,297,297,2,0.0,False
19465,4.99,1,4.99,1.0,225,225,1,0.0,False
19466,63.97,1,63.97,3.0,224,224,1,0.0,False
19470,74.98,1,74.98,2.0,120,120,2,0.0,False
19471,3478.7775,2,1739.38875,1.5,293,453,2,0.989941868946778,True
19473,1917.46,2,958.73,2.0,212,424,2,0.992709104753163,True
19477,3533.7675,2,1766.88375,2.0,334,456,2,0.9745370910791388,True
19479,3443.7875,2,1721.89375,1.0,303,442,1,1.0,True
19480,1934.75,2,967.375,2.5,192,417,2,0.9838377051298618,True
19488,47.97,1,47.97,3.0,74,74,2,0.0,False
19490,62.97,1,62.97,3.0,270,270,2,0.0,False
19492,6.28,1,6.28,2.0,149,149,1,0.0,False
19494,6.28,1,6.28,2.0,77,77,1,0.0,False
19495,38.98,1,38.98,2.0,191,191,1,0.0,False
19496,1854.5782,2,927.2891,1.5,284,770,2,0.981133176266172,True
19498,31.27,1,31.27,3.0,185,185,1,0.0,False
19502,3565.3575,2,1782.67875,3.0,297,418,3,0.9659024375535976,True
19504,1382.97,2,691.485,1.5,249,376,2,0.9746993788730052,True
19505,53.47,1,53.47,3.0,196,196,2,0.0,False
19506,3480.3775,2,1740.18875,2.0,218,407,2,0.9894867726273947,True
19508,6.28,1,6.28,2.0,114,114,1,0.0,False
19509,43.97,1,43.97,3.0,58,58,2,0.0,False
19510,3451.7375,2,1725.86875,1.5,233,426,2,0.9976968121127404,True
19512,86.26,1,86.26,4.0,264,264,1,0.0,False
19514,78.96,1,78.96,4.0,160,160,2,0.0,False
19515,6.28,1,6.28,2.0,277,277,1,0.0,False
19517,1938.47,2,969.235,1.5,200,381,2,0.981949681965674,True
19520,87.97,1,87.97,3.0,292,292,2,0.0,False
19521,53.98,1,53.98,2.0,319,319,2,0.0,False
19522,63.97,1,63.97,3.0,228,228,1,0.0,False
19525,40.23,1,40.23,3.0,111,111,1,0.0,False
19526,1179.47,1,1179.47,3.0,210,210,2,0.9499944890501666,False
19528,78.98,1,78.98,2.0,143,143,1,0.0,False
19529,1169.46,1,1169.46,4.0,323,323,2,0.9581259726711473,False
19530,1120.49,1,1120.49,1.0,308,308,1,1.0,False
19534,1179.47,1,1179.47,3.0,326,326,2,0.9499944890501666,False
19535,1170.48,1,1170.48,2.0,318,318,2,0.9572910259039027,False
19536,1120.49,1,1120.49,1.0,195,195,1,1.0,False
19537,1155.48,1,1155.48,2.0,285,285,2,0.9697182123446533,False
19539,1120.49,1,1120.49,1.0,293,293,1,1.0,False
19540,69.99,1,69.99,1.0,59,59,1,0.0,False
19541,131.24,2,65.62,3.0,49,146,2,0.0,False
19544,132.97,1,132.97,3.0,319,319,1,0.0,False
19546,1174.48,1,1174.48,2.0,199,199,2,0.9540307199782031,False
19547,1179.97,1,1179.97,3.0,286,286,3,0.9495919387781045,False
19549,1183.47,1,1183.47,3.0,287,287,2,0.9467836109069093,False
19551,69.99,1,69.99,1.0,94,94,1,0.0,False
19552,69.99,1,69.99,1.0,293,293,1,0.0,False
19553,31.97,1,31.97,2.0,199,199,1,0.0,False
19554,86.95,1,86.95,4.0,97,97,2,0.0,False
19555,6110.6,2,3055.3,2.0,258,872,3,0.9854384184859099,True
19556,6035.6,2,3017.8,2.0,260,859,2,0.9976837431241302,True
19557,5358.24,2,2679.12,2.0,259,855,3,0.9852600854011766,True
19559,6056.610000000001,2,3028.3050000000003,1.5,268,866,2,0.9942228408301014,True
19564,5293.24,2,2646.62,2.0,218,860,2,0.997358895496898,True
19566,164.91,2,82.455,4.0,197,226,2,0.0,False
19567,104.96,2,52.48,1.5,221,278,2,0.0,False
19568,6060.5,2,3030.25,2.5,248,882,2,0.9935846877320353,True
19570,74.94,2,37.47,2.5,111,322,2,0.0,False
19574,96.74000000000001,2,48.370000000000005,3.0,233,254,1,0.0,False
19576,6058.21,2,3029.105,2.0,259,872,2,0.9939602621896566,True
19577,6037.889999999999,2,3018.9449999999997,2.5,248,859,2,0.9973053500477816,True
19579,83.98,2,41.99,1.0,46,67,2,0.0,False
19580,173.93,2,86.965,3.0,24,270,2,0.0,False
19581,21.49,1,21.49,1.0,102,102,1,0.0,False
19582,36.27,1,36.27,3.0,46,46,1,0.0,False
19583,97.96,1,97.96,4.0,226,226,2,0.0,False
19584,116.74,2,58.37,3.0,270,328,1,0.0,False
19590,32.28,1,32.28,2.0,304,304,1,0.0,False
19591,63.42,2,31.71,2.0,185,250,1,0.0,False
19593,5306.54,2,2653.27,2.0,216,857,2,0.9948591737742484,True
19594,6021.62,2,3010.81,1.0,262,875,1,1.0,True
19602,6093.2,2,3046.6,2.5,215,859,2,0.9882524781723889,True
19603,25.48,1,25.48,2.0,278,278,1,0.0,False
19604,171.73,2,85.865,3.5,43,275,2,0.0,False
19605,5314.25,2,2657.125,1.5,189,864,2,0.9934158159665052,True
19607,6054.219999999999,2,3027.1099999999997,1.5,238,877,2,0.9946153261691844,True
19610,118.94,2,59.47,3.0,136,244,2,0.0,False
19611,6054.219999999999,2,3027.1099999999997,1.5,216,862,2,0.9946153261691844,True
19613,6093.2,2,3046.6,2.5,230,882,2,0.9882524781723889,True
19614,6217.21,2,3108.605,2.5,235,861,2,0.9685405511475405,True
19618,119.45,2,59.725,2.5,153,176,2,0.0,False
19621,6021.62,2,3010.81,1.0,239,835,1,1.0,True
19623,153.93,2,76.965,3.5,23,208,2,0.0,False
19625,52.769999999999996,2,26.384999999999998,1.5,265,275,1,0.0,False
19626,39.46,2,19.73,2.0,161,170,1,0.0,False
19630,74.45,2,37.225,2.5,219,221,1,0.0,False
19631,5279.26,2,2639.63,1.0,210,830,1,1.0,True
19632,56.98,1,56.98,2.0,312,312,1,0.0,False
19633,59.98,1,59.98,2.0,198,198,1,0.0,False
19637,78.98,1,78.98,2.0,129,129,1,0.0,False
19638,4.99,1,4.99,1.0,4,4,1,0.0,False
19640,224.55,2,112.275,3.0,108,186,1,0.0,False
19641,68.49,1,68.49,2.0,261,261,2,0.0,False
19643,123.98,1,123.98,2.0,316,316,1,0.0,False
19644,4.99,1,4.99,1.0,110,110,1,0.0,False
19645,134.44,2,67.22,3.0,192,270,2,0.0,False
19647,282.04,3,94.01333333333334,2.3333333333333335,14,234,2,0.0,False
19648,100.84,3,33.61333333333334,2.0,131,240,1,0.0,False
19654,78.98,1,78.98,2.0,184,184,1,0.0,False
19655,128.97,1,128.97,3.0,227,227,1,0.0,False
19664,78.98,1,78.98,2.0,8,8,1,0.0,False
19666,35.0,1,35.0,1.0,82,82,1,0.0,False
19667,150.95,1,150.95,5.0,41,41,2,0.0,False
19671,1170.48,1,1170.48,2.0,279,279,2,0.9572910259039027,False
19676,67.97,1,67.97,3.0,224,224,2,0.0,False
19677,58.98,1,58.98,2.0,255,255,2,0.0,False
19679,1155.48,1,1155.48,2.0,295,295,2,0.9697182123446533,False
19680,1170.48,1,1170.48,2.0,282,282,2,0.9572910259039027,False
19683,1143.46,1,1143.46,4.0,304,304,3,0.9799118465009707,False
19684,78.98,1,78.98,2.0,282,282,1,0.0,False
19686,69.99,1,69.99,1.0,139,139,1,0.0,False
19688,119.98,1,119.98,2.0,174,174,1,0.0,False
19689,680.94,1,680.94,5.0,198,198,3,0.8297206802361441,False
19692,94.48,1,94.48,2.0,211,211,1,0.0,False
19695,94.48,1,94.48,2.0,326,326,1,0.0,False
19696,597.26,1,597.26,4.0,211,211,2,0.9459699293440044,False
19698,726.27,1,726.27,4.0,195,195,2,0.743511366296281,False
19699,133.49,1,133.49,2.0,78,78,1,0.0,False
19703,69.99,1,69.99,1.0,315,315,1,0.0,False
19704,1143.46,1,1143.46,4.0,157,157,3,0.9799118465009707,False
19706,617.95,1,617.95,5.0,187,187,3,0.8738409256412331,False
19707,78.98,1,78.98,2.0,211,211,1,0.0,False
19708,564.99,1,564.99,1.0,203,203,1,1.0,False
19716,1155.48,1,1155.48,2.0,276,276,2,0.9697182123446533,False
19717,1137.43,1,1137.43,3.0,290,290,2,0.9851067758015878,False
19719,659.94,1,659.94,5.0,180,180,3,0.8182410522168682,False
19720,78.98,1,78.98,2.0,145,145,1,0.0,False
19722,586.46,1,586.46,3.0,153,153,3,0.9207618592913412,False
19727,69.99,1,69.99,1.0,330,330,1,0.0,False
19728,119.98,1,119.98,2.0,305,305,1,0.0,False
19731,78.98,1,78.98,2.0,26,26,1,0.0,False
19732,78.98,1,78.98,2.0,242,242,1,0.0,False
19733,69.99,1,69.99,1.0,329,329,1,0.0,False
19735,572.26,1,572.26,4.0,170,170,2,0.9436095481075036,False
19738,604.96,1,604.96,4.0,152,152,2,0.892604469717006,False
19739,614.96,1,614.96,4.0,129,129,2,0.9187426824508911,False
19741,78.98,1,78.98,2.0,75,75,1,0.0,False
19742,94.48,1,94.48,2.0,70,70,1,0.0,False
19743,1194.97,1,1194.97,3.0,264,264,2,0.9376720754495929,False
19744,1179.47,1,1179.47,3.0,245,245,2,0.9499944890501666,False
19746,2329.99,1,2329.99,2.0,50,50,2,0.9849784763024734,False
19747,148.47,1,148.47,3.0,305,305,1,0.0,False
19750,77.25,2,38.625,2.5,75,113,1,0.0,False
19755,69.99,1,69.99,1.0,65,65,1,0.0,False
19757,37.27,2,18.635,1.5,123,205,1,0.0,False
19759,78.98,1,78.98,2.0,215,215,1,0.0,False
19760,128.97,1,128.97,3.0,218,218,1,0.0,False
19764,12.94,1,12.94,2.0,291,291,1,0.0,False
19766,4167.23,2,2083.615,2.5,323,847,2,0.9882487887637593,True
19768,1143.46,1,1143.46,4.0,253,253,3,0.9799118465009707,False
19771,4167.23,2,2083.615,2.5,327,843,2,0.9882487887637593,True
19772,6030.610000000001,2,3015.3050000000003,1.5,226,829,2,0.9985092718647036,True
19773,6056.610000000001,2,3028.3050000000003,1.5,224,838,2,0.9942228408301014,True
19775,1183.47,1,1183.47,3.0,269,269,2,0.9467836109069093,False
19776,94.48,1,94.48,2.0,207,207,1,0.0,False
19777,119.98,1,119.98,2.0,155,155,1,0.0,False
19779,69.99,1,69.99,1.0,183,183,1,0.0,False
19780,614.96,1,614.96,4.0,124,124,2,0.9187426824508911,False
19781,46.26,2,23.13,2.0,223,333,2,0.0,False
19782,6089.59,2,3044.795,2.5,239,846,3,0.9888383290172246,True
19784,6021.62,2,3010.81,1.0,231,853,1,1.0,True
19786,6021.62,2,3010.81,1.0,235,830,1,1.0,True
19788,6056.610000000001,2,3028.3050000000003,1.5,232,830,2,0.9942228408301014,True
19794,6098.58,2,3049.29,3.0,223,852,3,0.9873806689426065,True
19796,13.98,1,13.98,2.0,308,308,1,0.0,False
19797,6021.62,2,3010.81,1.0,220,842,1,1.0,True
19799,78.98,1,78.98,2.0,85,85,1,0.0,False
19802,3374.99,1,3374.99,1.0,1068,1068,1,1.0,True
19803,574.98,1,574.98,2.0,67,67,2,0.9391457094159796,False
19806,119.98,1,119.98,2.0,126,126,1,0.0,False
19807,35.47,2,17.735,1.5,37,147,1,0.0,False
19811,69.99,1,69.99,1.0,133,133,1,0.0,False
19812,589.96,1,589.96,4.0,125,125,2,0.9152993423282934,False
19813,539.99,1,539.99,1.0,128,128,1,1.0,False
19817,118.94,2,59.47,3.0,76,308,2,0.0,False
19818,78.98,1,78.98,2.0,135,135,1,0.0,False
19820,1155.48,1,1155.48,2.0,255,255,2,0.9697182123446533,False
19822,36.96,1,36.96,3.0,184,184,1,0.0,False
19823,46.47,1,46.47,2.0,27,27,2,0.0,False
19824,629.45,1,629.45,5.0,114,114,3,0.8578759234252125,False
19827,21.98,1,21.98,1.0,150,150,1,0.0,False
19830,5765.92,2,2882.96,3.5,59,1045,3,0.9833608513472267,True
19834,119.98,1,119.98,2.0,198,198,1,0.0,False
19836,78.96,2,39.48,2.0,64,287,2,0.0,False
19837,589.98,1,589.98,2.0,101,101,2,0.9576426319536255,False
19839,194.95999999999998,2,97.47999999999999,2.5,96,258,1,0.0,False
19841,604.46,1,604.46,4.0,101,101,3,0.934702048109056,False
19842,564.26,1,564.26,3.0,63,63,2,0.9569879133732677,False
19844,5807.93,2,2903.965,3.5,52,991,3,0.9805524515619164,True
19845,639.95,1,639.95,5.0,80,80,3,0.8438002968981951,False
19846,69.99,1,69.99,1.0,88,88,1,0.0,False
19849,1147.77,1,1147.77,3.0,251,251,2,0.9762321719508265,False
19850,119.98,1,119.98,2.0,7,7,1,0.0,False
19851,123.98,1,123.98,2.0,211,211,1,0.0,False
19855,5709.959999999999,2,2854.9799999999996,2.0,39,954,2,0.997376514021114,True
19857,69.99,1,69.99,1.0,252,252,1,0.0,False
19858,94.48,1,94.48,2.0,27,27,1,0.0,False
19861,78.98,1,78.98,2.0,201,201,1,0.0,False
19866,69.99,1,69.99,1.0,93,93,1,0.0,False
19867,1155.48,1,1155.48,2.0,245,245,2,0.9697182123446533,False
19869,608.96,1,608.96,4.0,79,79,3,0.8867413294797688,False
19871,69.99,1,69.99,1.0,127,127,1,0.0,False
19873,7.28,1,7.28,2.0,267,267,1,0.0,False
19875,1199.46,1,1199.46,4.0,250,250,3,0.9341620395844796,False
19876,78.98,1,78.98,2.0,182,182,1,0.0,False
19878,69.99,1,69.99,1.0,22,22,1,0.0,False
19886,78.98,1,78.98,2.0,262,262,1,0.0,False
19889,539.99,1,539.99,1.0,67,67,1,1.0,False
19891,1174.48,1,1174.48,2.0,259,259,2,0.9540307199782031,False
19892,1155.48,1,1155.48,2.0,246,246,2,0.9697182123446533,False
19897,596.96,1,596.96,3.0,41,41,2,0.9045664701152506,False
19900,27.28,1,27.28,2.0,125,125,1,0.0,False
19901,3016.0681999999997,2,1508.0340999999999,1.5,78,748,2,0.9927123663848185,True
19902,3080.2700000000004,2,1540.1350000000002,1.5,67,377,2,0.9992565586782977,True
19904,3018.3582,2,1509.1791,2.0,82,744,2,0.9919592048418905,True
19905,7.28,1,7.28,2.0,59,59,1,0.0,False
19906,13.98,1,13.98,2.0,143,143,2,0.0,False
19911,3335.4075,2,1667.70375,2.0,53,415,2,0.9955087946525276,True
19912,3427.3875,2,1713.69375,2.5,35,408,3,0.968792557013177,True
19913,28.98,1,28.98,2.0,308,308,1,0.0,False
19917,3369.4075,2,1684.70375,2.5,52,391,3,0.9854633195895719,True
19920,91.96,1,91.96,4.0,314,314,2,0.0,False
19921,63.97,1,63.97,3.0,261,261,1,0.0,False
19924,3171.95,2,1585.975,2.5,69,722,3,0.970374690647709,True
19925,83.97,1,83.97,3.0,175,175,2,0.0,False
19931,3125.91,2,1562.955,2.5,52,723,2,0.9926645360870916,True
19934,193.44,1,193.44,6.0,230,230,2,0.0,False
19939,48.97,1,48.97,3.0,21,21,2,0.0,False
19940,3440.4275,2,1720.21375,1.5,4,396,2,0.9651206136446706,True
19941,3078.0582,2,1539.0291,3.0,24,1083,3,0.9727198140697927,True
19943,3112.9700000000003,2,1556.4850000000001,1.5,54,370,2,0.9967908460409192,True
19945,3137.9700000000003,2,1568.9850000000001,1.5,40,396,2,0.9888494791218527,True
19947,6056.51,2,3028.255,2.0,232,836,2,0.9942392566015741,True
19948,6021.62,2,3010.81,1.0,237,840,1,1.0,True
19950,6098.54,2,3049.27,3.0,195,839,2,0.9873871451199797,True
19953,25.48,1,25.48,2.0,230,230,1,0.0,False
19956,6060.5,2,3030.25,2.5,188,826,2,0.9935846877320353,True
19958,6056.51,2,3028.255,2.0,185,838,2,0.9942392566015741,True
19959,6056.610000000001,2,3028.3050000000003,1.5,190,827,2,0.9942228408301014,True
19961,97.97,2,48.985,2.0,22,247,2,0.0,False
19962,46.75,2,23.375,2.5,164,252,2,0.0,False
19963,6054.219999999999,2,3027.1099999999997,1.5,200,835,2,0.9946153261691844,True
19965,6056.610000000001,2,3028.3050000000003,1.5,187,831,2,0.9942228408301014,True
19968,6021.62,2,3010.81,1.0,204,815,1,1.0,True
19971,6056.610000000001,2,3028.3050000000003,1.5,198,794,2,0.9942228408301014,True
19972,49.7,2,24.85,3.0,87,153,1,0.0,False
19974,6021.62,2,3010.81,1.0,194,803,1,1.0,True
19975,6056.610000000001,2,3028.3050000000003,1.5,184,813,2,0.9942228408301014,True
19976,44.04,2,22.02,3.0,184,218,1,0.0,False
19977,6044.59,2,3022.295,2.5,214,798,3,0.9961999076860466,True
19978,6060.5,2,3030.25,2.5,203,804,2,0.9935846877320353,True
19981,1155.48,1,1155.48,2.0,270,270,2,0.9697182123446533,False
19984,1183.47,1,1183.47,3.0,248,248,2,0.9467836109069093,False
19986,1189.46,1,1189.46,4.0,272,272,2,0.9420157046054511,False
19988,4555.469999999999,2,2277.7349999999997,1.5,137,877,2,0.9923191240420857,True
19993,1184.46,1,1184.46,4.0,268,268,3,0.9459922665180758,False
19995,618.98,1,618.98,2.0,39,39,2,0.9127758570551553,False
19996,69.99,1,69.99,1.0,104,104,1,0.0,False
19997,5814.98,2,2907.49,1.5,61,871,2,0.9793636435550939,True
19999,1147.77,1,1147.77,3.0,273,273,2,0.9762321719508265,False
20003,579.97,1,579.97,3.0,15,15,2,0.9741710778143696,False
20005,1143.46,1,1143.46,4.0,228,228,3,0.9799118465009707,False
20007,4495.48,2,2247.74,1.0,122,813,1,1.0,True
20008,69.99,1,69.99,1.0,74,74,1,0.0,False
20010,69.99,1,69.99,1.0,98,98,1,0.0,False
20012,554.97,1,554.97,3.0,22,22,2,0.9730075499576554,False
20013,539.99,1,539.99,1.0,7,7,1,1.0,False
20015,564.99,1,564.99,1.0,15,15,1,1.0,False
20016,132.97,1,132.97,3.0,141,141,1,0.0,False
20017,78.98,1,78.98,2.0,5,5,1,0.0,False
20018,69.99,1,69.99,1.0,198,198,1,0.0,False
20020,78.98,1,78.98,2.0,87,87,1,0.0,False
20021,80.96,1,80.96,3.0,11,11,2,0.0,False
20022,119.98,1,119.98,2.0,84,84,1,0.0,False
20028,1174.48,1,1174.48,2.0,216,216,2,0.9540307199782031,False
20032,1120.49,1,1120.49,1.0,217,217,1,1.0,False
20034,5769.959999999999,2,2884.9799999999996,2.5,38,776,2,0.9870051092208613,True
20035,5694.98,2,2847.49,1.0,50,735,1,1.0,True
20037,2595.95,1,2595.95,3.0,337,337,2,0.9412161251179723,False
20039,2457.33,1,2457.33,3.0,346,346,2,0.9943108984141326,False
20043,32.28,1,32.28,2.0,5,5,1,0.0,False
20044,1155.48,1,1155.48,2.0,202,202,2,0.9697182123446533,False
20047,614.98,1,614.98,2.0,215,215,2,0.918712803668412,False
20049,3150.3982,2,1575.1991,1.5,129,1059,2,0.9974765094774369,True
20052,3214.0281999999997,2,1607.0140999999999,2.5,286,1023,2,0.9777288824037078,True
20054,3338.0382,2,1669.0191,2.5,263,1023,2,0.9414057035057299,True
20055,82.97,1,82.97,3.0,187,187,2,0.0,False
20056,144.45,1,144.45,5.0,39,39,2,0.0,False
20064,38.98,1,38.98,2.0,195,195,1,0.0,False
20065,21.49,1,21.49,1.0,11,11,1,0.0,False
20068,1120.49,1,1120.49,1.0,217,217,1,1.0,False
20069,574.98,1,574.98,2.0,90,90,2,0.9391457094159796,False
20073,1170.48,1,1170.48,2.0,236,236,2,0.9572910259039027,False
20074,588.96,1,588.96,4.0,75,75,2,0.9168534365661505,False
20075,3399.99,1,3399.99,1.0,759,759,1,1.0,True
20076,553.97,1,553.97,3.0,39,39,2,0.9747639763886131,False
20080,548.98,1,548.98,2.0,58,58,2,0.9836241757441072,False
20081,58.98,1,58.98,2.0,76,76,2,0.0,False
20082,56.97,1,56.97,2.0,163,163,1,0.0,False
20083,39.98,1,39.98,2.0,56,56,1,0.0,False
20086,128.55,2,64.275,2.5,222,287,1,0.0,False
20087,85.48,1,85.48,2.0,199,199,2,0.0,False
20088,4.99,1,4.99,1.0,206,206,1,0.0,False
20089,4.99,1,4.99,1.0,166,166,1,0.0,False
20090,548.98,1,548.98,2.0,32,32,2,0.9836241757441072,False
20091,562.96,1,562.96,4.0,39,39,3,0.9591978115674292,False
20092,1149.47,1,1149.47,3.0,218,218,2,0.9747883807319895,False
20093,1179.97,1,1179.97,3.0,240,240,3,0.9495919387781045,False
20094,13.98,1,13.98,2.0,145,145,2,0.0,False
20098,68.49,1,68.49,2.0,72,72,2,0.0,False
20099,4.99,1,4.99,1.0,120,120,1,0.0,False
20102,39.98,1,39.98,2.0,107,107,1,0.0,False
20105,68.97,1,68.97,3.0,132,132,2,0.0,False
20108,1155.48,1,1155.48,2.0,241,241,2,0.9697182123446533,False
20111,1169.46,1,1169.46,4.0,210,210,2,0.9581259726711473,False
20115,119.98,1,119.98,2.0,302,302,1,0.0,False
20116,119.98,1,119.98,2.0,301,301,1,0.0,False
20118,1170.48,1,1170.48,2.0,192,192,2,0.9572910259039027,False
20122,128.97,1,128.97,3.0,48,48,1,0.0,False
20125,119.98,1,119.98,2.0,215,215,1,0.0,False
20127,69.99,1,69.99,1.0,262,262,1,0.0,False
20129,119.98,1,119.98,2.0,270,270,1,0.0,False
20130,4.99,1,4.99,1.0,333,333,1,0.0,False
20131,38.98,1,38.98,2.0,4,4,1,0.0,False
20132,69.97,1,69.97,3.0,203,203,1,0.0,False
20133,28.98,1,28.98,2.0,179,179,1,0.0,False
20135,69.97,1,69.97,3.0,182,182,1,0.0,False
20138,119.96,1,119.96,4.0,327,327,2,0.0,False
20139,69.99,1,69.99,1.0,240,240,1,0.0,False
20141,3.99,1,3.99,1.0,52,52,1,0.0,False
20142,3.99,1,3.99,1.0,333,333,1,0.0,False
20143,32.28,1,32.28,2.0,155,155,1,0.0,False
20144,120.46,1,120.46,4.0,1,1,2,0.0,False
20145,1184.46,1,1184.46,4.0,171,171,2,0.9459922665180758,False
20146,3.99,1,3.99,1.0,318,318,1,0.0,False
20147,37.97,1,37.97,3.0,194,194,2,0.0,False
20148,6.28,1,6.28,2.0,289,289,1,0.0,False
20149,3165.4182,2,1582.7091,2.5,146,1009,3,0.9927434548774632,True
20150,3264.0182,2,1632.0091,3.0,267,978,3,0.9627544968958816,True
20152,4142.75,2,2071.375,1.5,328,809,2,0.9940884678052019,True
20158,4153.25,2,2076.625,1.5,333,821,2,0.9915752723770541,True
20160,4237.22,2,2118.61,3.0,311,823,3,0.9719249885538161,True
20162,1966.46,2,983.23,2.0,264,687,2,0.967972905627371,True
20164,3150.3982,2,1575.1991,1.5,103,979,2,0.9974765094774369,True
20167,3142.4482,2,1571.2241,1.0,96,968,1,1.0,True
20173,3181.3282,2,1590.6641,2.5,260,924,2,0.9877786894165778,True
20174,29.99,1,29.99,1.0,75,75,1,0.0,False
20175,1214.46,1,1214.46,4.0,174,174,3,0.9226240469015036,False
20178,3.99,1,3.99,1.0,284,284,1,0.0,False
20179,24.99,1,24.99,1.0,212,212,1,0.0,False
20180,2487.89,1,2487.89,4.0,363,363,2,0.9820972792205445,False
20184,123.98,1,123.98,2.0,248,248,1,0.0,False
20186,3191.9096,2,1595.9548,1.0,87,729,1,1.0,True
20189,4.99,1,4.99,1.0,106,106,1,0.0,False
20192,1155.48,1,1155.48,2.0,199,199,2,0.9697182123446533,False
20194,1174.48,1,1174.48,2.0,190,190,2,0.9540307199782031,False
20195,1174.48,1,1174.48,2.0,211,211,2,0.9540307199782031,False
20196,1120.49,1,1120.49,1.0,186,186,1,1.0,False
20197,1145.48,1,1145.48,2.0,190,190,2,0.9781838181373748,False
20198,1174.48,1,1174.48,2.0,200,200,2,0.9540307199782031,False
20199,2502.83,1,2502.83,3.0,313,313,3,0.9762349020908333,False
20200,2479.94,1,2479.94,3.0,336,336,2,0.9852456107809061,False
20203,119.98,1,119.98,2.0,99,99,1,0.0,False
20204,2475.95,1,2475.95,2.0,334,334,2,0.9868333366990448,False
20205,1184.46,1,1184.46,4.0,201,201,2,0.9459922665180758,False
20207,1134.47,1,1134.47,3.0,201,201,2,0.987677065061218,False
20209,3268.5482,2,1634.2741,3.0,81,712,3,0.9697235610599229,True
20210,2478.34,1,2478.34,2.0,316,316,2,0.9858816788656924,False
20216,5338.74,2,2669.37,2.0,209,799,3,0.9888587943971799,True
20218,104.69,2,52.345,3.5,241,250,1,0.0,False
20219,6044.59,2,3022.295,2.5,213,804,3,0.9961999076860466,True
20223,187.38,2,93.69,4.0,2,55,2,0.0,False
20224,44.46,2,22.23,2.0,86,88,2,0.0,False
20227,6054.219999999999,2,3027.1099999999997,1.5,191,801,2,0.9946153261691844,True
20228,6093.2,2,3046.6,2.5,214,794,2,0.9882524781723889,True
20230,32.28,1,32.28,2.0,200,200,1,0.0,False
20232,91.95,1,91.95,4.0,200,200,1,0.0,False
20233,69.97,1,69.97,3.0,241,241,1,0.0,False
20235,34.98,1,34.98,2.0,17,17,1,0.0,False
20236,5279.26,2,2639.63,1.0,183,795,1,1.0,True
20238,6021.62,2,3010.81,1.0,190,801,1,1.0,True
20239,6093.2,2,3046.6,2.5,194,799,2,0.9882524781723889,True
20241,5347.23,2,2673.615,2.5,163,809,3,0.9872887457618245,True
20244,6021.62,2,3010.81,1.0,200,804,1,1.0,True
20245,6085.59,2,3042.795,2.5,162,821,3,0.9894882829766712,True
20247,6056.610000000001,2,3028.3050000000003,1.5,158,817,2,0.9942228408301014,True
20248,69.97,1,69.97,3.0,4,4,1,0.0,False
20250,37.27,1,37.27,3.0,256,256,1,0.0,False
20253,6035.6,2,3017.8,2.0,157,822,2,0.9976837431241302,True
20258,6029.57,2,3014.785,1.5,170,769,2,0.9986814980172716,True
20259,6029.57,2,3014.785,1.5,164,790,2,0.9986814980172716,True
20260,5314.25,2,2657.125,1.5,183,781,2,0.9934158159665052,True
20261,5314.25,2,2657.125,1.5,153,778,2,0.9934158159665052,True
20265,32.28,1,32.28,2.0,292,292,1,0.0,False
20266,60.47,1,60.47,3.0,254,254,1,0.0,False
20267,49.97,1,49.97,3.0,147,147,2,0.0,False
20269,4.99,1,4.99,1.0,63,63,1,0.0,False
20271,119.98,1,119.98,2.0,166,166,1,0.0,False
20272,94.48,1,94.48,2.0,97,97,1,0.0,False
20278,69.99,1,69.99,1.0,302,302,1,0.0,False
20282,37.27,1,37.27,3.0,178,178,1,0.0,False
20283,5314.25,2,2657.125,1.5,133,785,2,0.9934158159665052,True
20285,69.99,1,69.99,1.0,17,17,1,0.0,False
20286,78.98,1,78.98,2.0,250,250,1,0.0,False
20289,69.99,1,69.99,1.0,130,130,1,0.0,False
20290,123.98,1,123.98,2.0,265,265,1,0.0,False
20294,119.98,1,119.98,2.0,108,108,1,0.0,False
20296,1145.48,1,1145.48,2.0,214,214,2,0.9781838181373748,False
20300,71.97,1,71.97,2.0,96,96,2,0.0,False
20301,69.99,1,69.99,1.0,221,221,1,0.0,False
20302,2451.3,1,2451.3,2.0,281,281,2,0.9967568229102926,False
20304,1170.48,1,1170.48,2.0,194,194,2,0.9572910259039027,False
20307,119.98,1,119.98,2.0,204,204,1,0.0,False
20310,1149.47,1,1149.47,3.0,194,194,2,0.9747883807319895,False
20313,94.48,1,94.48,2.0,28,28,1,0.0,False
20314,67.93,1,67.93,3.0,38,38,1,0.0,False
20315,132.97,1,132.97,3.0,198,198,1,0.0,False
20316,39.98,1,39.98,2.0,307,307,1,0.0,False
20320,1155.48,1,1155.48,2.0,206,206,2,0.9697182123446533,False
20322,69.99,1,69.99,1.0,5,5,1,0.0,False
20324,2543.44,1,2543.44,4.0,276,276,3,0.9606477841034191,False
20328,119.98,1,119.98,2.0,134,134,1,0.0,False
20332,78.98,1,78.98,2.0,110,110,1,0.0,False
20334,69.99,1,69.99,1.0,320,320,1,0.0,False
20335,69.99,1,69.99,1.0,98,98,1,0.0,False
20336,69.99,1,69.99,1.0,15,15,1,0.0,False
20339,2528.33,1,2528.33,3.0,278,278,3,0.9663888811982615,False
20340,2443.35,1,2443.35,1.0,274,274,1,1.0,False
20341,56.97,1,56.97,2.0,155,155,1,0.0,False
20342,78.98,1,78.98,2.0,84,84,1,0.0,False
20345,2520.83,1,2520.83,4.0,262,262,3,0.9692640915888816,False
20347,2443.35,1,2443.35,1.0,254,254,1,1.0,False
20349,69.99,1,69.99,1.0,179,179,1,0.0,False
20350,3226.8996,2,1613.4498,1.5,52,672,2,0.9891567745088816,True
20351,119.98,1,119.98,2.0,101,101,1,0.0,False
20354,32.22,1,32.22,3.0,217,217,1,0.0,False
20355,78.98,1,78.98,2.0,89,89,1,0.0,False
20356,78.98,1,78.98,2.0,15,15,1,0.0,False
20360,78.98,1,78.98,2.0,130,130,1,0.0,False
20363,144.47,1,144.47,3.0,49,49,1,0.0,False
20371,1174.48,1,1174.48,2.0,198,198,2,0.9540307199782031,False
20372,1184.46,1,1184.46,4.0,201,201,3,0.9459922665180758,False
20374,1120.49,1,1120.49,1.0,213,213,1,1.0,False
20379,123.98,1,123.98,2.0,147,147,1,0.0,False
20384,128.97,1,128.97,3.0,219,219,1,0.0,False
20389,22.93,1,22.93,3.0,56,56,1,0.0,False
20390,14.98,1,14.98,2.0,127,127,1,0.0,False
20391,23.97,1,23.97,3.0,325,325,2,0.0,False
20392,133.47,1,133.47,4.0,63,63,2,0.0,False
20395,1179.97,1,1179.97,3.0,169,169,3,0.9495919387781045,False
20398,68.97,1,68.97,3.0,204,204,2,0.0,False
20399,1184.46,1,1184.46,4.0,162,162,2,0.9459922665180758,False
20400,1120.49,1,1120.49,1.0,177,177,1,1.0,False
20402,4.99,1,4.99,1.0,197,197,1,0.0,False
20405,2563.35,1,2563.35,2.0,226,226,2,0.9531862601673591,False
20406,59.98,1,59.98,2.0,113,113,1,0.0,False
20410,49.97,1,49.97,3.0,264,264,1,0.0,False
20414,78.48,1,78.48,3.0,80,80,2,0.0,False
20415,13.98,1,13.98,2.0,139,139,2,0.0,False
20416,4118.26,2,2059.13,1.0,306,790,1,1.0,True
20417,67.97,1,67.97,3.0,257,257,2,0.0,False
20418,4207.24,2,2103.62,2.0,308,769,3,0.9788507430049155,True
20419,4.99,1,4.99,1.0,267,267,1,0.0,False
20420,4132.24,2,2066.12,2.0,301,791,2,0.9966168470369583,True
20421,118.97,1,118.97,3.0,235,235,2,0.0,False
20422,1134.47,1,1134.47,3.0,175,175,2,0.987677065061218,False
20423,4177.74,2,2088.87,2.0,284,776,3,0.9857626372153366,True
20426,4139.75,2,2069.875,1.5,296,790,2,0.994808865269642,True
20429,5377.75,2,2688.875,2.0,124,779,3,0.9816856492027335,True
20431,14.98,1,14.98,2.0,95,95,1,0.0,False
20432,14.98,1,14.98,2.0,53,53,1,0.0,False
20433,74.46,1,74.46,4.0,22,22,2,0.0,False
20434,1170.48,1,1170.48,2.0,177,177,2,0.9572910259039027,False
20437,1155.48,1,1155.48,2.0,171,171,2,0.9697182123446533,False
20438,69.97,1,69.97,3.0,263,263,1,0.0,False
20440,9.99,1,9.99,1.0,218,218,1,0.0,False
20442,2482.23,1,2482.23,4.0,229,229,2,0.9843366650149262,False
20443,39.47,1,39.47,3.0,87,87,2,0.0,False
20444,6085.59,2,3042.795,2.5,160,764,3,0.9894882829766712,True
20447,6035.6,2,3017.8,2.0,157,792,2,0.9976837431241302,True
20450,6021.62,2,3010.81,1.0,173,771,1,1.0,True
20451,6054.219999999999,2,3027.1099999999997,1.5,167,774,2,0.9946153261691844,True
20453,21.49,1,21.49,1.0,332,332,1,0.0,False
20454,23.78,1,23.78,2.0,183,183,1,0.0,False
20457,73.96,1,73.96,4.0,216,216,2,0.0,False
20460,21.49,1,21.49,1.0,323,323,1,0.0,False
20461,2492.32,1,2492.32,4.0,212,212,2,0.9803516402388139,False
20465,2514.93,1,2514.93,4.0,208,208,2,0.9715379752120339,False
20467,17.27,1,17.27,3.0,70,70,1,0.0,False
20468,3169.5882,2,1584.7941,1.0,42,617,1,1.0,True
20469,49.97,1,49.97,3.0,13,13,1,0.0,False
20471,73.97,1,73.97,3.0,28,28,2,0.0,False
20474,49.97,1,49.97,3.0,154,154,1,0.0,False
20477,68.97,1,68.97,3.0,176,176,2,0.0,False
20480,1155.48,1,1155.48,2.0,166,166,2,0.9697182123446533,False
20481,1170.48,1,1170.48,2.0,156,156,2,0.9572910259039027,False
20482,2443.35,1,2443.35,1.0,188,188,1,1.0,False
20484,1151.76,1,1151.76,4.0,162,162,2,0.9728502465791484,False
20486,49.97,1,49.97,3.0,100,100,1,0.0,False
20487,9.99,1,9.99,1.0,243,243,1,0.0,False
20492,71.97,1,71.97,2.0,333,333,2,0.0,False
20493,23.97,1,23.97,3.0,46,46,2,0.0,False
20495,2482.23,1,2482.23,4.0,195,195,2,0.9843366650149262,False
20500,68.49,1,68.49,2.0,251,251,2,0.0,False
20502,64.98,1,64.98,2.0,254,254,1,0.0,False
20503,14.98,1,14.98,2.0,257,257,1,0.0,False
20504,119.96,1,119.96,4.0,116,116,2,0.0,False
20506,68.97,1,68.97,3.0,302,302,2,0.0,False
20513,74.46,1,74.46,4.0,276,276,2,0.0,False
20522,44.98,1,44.98,2.0,136,136,1,0.0,False
20524,68.97,1,68.97,3.0,216,216,2,0.0,False
20525,1155.48,1,1155.48,2.0,173,173,2,0.9697182123446533,False
20528,64.47,1,64.47,3.0,299,299,2,0.0,False
20531,64.97,1,64.97,3.0,37,37,2,0.0,False
20534,23.97,1,23.97,3.0,103,103,2,0.0,False
20538,68.97,1,68.97,3.0,80,80,2,0.0,False
20540,9.99,1,9.99,1.0,23,23,1,0.0,False
20541,1174.48,1,1174.48,2.0,176,176,2,0.9540307199782031,False
20544,2457.33,1,2457.33,3.0,177,177,2,0.9943108984141326,False
20546,3246.5482,2,1623.2741,3.0,46,607,3,0.9762948229137645,True
20547,56.97,1,56.97,2.0,117,117,1,0.0,False
20548,3131.95,2,1565.975,2.5,39,636,3,0.9827679241367201,True
20549,3105.2700000000004,2,1552.6350000000002,1.5,62,612,2,0.9992625439977845,True
20553,2354.98,1,2354.98,2.0,36,36,2,0.9851421243492514,False
20558,3019.0881999999997,2,1509.5440999999998,1.0,18,907,1,1.0,True
20559,74.98,1,74.98,2.0,290,290,2,0.0,False
20560,3161.9399999999996,2,1580.9699999999998,3.0,54,627,3,0.9813532198586946,True
20561,3139.0881999999997,2,1569.5440999999998,1.5,11,879,2,0.9617723388594178,True
20562,2994.0881999999997,2,1497.0440999999998,1.0,8,869,1,1.0,True
20563,34.98,1,34.98,2.0,200,200,1,0.0,False
20565,64.97,1,64.97,3.0,174,174,1,0.0,False
20568,28.98,1,28.98,2.0,216,216,1,0.0,False
20571,24.99,1,24.99,1.0,85,85,1,0.0,False
20572,78.96,1,78.96,4.0,133,133,2,0.0,False
20573,2414.99,1,2414.99,2.0,41,41,2,0.9503103532519803,False
20574,38.98,1,38.98,2.0,245,245,2,0.0,False
20578,31.27,1,31.27,3.0,10,10,1,0.0,False
20580,36.93,1,36.93,3.0,292,292,1,0.0,False
20582,142.45,1,142.45,5.0,156,156,2,0.0,False
20583,69.97,1,69.97,3.0,205,205,1,0.0,False
20584,3140.2700000000004,2,1570.1350000000002,2.0,35,625,2,0.9881252249010436,True
20586,24.99,1,24.99,1.0,215,215,1,0.0,False
20589,2344.96,1,2344.96,4.0,50,50,2,0.9786904680676859,False
20590,3127.25,2,1563.625,2.0,45,609,2,0.9922391877847949,True
20591,69.97,1,69.97,3.0,307,307,1,0.0,False
20592,3113.2200000000003,2,1556.6100000000001,2.0,15,706,2,0.9967108010355838,True
20593,31.27,1,31.27,3.0,124,124,1,0.0,False
20595,69.97,1,69.97,3.0,173,173,1,0.0,False
20599,32.27,1,32.27,3.0,139,139,1,0.0,False
20604,93.49,1,93.49,2.0,121,121,2,0.0,False
20610,6021.62,2,3010.81,1.0,160,781,1,1.0,True
20611,6021.62,2,3010.81,1.0,155,793,1,1.0,True
20612,6060.5,2,3030.25,2.5,177,771,2,0.9935846877320353,True
20613,6056.610000000001,2,3028.3050000000003,1.5,168,776,2,0.9942228408301014,True
20616,6093.2,2,3046.6,2.5,180,761,2,0.9882524781723889,True
20617,6058.21,2,3029.105,2.0,134,741,2,0.9939602621896566,True
20619,74.98,1,74.98,3.0,55,55,1,0.0,False
20620,6044.59,2,3022.295,2.5,128,742,3,0.9961999076860466,True
20623,6093.2,2,3046.6,2.5,128,749,2,0.9882524781723889,True
20625,6029.57,2,3014.785,1.5,144,739,2,0.9986814980172716,True
20627,6044.59,2,3022.295,2.5,129,746,3,0.9961999076860466,True
20629,6060.5,2,3030.25,2.5,152,757,2,0.9935846877320353,True
20630,74.98,1,74.98,3.0,59,59,1,0.0,False
20631,71.96,1,71.96,4.0,184,184,1,0.0,False
20632,21.98,1,21.98,1.0,96,96,1,0.0,False
20635,49.97,1,49.97,3.0,168,168,1,0.0,False
20637,9.99,1,9.99,1.0,232,232,1,0.0,False
20638,2478.24,1,2478.24,3.0,140,140,2,0.9859214603912454,False
20642,2452.34,1,2452.34,2.0,75,75,2,0.9963341135405369,False
20643,14.98,1,14.98,2.0,124,124,1,0.0,False
20644,2457.33,1,2457.33,3.0,62,62,2,0.9943108984141326,False
20645,1143.46,1,1143.46,4.0,143,143,3,0.9799118465009707,False
20646,1197.97,1,1197.97,4.0,128,128,3,0.9353239229696904,False
20647,1155.48,1,1155.48,2.0,139,139,2,0.9697182123446533,False
20654,1170.48,1,1170.48,2.0,136,136,2,0.9572910259039027,False
20656,3245.8996,2,1622.9498,1.5,46,569,2,0.9833667067213047,True
20659,2466.32,1,2466.32,4.0,5,5,3,0.9906865289175779,False
20661,1174.48,1,1174.48,2.0,138,138,2,0.9540307199782031,False
20662,1750.98,1,1750.98,2.0,367,367,2,0.9714502735610915,True
20663,1750.98,1,1750.98,2.0,311,311,2,0.9714502735610915,False
20664,1764.96,1,1764.96,4.0,287,287,2,0.9637555525337684,False
20666,1714.97,1,1714.97,3.0,305,305,2,0.9918482539053162,False
20667,1775.97,1,1775.97,3.0,263,263,3,0.9577808183696797,False
20669,3169.5882,2,1584.7941,1.0,26,572,1,1.0,True
20672,1750.98,1,1750.98,2.0,238,238,2,0.9714502735610915,False
20674,1143.46,1,1143.46,4.0,150,150,3,0.9799118465009707,False
20675,1155.48,1,1155.48,2.0,150,150,2,0.9697182123446533,False
20677,1184.46,1,1184.46,4.0,146,146,2,0.9459922665180758,False
20678,1155.48,1,1155.48,2.0,139,139,2,0.9697182123446533,False
20679,64.47,1,64.47,3.0,280,280,2,0.0,False
20680,3219.5782,2,1609.7891,1.5,4,557,2,0.9844731213548409,True
20681,9.99,1,9.99,1.0,332,332,1,0.0,False
20682,1735.98,1,1735.98,2.0,172,172,2,0.9798442378368414,False
20683,1735.98,1,1735.98,2.0,182,182,2,0.9798442378368414,False
20684,1729.97,1,1729.97,3.0,158,158,2,0.9832482644207703,False
20686,1151.76,1,1151.76,4.0,148,148,2,0.9728502465791484,False
20687,9.99,1,9.99,1.0,66,66,1,0.0,False
20692,49.97,1,49.97,3.0,87,87,1,0.0,False
20693,1155.48,1,1155.48,2.0,125,125,2,0.9697182123446533,False
20694,146.97,1,146.97,3.0,304,304,1,0.0,False
20695,14.98,1,14.98,2.0,5,5,1,0.0,False
20696,73.96,1,73.96,4.0,329,329,2,0.0,False
20697,77.92,1,77.92,4.0,19,19,1,0.0,False
20699,1209.47,1,1209.47,3.0,148,148,3,0.9264305852976924,False
20700,1243.44,1,1243.44,6.0,148,148,3,0.9011210834459242,False
20701,1155.48,1,1155.48,2.0,125,125,2,0.9697182123446533,False
20703,1735.98,1,1735.98,2.0,144,144,2,0.9798442378368414,False
20704,77.96,1,77.96,4.0,90,90,2,0.0,False
20705,69.47,1,69.47,3.0,273,273,2,0.0,False
20707,1750.98,1,1750.98,2.0,133,133,2,0.9714502735610915,False
20708,4406.399600000001,2,2203.1998000000003,2.0,23,518,2,0.9909245634463112,True
20709,1729.97,1,1729.97,3.0,147,147,2,0.9832482644207703,False
20710,3240.3199999999997,2,1620.1599999999999,2.0,248,703,2,0.9956856112976498,True
20712,3261.33,2,1630.665,1.5,204,682,2,0.9892712482330829,True
20713,3421.9300000000003,2,1710.9650000000001,2.5,34,681,2,0.9428421972395695,True
20720,1938.47,2,969.235,1.5,220,600,2,0.981949681965674,True
20721,24.99,1,24.99,1.0,143,143,1,0.0,False
20723,143.96,1,143.96,4.0,163,163,2,0.0,False
20729,77.96,1,77.96,4.0,193,193,2,0.0,False
20730,68.97,1,68.97,3.0,210,210,1,0.0,False
20731,42.97,1,42.97,3.0,275,275,1,0.0,False
20733,23.97,1,23.97,3.0,219,219,2,0.0,False
20734,7.28,1,7.28,2.0,216,216,1,0.0,False
20735,1120.49,1,1120.49,1.0,137,137,1,1.0,False
20736,3194.5782,2,1597.2891,1.5,9,539,2,0.9921773710219397,True
20738,23.97,1,23.97,3.0,94,94,2,0.0,False
20739,78.98,1,78.98,2.0,295,295,1,0.0,False
20741,119.98,1,119.98,2.0,250,250,1,0.0,False
20742,128.97,1,128.97,3.0,86,86,1,0.0,False
20743,78.98,1,78.98,2.0,61,61,1,0.0,False
20746,119.94999999999999,2,59.974999999999994,2.5,174,277,2,0.0,False
20750,1184.46,1,1184.46,4.0,129,129,2,0.9459922665180758,False
20752,69.99,1,69.99,1.0,80,80,1,0.0,False
20753,539.99,1,539.99,1.0,9,9,1,1.0,False
20754,78.98,1,78.98,2.0,122,122,1,0.0,False
20756,34.56,2,17.28,2.0,37,118,1,0.0,False
20758,128.97,1,128.97,3.0,255,255,1,0.0,False
20760,7.28,1,7.28,2.0,56,56,1,0.0,False
20761,22.93,1,22.93,3.0,227,227,1,0.0,False
20764,56.76,2,28.38,2.0,151,227,2,0.0,False
20765,1179.97,1,1179.97,3.0,140,140,3,0.9495919387781045,False
20766,14.98,1,14.98,2.0,276,276,1,0.0,False
20767,1120.49,1,1120.49,1.0,96,96,1,1.0,False
20768,1170.48,1,1170.48,2.0,102,102,2,0.9572910259039027,False
20774,22.93,1,22.93,3.0,86,86,1,0.0,False
20776,22.93,1,22.93,3.0,226,226,1,0.0,False
20779,14.98,1,14.98,2.0,317,317,1,0.0,False
20780,9.99,1,9.99,1.0,164,164,1,0.0,False
20781,15.23,1,15.23,3.0,102,102,1,0.0,False
20783,39.98,1,39.98,2.0,37,37,1,0.0,False
20792,39.98,1,39.98,2.0,92,92,1,0.0,False
20793,1205.47,1,1205.47,3.0,128,128,3,0.9295046745252888,False
20794,53.98,1,53.98,2.0,59,59,2,0.0,False
20795,3.99,1,3.99,1.0,174,174,1,0.0,False
20796,88.97,1,88.97,3.0,199,199,2,0.0,False
20797,14.23,1,14.23,3.0,204,204,1,0.0,False
20800,63.97,1,63.97,3.0,46,46,1,0.0,False
20801,74.98,1,74.98,2.0,193,193,2,0.0,False
20802,6.28,1,6.28,2.0,203,203,1,0.0,False
20803,38.98,1,38.98,2.0,108,108,1,0.0,False
20805,29.99,1,29.99,1.0,101,101,1,0.0,False
20808,1938.47,2,969.235,1.5,187,571,2,0.981949681965674,True
20809,32.28,1,32.28,2.0,125,125,1,0.0,False
20812,4127.25,2,2063.625,1.5,305,753,2,0.9978217941728754,True
20815,4118.26,2,2059.13,1.0,299,742,1,1.0,True
20816,4228.72,2,2114.36,3.0,289,743,3,0.9738786204809022,True
20818,4230.73,2,2115.365,3.0,290,734,3,0.9734159353114004,True
20819,4181.76,2,2090.88,1.5,292,759,2,0.9848150061218243,True
20820,4143.74,2,2071.87,2.0,292,761,2,0.9938509655528581,True
20821,4118.26,2,2059.13,1.0,276,752,1,1.0,True
20823,4216.75,2,2108.375,2.0,273,733,3,0.9766431493448746,True
20825,3226.34,2,1613.17,1.0,173,641,1,1.0,True
20826,1173.96,1,1173.96,4.0,152,152,3,0.9544533033493475,False
20829,1962.46,2,981.23,2.0,201,556,2,0.9699458842473222,True
20830,1966.46,2,983.23,2.0,188,579,2,0.967972905627371,True
20831,2012.95,2,1006.475,2.5,195,565,3,0.9456171290891477,True
20832,2533.9700000000003,2,1266.9850000000001,1.5,340,667,2,0.9802720632051682,True
20834,2566.95,2,1283.475,2.5,351,657,3,0.9676775940318278,True
20835,2002.44,2,1001.22,3.0,134,531,3,0.9505802920437066,True
20836,1938.47,2,969.235,1.5,133,528,2,0.981949681965674,True
20839,2511.26,2,1255.63,2.0,325,639,2,0.9891369272795331,True
20840,3.99,1,3.99,1.0,128,128,1,0.0,False
20841,1938.47,2,969.235,1.5,144,534,2,0.981949681965674,True
20843,1903.48,2,951.74,1.0,110,509,1,1.0,True
20845,1957.47,2,978.735,1.5,112,515,2,0.9724184789549776,True
20846,1174.48,1,1174.48,2.0,125,125,2,0.9540307199782031,False
20847,1947.46,2,973.73,2.0,105,490,3,0.9774167376993622,True
20848,2558.46,2,1279.23,2.0,308,621,2,0.9708887377563067,True
20851,2518.9700000000003,2,1259.4850000000001,1.5,257,621,2,0.9861094018586963,True
20852,2546.96,2,1273.48,2.0,258,584,2,0.9752724817036783,True
20856,2483.98,2,1241.99,1.0,257,585,1,1.0,True
20857,1120.49,1,1120.49,1.0,110,110,1,1.0,False
20859,2508.9700000000003,2,1254.4850000000001,1.5,227,607,2,0.9900397374221295,True
20860,2379.8100000000004,3,793.2700000000001,1.6666666666666667,201,480,3,0.9642912669498825,True
20861,2368.0600000000004,3,789.3533333333335,3.0,198,462,2,0.9690759524674207,True
20864,3234.29,2,1617.145,1.5,107,583,2,0.9975419643878565,True
20866,3157.9700000000003,2,1578.9850000000001,1.5,15,571,2,0.9825869150118589,True
20869,2542.96,2,1271.48,2.0,221,557,2,0.9768065561393025,True
20871,78.96,1,78.96,4.0,274,274,2,0.0,False
20872,2518.9700000000003,2,1259.4850000000001,1.5,222,556,2,0.9861094018586963,True
20877,1120.49,1,1120.49,1.0,103,103,1,1.0,False
20878,1155.48,1,1155.48,2.0,72,72,2,0.9697182123446533,False
20879,3284.3,2,1642.15,3.0,99,569,3,0.9823524038607925,True
20884,1229.96,1,1229.96,4.0,52,52,3,0.9109971055969299,False
20887,1164.47,1,1164.47,3.0,50,50,3,0.9622317449139952,False
20891,589.98,1,589.98,2.0,211,211,2,0.9576426319536255,False
20893,34.98,1,34.98,2.0,18,18,1,0.0,False
20894,1155.48,1,1155.48,2.0,36,36,2,0.9697182123446533,False
20896,1957.47,2,978.735,1.5,80,447,2,0.9724184789549776,True
20898,51.97,1,51.97,2.0,71,71,1,0.0,False
20900,78.96,1,78.96,4.0,95,95,2,0.0,False
20905,1155.48,1,1155.48,2.0,11,11,2,0.9697182123446533,False
20910,613.95,1,613.95,5.0,96,96,3,0.8795341640198713,False
20911,611.96,1,611.96,3.0,48,48,3,0.8823942741355644,False
20912,2373.79,3,791.2633333333333,2.3333333333333335,83,429,3,0.9667367374536079,True
20918,67.49,1,67.49,2.0,98,98,2,0.0,False
20923,2374.8,3,791.6,2.0,86,402,2,0.9663255853124475,True
20925,67.49,1,67.49,2.0,115,115,2,0.0,False
20926,1120.49,1,1120.49,1.0,13,13,1,1.0,False
20927,101.94,1,101.94,5.0,50,50,1,0.0,False
20928,40.23,1,40.23,3.0,63,63,1,0.0,False
20931,3273.17,2,1636.585,3.0,22,499,2,0.9856927687837785,True
20933,2518.9700000000003,2,1259.4850000000001,1.5,202,497,2,0.9861094018586963,True
20935,162.99,1,162.99,2.0,49,49,1,0.0,False
20937,119.96,1,119.96,4.0,117,117,2,0.0,False
20939,13.98,1,13.98,2.0,43,43,2,0.0,False
20942,3.99,1,3.99,1.0,280,280,1,0.0,False
20946,58.98,1,58.98,2.0,107,107,2,0.0,False
20948,3.99,1,3.99,1.0,281,281,1,0.0,False
20950,32.28,1,32.28,2.0,238,238,1,0.0,False
20955,1164.47,1,1164.47,3.0,27,27,3,0.9622317449139952,False
20956,3.99,1,3.99,1.0,54,54,1,0.0,False
20957,38.98,1,38.98,2.0,192,192,1,0.0,False
20958,68.49,1,68.49,2.0,335,335,2,0.0,False
20959,38.98,1,38.98,2.0,58,58,1,0.0,False
20960,6.28,1,6.28,2.0,226,226,1,0.0,False
20961,3.99,1,3.99,1.0,7,7,1,0.0,False
20962,6.28,1,6.28,2.0,262,262,1,0.0,False
20963,42.93,1,42.93,3.0,299,299,1,0.0,False
20968,34.98,1,34.98,2.0,172,172,1,0.0,False
20973,193.98,1,193.98,3.0,115,115,1,0.0,False
20975,2515.25,2,1257.625,2.5,188,496,2,0.9875678361991852,True
20976,60.47,1,60.47,3.0,151,151,1,0.0,False
20980,1981.96,2,990.98,2.0,47,415,2,0.9604028335586995,True
20981,68.49,1,68.49,2.0,327,327,2,0.0,False
20985,4118.26,2,2059.13,1.0,269,740,1,1.0,True
20986,7.28,1,7.28,2.0,86,86,1,0.0,False
20987,4132.24,2,2066.12,2.0,259,761,2,0.9966168470369583,True
20988,4118.26,2,2059.13,1.0,273,758,1,1.0,True
20989,4148.74,2,2074.37,2.0,247,746,3,0.9926531910893429,True
20991,4118.26,2,2059.13,1.0,247,756,1,1.0,True
20992,4139.75,2,2069.875,1.5,269,761,2,0.994808865269642,True
20995,4127.25,2,2063.625,1.5,251,762,2,0.9978217941728754,True
20996,4149.99,2,2074.995,2.5,262,756,2,0.9923541984438518,True
20997,2744.5225,2,1372.26125,2.5,268,712,3,0.9916306024089803,True
20999,2735.5325000000003,2,1367.7662500000001,2.0,259,727,2,0.9948894776428356,True
21000,2721.5525,2,1360.77625,1.0,217,705,1,1.0,True
21001,3018.33,2,1509.165,1.5,244,716,2,0.988407496860847,True
21004,561.48,1,561.48,2.0,358,358,2,0.9617261523117475,False
21006,1938.47,2,969.235,1.5,41,406,2,0.981949681965674,True
21007,58.98,1,58.98,2.0,88,88,2,0.0,False
21009,39.98,1,39.98,2.0,25,25,1,0.0,False
21010,4.99,1,4.99,1.0,196,196,1,0.0,False
21012,2497.96,2,1248.98,2.0,198,461,2,0.9944034332014926,True
21014,607.96,1,607.96,4.0,348,348,3,0.8881998815711559,False
21015,1957.47,2,978.735,1.5,49,406,2,0.9724184789549776,True
21016,1938.47,2,969.235,1.5,62,394,2,0.981949681965674,True
21017,578.46,1,578.46,4.0,352,352,3,0.9334958337655153,False
21018,2515.25,2,1257.625,2.5,214,462,2,0.9875678361991852,True
21019,629.96,1,629.96,4.0,60,60,2,0.8968664677122357,False
21022,539.99,1,539.99,1.0,314,314,1,1.0,False
21026,38.98,1,38.98,2.0,240,240,2,0.0,False
21027,2537.9700000000003,2,1268.9850000000001,1.5,208,478,2,0.9787270929128399,True
21028,37.27,1,37.27,3.0,103,103,1,0.0,False
21031,597.95,1,597.95,5.0,319,319,3,0.9030688184630822,False
21033,553.97,1,553.97,3.0,322,322,2,0.9747639763886131,False
21035,1957.47,2,978.735,1.5,56,384,2,0.9724184789549776,True
21037,2438.2799999999997,3,812.7599999999999,2.6666666666666665,26,383,3,0.9411675443345311,True
21039,2483.98,2,1241.99,1.0,341,483,1,1.0,True
21041,589.96,1,589.96,4.0,329,329,3,0.9152993423282934,False
21042,1155.48,1,1155.48,2.0,62,62,2,0.9697182123446533,False
21043,39.98,1,39.98,2.0,122,122,1,0.0,False
21045,23.78,1,23.78,2.0,27,27,1,0.0,False
21046,34.98,1,34.98,2.0,136,136,1,0.0,False
21047,1155.48,1,1155.48,2.0,57,57,2,0.9697182123446533,False
21050,583.97,1,583.97,3.0,319,319,3,0.9246879120502766,False
21051,1120.49,1,1120.49,1.0,47,47,1,1.0,False
21054,625.47,1,625.47,3.0,17,17,3,0.863334772251267,False
21056,2547.95,2,1273.975,2.5,341,446,2,0.9748935418669914,True
21057,2394.97,1,2394.97,4.0,56,56,2,0.968692718489167,False
21058,69.46,1,69.46,4.0,190,190,2,0.0,False
21059,616.95,1,616.95,5.0,329,329,3,0.8752573142069859,False
21061,607.96,1,607.96,4.0,323,323,3,0.8881998815711559,False
21069,69.97,1,69.97,3.0,45,45,1,0.0,False
21071,2533.9700000000003,2,1266.9850000000001,1.5,180,451,2,0.9802720632051682,True
21072,539.99,1,539.99,1.0,291,291,1,1.0,False
21073,29.48,1,29.48,2.0,151,151,2,0.0,False
21075,59.98,1,59.98,2.0,258,258,1,0.0,False
21076,4.99,1,4.99,1.0,37,37,1,0.0,False
21077,23.78,1,23.78,2.0,179,179,1,0.0,False
21081,21.49,1,21.49,1.0,30,30,1,0.0,False
21086,48.97,1,48.97,3.0,138,138,2,0.0,False
21087,819.48,1,819.48,2.0,115,115,2,0.9389979011080197,False
21088,30.48,1,30.48,2.0,269,269,2,0.0,False
21090,548.98,1,548.98,2.0,275,275,2,0.9836241757441072,False
21091,13.98,1,13.98,2.0,163,163,2,0.0,False
21092,2511.26,2,1255.63,2.0,320,432,2,0.9891369272795331,True
21094,60.47,1,60.47,3.0,55,55,1,0.0,False
21095,31.73,1,31.73,3.0,248,248,1,0.0,False
21100,1178.45,1,1178.45,5.0,19,19,3,0.9508167508167508,False
21102,793.46,1,793.46,4.0,118,118,3,0.9697905376452499,False
21103,2506.95,2,1253.475,2.5,287,426,3,0.9908374718283175,True
21104,2566.95,2,1283.475,2.5,227,418,3,0.9676775940318278,True
21105,2533.9700000000003,2,1266.9850000000001,1.5,234,416,2,0.9802720632051682,True
21110,34.98,1,34.98,2.0,319,319,1,0.0,False
21112,25.48,1,25.48,2.0,213,213,1,0.0,False
21116,78.96,1,78.96,4.0,63,63,2,0.0,False
21118,34.98,1,34.98,2.0,167,167,1,0.0,False
21119,25.48,1,25.48,2.0,94,94,1,0.0,False
21120,48.97,1,48.97,3.0,331,331,2,0.0,False
21121,21.49,1,21.49,1.0,258,258,1,0.0,False
21122,143.78,1,143.78,3.0,263,263,1,0.0,False
21123,30.48,1,30.48,2.0,78,78,2,0.0,False
21126,565.47,1,565.47,3.0,252,252,2,0.9549401382920403,False
21127,60.47,1,60.47,3.0,138,138,1,0.0,False
21128,4.99,1,4.99,1.0,185,185,1,0.0,False
21130,2483.98,2,1241.99,1.0,200,428,1,1.0,True
21131,39.98,1,39.98,2.0,187,187,1,0.0,False
21132,21.49,1,21.49,1.0,208,208,1,0.0,False
21133,21.49,1,21.49,1.0,68,68,1,0.0,False
21136,106.93,1,106.93,6.0,204,204,1,0.0,False
21137,37.27,1,37.27,3.0,73,73,1,0.0,False
21139,1735.98,1,1735.98,2.0,127,127,2,0.9798442378368414,False
21140,14.98,1,14.98,2.0,222,222,1,0.0,False
21142,77.92,1,77.92,4.0,8,8,1,0.0,False
21143,1155.48,1,1155.48,2.0,93,93,2,0.9697182123446533,False
21145,69.97,1,69.97,3.0,60,60,1,0.0,False
21146,1155.48,1,1155.48,2.0,116,116,2,0.9697182123446533,False
21147,1179.97,1,1179.97,3.0,97,97,3,0.9495919387781045,False
21148,3223.5782,2,1611.7891,1.5,23,544,2,0.9832515308609545,True
21152,1134.47,1,1134.47,3.0,120,120,2,0.987677065061218,False
21155,1155.48,1,1155.48,2.0,112,112,2,0.9697182123446533,False
21156,1149.47,1,1149.47,3.0,104,104,2,0.9747883807319895,False
21157,49.97,1,49.97,3.0,204,204,1,0.0,False
21160,1775.47,1,1775.47,3.0,95,95,2,0.958050544362901,False
21161,1174.48,1,1174.48,2.0,99,99,2,0.9540307199782031,False
21166,4909.67,2,2454.835,2.5,143,730,3,0.9953214778182649,True
21167,4657.5125,2,2328.75625,1.5,124,709,2,0.9930005555540644,True
21169,4647.8825,2,2323.94125,2.5,151,702,3,0.9950579645677361,True
21172,42.28,1,42.28,3.0,293,293,1,0.0,False
21173,4659.9025,2,2329.95125,1.5,145,730,2,0.9924912592055306,True
21176,35.0,1,35.0,1.0,334,334,1,0.0,False
21177,39.99,1,39.99,2.0,146,146,1,0.0,False
21179,4935.67,2,2467.835,2.5,142,706,2,0.9900783480256987,True
21180,3882.5525,2,1941.27625,1.0,147,711,1,1.0,True
21183,4657.5125,2,2328.75625,1.5,138,725,2,0.9930005555540644,True
21186,35.0,1,35.0,1.0,248,248,1,0.0,False
21188,123.96,1,123.96,4.0,214,214,2,0.0,False
21190,42.28,1,42.28,3.0,325,325,1,0.0,False
21192,4229.32,2,2114.66,2.0,132,712,3,0.9799069353938695,True
21193,3905.5225,2,1952.76125,2.5,120,732,3,0.9941185846452045,True
21195,4144.34,2,2072.17,1.0,123,717,1,1.0,True
21196,34.98,1,34.98,2.0,126,126,1,0.0,False
21199,4144.34,2,2072.17,1.0,105,725,1,1.0,True
21203,4633.9025,2,2316.95125,1.5,125,705,2,0.9980599505492401,True
21204,74.98,1,74.98,3.0,99,99,1,0.0,False
21205,4886.7,2,2443.35,1.0,148,706,1,1.0,True
21206,3882.5525,2,1941.27625,1.0,121,730,1,1.0,True
21207,123.96,1,123.96,4.0,219,219,2,0.0,False
21208,39.98,1,39.98,2.0,246,246,1,0.0,False
21209,39.99,1,39.99,2.0,114,114,1,0.0,False
21212,74.98,1,74.98,3.0,312,312,1,0.0,False
21214,4659.9025,2,2329.95125,1.5,117,711,2,0.9924912592055306,True
21215,4624.9125,2,2312.45625,1.0,106,723,1,1.0,True
21216,4935.67,2,2467.835,2.5,118,722,2,0.9900783480256987,True
21224,42.28,1,42.28,3.0,83,83,1,0.0,False
21225,4732.8625,2,2366.43125,3.5,103,693,3,0.9771913931579463,True
21227,26.97,1,26.97,2.0,97,97,1,0.0,False
21228,3936.5425,2,1968.27125,1.5,123,689,2,0.9862849188088278,True
21229,4198.33,2,2099.165,1.5,101,672,2,0.9871401247638942,True
21234,119.98,1,119.98,2.0,315,315,1,0.0,False
21236,77.92,1,77.92,4.0,127,127,1,0.0,False
21240,119.98,1,119.98,2.0,285,285,1,0.0,False
21241,78.98,1,78.98,2.0,234,234,1,0.0,False
21242,78.98,1,78.98,2.0,293,293,1,0.0,False
21245,22.93,1,22.93,3.0,191,191,1,0.0,False
21246,1194.97,1,1194.97,3.0,104,104,2,0.9376720754495929,False
21247,14.98,1,14.98,2.0,87,87,1,0.0,False
21248,34.98,1,34.98,2.0,142,142,1,0.0,False
21249,69.97,1,69.97,3.0,34,34,1,0.0,False
21253,1155.48,1,1155.48,2.0,97,97,2,0.9697182123446533,False
21256,3917.5425,2,1958.77125,1.5,70,683,2,0.9910683802409291,True
21257,4144.34,2,2072.17,1.0,78,698,1,1.0,True
21258,3936.5425,2,1968.27125,1.5,77,695,2,0.9862849188088278,True
21260,14.98,1,14.98,2.0,94,94,1,0.0,False
21261,69.97,1,69.97,3.0,255,255,1,0.0,False
21262,68.97,1,68.97,3.0,24,24,2,0.0,False
21265,1729.97,1,1729.97,3.0,117,117,2,0.9832482644207703,False
21266,4525.0682,2,2262.5341,2.0,2,512,2,0.9600050226867299,True
21268,1725.98,1,1725.98,2.0,84,84,2,0.985521269076119,False
21270,78.48,1,78.48,3.0,177,177,2,0.0,False
21272,4435.3796,2,2217.6898,2.5,2,508,3,0.9844500344457554,True
21273,14.98,1,14.98,2.0,162,162,1,0.0,False
21279,4.99,1,4.99,1.0,151,151,1,0.0,False
21284,3223.5782,2,1611.7891,1.5,6,511,2,0.9832515308609545,True
21285,14.98,1,14.98,2.0,228,228,1,0.0,False
21287,44.98,1,44.98,2.0,137,137,1,0.0,False
21291,1735.98,1,1735.98,2.0,11,11,2,0.9798442378368414,False
21292,14.98,1,14.98,2.0,119,119,1,0.0,False
21294,9.99,1,9.99,1.0,262,262,1,0.0,False
21297,1735.98,1,1735.98,2.0,14,14,2,0.9798442378368414,False
21298,93.46,1,93.46,4.0,279,279,2,0.0,False
21299,78.48,1,78.48,3.0,302,302,2,0.0,False
21300,1120.49,1,1120.49,1.0,350,350,1,1.0,False
21302,69.97,1,69.97,3.0,222,222,1,0.0,False
21304,23.97,1,23.97,3.0,222,222,2,0.0,False
21305,3204.5782,2,1602.2891,1.5,11,502,2,0.9890812463243993,True
21308,81.46,1,81.46,3.0,21,21,2,0.0,False
21315,1189.46,1,1189.46,4.0,201,201,2,0.9420157046054511,False
21317,108.95,1,108.95,5.0,189,189,2,0.0,False
21324,68.97,1,68.97,3.0,254,254,2,0.0,False
21325,69.97,1,69.97,3.0,250,250,1,0.0,False
21328,49.97,1,49.97,3.0,175,175,1,0.0,False
21335,1183.47,1,1183.47,3.0,148,148,2,0.9467836109069093,False
21339,39.98,1,39.98,2.0,330,330,1,0.0,False
21340,22.93,1,22.93,3.0,235,235,1,0.0,False
21342,1155.48,1,1155.48,2.0,145,145,2,0.9697182123446533,False
21344,1155.48,1,1155.48,2.0,106,106,2,0.9697182123446533,False
21346,14.98,1,14.98,2.0,169,169,1,0.0,False
21348,4392.0182,2,2196.0091,2.5,19,485,2,0.994779165532602,True
21349,2989.3796,2,1494.6898,2.5,353,461,2,0.9503341763622126,True
21351,17.27,1,17.27,3.0,64,64,1,0.0,False
21355,1184.46,1,1184.46,4.0,90,90,2,0.9459922665180758,False
21356,1174.48,1,1174.48,2.0,67,67,2,0.9540307199782031,False
21363,4.99,1,4.99,1.0,247,247,1,0.0,False
21365,7.28,1,7.28,2.0,247,247,1,0.0,False
21367,7.28,1,7.28,2.0,312,312,1,0.0,False
21371,7.28,1,7.28,2.0,177,177,1,0.0,False
21373,15.23,1,15.23,3.0,293,293,1,0.0,False
21374,7.28,1,7.28,2.0,294,294,1,0.0,False
21377,69.99,1,69.99,1.0,209,209,1,0.0,False
21386,539.99,1,539.99,1.0,4,4,1,1.0,False
21387,2745.3325,2,1372.66625,2.0,216,696,2,0.9913380255397116,True
21388,1179.47,1,1179.47,3.0,76,76,2,0.9499944890501666,False
21391,29.99,1,29.99,1.0,328,328,1,0.0,False
21392,29.99,1,29.99,1.0,43,43,1,0.0,False
21393,4925.17,2,2462.585,2.5,107,696,3,0.9921891021020596,True
21396,1170.48,1,1170.48,2.0,89,89,2,0.9572910259039027,False
21397,49.97,1,49.97,3.0,166,166,1,0.0,False
21400,2688.8896000000004,2,1344.4448000000002,2.5,225,472,3,0.9711851315874034,True
21402,4624.9125,2,2312.45625,1.0,105,679,1,1.0,True
21403,4895.6900000000005,2,2447.8450000000003,1.5,101,690,2,0.9981636909199725,True
21414,14.98,1,14.98,2.0,4,4,1,0.0,False
21417,1155.48,1,1155.48,2.0,70,70,2,0.9697182123446533,False
21422,1184.46,1,1184.46,4.0,58,58,2,0.9459922665180758,False
21425,9.99,1,9.99,1.0,176,176,1,0.0,False
21427,1155.48,1,1155.48,2.0,32,32,2,0.9697182123446533,False
21430,74.46,1,74.46,4.0,107,107,2,0.0,False
21431,56.97,1,56.97,2.0,4,4,1,0.0,False
21432,14.98,1,14.98,2.0,299,299,1,0.0,False
21433,68.97,1,68.97,3.0,133,133,2,0.0,False
21436,1193.95,1,1193.95,5.0,4,4,3,0.9384731353909292,False
21440,562.96,1,562.96,4.0,366,366,3,0.9591978115674292,True
21442,14.98,1,14.98,2.0,322,322,1,0.0,False
21443,49.97,1,49.97,3.0,307,307,1,0.0,False
21445,113.47,1,113.47,4.0,305,305,2,0.0,False
21448,564.48,1,564.48,2.0,344,344,2,0.9566149376417233,False
21449,14.98,1,14.98,2.0,225,225,1,0.0,False
21450,59.98,1,59.98,2.0,62,62,1,0.0,False
21451,23.97,1,23.97,3.0,189,189,2,0.0,False
21452,49.97,1,49.97,3.0,184,184,1,0.0,False
21453,36.96,1,36.96,3.0,297,297,1,0.0,False
21458,49.97,1,49.97,3.0,198,198,1,0.0,False
21462,49.97,1,49.97,3.0,12,12,1,0.0,False
21463,23.97,1,23.97,3.0,145,145,2,0.0,False
21464,76.97,1,76.97,2.0,39,39,1,0.0,False
21465,574.98,1,574.98,2.0,354,354,2,0.9391457094159796,False
21472,49.97,1,49.97,3.0,300,300,1,0.0,False
21476,1197.41,1,1197.41,5.0,68,68,2,0.935761351583835,False
21478,1155.48,1,1155.48,2.0,78,78,2,0.9697182123446533,False
21479,1149.47,1,1149.47,3.0,69,69,2,0.9747883807319895,False
21480,39.98,1,39.98,2.0,4,4,1,0.0,False
21483,1205.47,1,1205.47,3.0,75,75,3,0.9295046745252888,False
21484,1120.49,1,1120.49,1.0,82,82,1,1.0,False
21486,1155.48,1,1155.48,2.0,92,92,2,0.9697182123446533,False
21488,638.95,1,638.95,5.0,352,352,3,0.8451209014789889,False
21490,7.28,1,7.28,2.0,37,37,1,0.0,False
21491,1174.48,1,1174.48,2.0,78,78,2,0.9540307199782031,False
21492,14.98,1,14.98,2.0,213,213,1,0.0,False
21497,89.46,1,89.46,4.0,22,22,2,0.0,False
21499,99.96,1,99.96,4.0,57,57,2,0.0,False
21500,22.93,1,22.93,3.0,315,315,1,0.0,False
21502,49.97,1,49.97,3.0,77,77,1,0.0,False
21504,1155.48,1,1155.48,2.0,75,75,2,0.9697182123446533,False
21505,2354.98,1,2354.98,2.0,30,30,2,0.9851421243492514,False
21507,24.99,1,24.99,1.0,329,329,1,0.0,False
21508,3152.95,2,1576.475,2.5,18,396,2,0.9841513503227138,True
21510,128.95,1,128.95,5.0,272,272,2,0.0,False
21511,32.27,1,32.27,3.0,167,167,1,0.0,False
21513,119.96,1,119.96,4.0,132,132,2,0.0,False
21516,3102.25,2,1551.125,2.0,19,377,2,0.9921766459827545,True
21518,144.45,1,144.45,5.0,163,163,2,0.0,False
21519,69.97,1,69.97,3.0,202,202,1,0.0,False
21521,42.93,1,42.93,3.0,136,136,1,0.0,False
21526,29.99,1,29.99,1.0,130,130,1,0.0,False
21527,2294.99,1,2294.99,1.0,4,4,1,1.0,False
21532,2399.95,1,2399.95,5.0,7,7,2,0.956265755536574,False
21533,40.22,1,40.22,4.0,179,179,1,0.0,False
21534,1622.45,2,811.225,2.5,362,397,2,0.9568738636013436,True
21538,2369.96,1,2369.96,4.0,10,10,2,0.9789152559536872,False
21539,34.98,1,34.98,2.0,94,94,1,0.0,False
21541,149.98,1,149.98,3.0,115,115,1,0.0,False
21545,1631.46,2,815.73,2.0,179,378,2,0.951589373935003,True
21546,4.99,1,4.99,1.0,91,91,1,0.0,False
21549,98.96,1,98.96,4.0,301,301,2,0.0,False
21550,58.98,1,58.98,2.0,143,143,2,0.0,False
21551,29.99,1,29.99,1.0,150,150,1,0.0,False
21552,4624.9125,2,2312.45625,1.0,101,689,1,1.0,True
21553,4666.5025000000005,2,2333.2512500000003,2.0,116,671,3,0.9910875436153735,True
21555,4715.4925,2,2357.74625,2.5,109,679,3,0.9807909778246917,True
21556,4930.68,2,2465.34,2.0,108,695,3,0.9910803378033051,True
21557,4886.7,2,2443.35,1.0,98,672,1,1.0,True
21559,4900.68,2,2450.34,2.0,104,682,2,0.9971473346555989,True
21560,4702.3925,2,2351.19625,2.5,106,680,3,0.9835232809681456,True
21561,4947.78,2,2473.89,2.5,123,700,3,0.987655069546342,True
21562,4632.8625,2,2316.43125,1.5,77,649,2,0.9982839982839983,True
21565,48.98,1,48.98,3.0,316,316,2,0.0,False
21566,42.28,1,42.28,3.0,309,309,1,0.0,False
21567,4973.28,2,2486.64,2.5,65,660,3,0.9825909661229612,True
21568,4659.8025,2,2329.90125,2.0,63,667,2,0.9925125582039153,True
21569,4960.16,2,2480.08,3.0,70,646,3,0.9851899938711656,True
21570,4705.4825,2,2352.74125,3.0,64,654,3,0.9828774201157905,True
21571,4624.9125,2,2312.45625,1.0,91,658,1,1.0,True
21575,548.98,1,548.98,2.0,365,365,2,0.9836241757441072,False
21576,548.98,1,548.98,2.0,339,339,2,0.9836241757441072,False
21578,17.27,1,17.27,3.0,126,126,1,0.0,False
21579,14.98,1,14.98,2.0,210,210,1,0.0,False
21580,44.91,1,44.91,4.0,202,202,1,0.0,False
21583,1214.46,1,1214.46,4.0,75,75,3,0.9226240469015036,False
21584,1155.48,1,1155.48,2.0,84,84,2,0.9697182123446533,False
21588,1174.48,1,1174.48,2.0,50,50,2,0.9540307199782031,False
21590,1169.46,1,1169.46,4.0,50,50,2,0.9581259726711473,False
21592,23.97,1,23.97,3.0,64,64,2,0.0,False
21593,1155.48,1,1155.48,2.0,54,54,2,0.9697182123446533,False
21595,2649.5582,2,1324.7791,2.5,233,455,2,0.9771773271483527,True
21597,561.48,1,561.48,2.0,345,345,2,0.9617261523117475,False
21598,1120.49,1,1120.49,1.0,46,46,1,1.0,False
21599,1170.48,1,1170.48,2.0,55,55,2,0.9572910259039027,False
21601,589.96,1,589.96,4.0,313,313,3,0.9152993423282934,False
21602,548.98,1,548.98,2.0,328,328,2,0.9836241757441072,False
21603,567.76,1,567.76,4.0,330,330,2,0.9510884880935607,False
21605,1179.47,1,1179.47,3.0,56,56,2,0.9499944890501666,False
21606,1155.48,1,1155.48,2.0,54,54,2,0.9697182123446533,False
21607,1120.49,1,1120.49,1.0,48,48,1,1.0,False
21609,553.97,1,553.97,3.0,329,329,2,0.9747639763886131,False
21614,2589.0882,2,1294.5441,1.0,195,407,1,1.0,True
21619,556.26,1,556.26,4.0,316,316,2,0.9707510876208967,False
21621,2616.8581999999997,2,1308.4290999999998,2.5,177,405,2,0.9893880379150848,True
21622,2612.0582,2,1306.0291,2.5,106,422,3,0.9912061683771061,True
21626,134.98,1,134.98,3.0,110,110,1,0.0,False
21630,14.98,1,14.98,2.0,320,320,1,0.0,False
21633,64.98,1,64.98,2.0,282,282,1,0.0,False
21635,73.96,1,73.96,4.0,192,192,2,0.0,False
21636,14.98,1,14.98,2.0,158,158,1,0.0,False
21637,1155.48,1,1155.48,2.0,47,47,2,0.9697182123446533,False
21640,123.96,1,123.96,4.0,163,163,2,0.0,False
21641,1120.49,1,1120.49,1.0,33,33,1,1.0,False
21642,2620.3996,2,1310.1998,1.5,74,420,2,0.996569225548653,True
21645,1183.47,1,1183.47,3.0,48,48,2,0.9467836109069093,False
21646,563.77,1,563.77,3.0,315,315,2,0.9578196782375792,False
21648,548.98,1,548.98,2.0,320,320,2,0.9836241757441072,False
21649,553.97,1,553.97,3.0,315,315,2,0.9747639763886131,False
21652,2646.0582,2,1323.0291,2.0,334,427,2,0.9784698613205107,True
21655,2648.0681999999997,2,1324.0340999999999,2.0,281,368,2,0.9777271597461125,True
21658,2641.8896000000004,2,1320.9448000000002,2.0,79,392,3,0.9884628032904934,True
21659,4143.74,2,2071.87,2.0,56,1079,2,0.9938509655528581,True
21661,58.98,1,58.98,2.0,186,186,2,0.0,False
21662,21.49,1,21.49,1.0,252,252,1,0.0,False
21665,553.97,1,553.97,3.0,253,253,2,0.9747639763886131,False
21669,2483.98,2,1241.99,1.0,160,397,1,1.0,True
21670,147.77,1,147.77,4.0,110,110,1,0.0,False
21671,628.97,1,628.97,4.0,254,254,3,0.8585306135427763,False
21672,1155.48,1,1155.48,2.0,4,4,2,0.9697182123446533,False
21674,4.99,1,4.99,1.0,63,63,1,0.0,False
21678,42.93,1,42.93,3.0,296,296,1,0.0,False
21679,1700.99,1,1700.99,1.0,170,170,1,1.0,False
21680,48.97,1,48.97,3.0,299,299,2,0.0,False
21682,7.28,1,7.28,2.0,86,86,1,0.0,False
21683,1779.47,1,1779.47,3.0,182,182,2,0.9558969805616279,False
21684,60.47,1,60.47,3.0,141,141,1,0.0,False
21686,9.99,1,9.99,1.0,164,164,1,0.0,False
21688,14.98,1,14.98,2.0,293,293,1,0.0,False
21689,14.98,1,14.98,2.0,47,47,1,0.0,False
21691,39.98,1,39.98,2.0,244,244,1,0.0,False
21694,49.97,1,49.97,3.0,107,107,1,0.0,False
21695,1169.46,1,1169.46,4.0,33,33,2,0.9581259726711473,False
21698,14.98,1,14.98,2.0,288,288,1,0.0,False
21699,1158.96,1,1158.96,4.0,61,61,3,0.9668064471595224,False
21700,1174.48,1,1174.48,2.0,61,61,2,0.9540307199782031,False
21701,77.92,1,77.92,4.0,205,205,1,0.0,False
21703,13.98,1,13.98,2.0,120,120,2,0.0,False
21704,1151.76,1,1151.76,4.0,48,48,2,0.9728502465791484,False
21705,49.97,1,49.97,3.0,25,25,1,0.0,False
21707,14.98,1,14.98,2.0,69,69,1,0.0,False
21709,1155.48,1,1155.48,2.0,57,57,2,0.9697182123446533,False
21711,1179.97,1,1179.97,3.0,55,55,3,0.9495919387781045,False
21713,14.98,1,14.98,2.0,217,217,1,0.0,False
21718,22.93,1,22.93,3.0,126,126,1,0.0,False
21719,99.96,1,99.96,4.0,60,60,2,0.0,False
21720,14.98,1,14.98,2.0,313,313,1,0.0,False
21724,14.98,1,14.98,2.0,171,171,1,0.0,False
21725,4.99,1,4.99,1.0,171,171,1,0.0,False
21728,1205.47,1,1205.47,3.0,60,60,3,0.9295046745252888,False
21729,49.97,1,49.97,3.0,95,95,1,0.0,False
21731,14.98,1,14.98,2.0,10,10,1,0.0,False
21736,94.97,1,94.97,3.0,44,44,2,0.0,False
21737,60.47,1,60.47,3.0,57,57,1,0.0,False
21738,69.97,1,69.97,3.0,26,26,1,0.0,False
21739,37.27,1,37.27,3.0,270,270,1,0.0,False
21742,30.97,1,30.97,2.0,245,245,2,0.0,False
21743,49.97,1,49.97,3.0,245,245,1,0.0,False
21744,49.97,1,49.97,3.0,92,92,1,0.0,False
21746,1174.48,1,1174.48,2.0,39,39,2,0.9540307199782031,False
21747,539.99,1,539.99,1.0,305,305,1,1.0,False
21748,600.46,1,600.46,4.0,301,301,2,0.8992938746960664,False
21751,49.97,1,49.97,3.0,129,129,1,0.0,False
21752,7.28,1,7.28,2.0,25,25,1,0.0,False
21753,78.48,1,78.48,3.0,244,244,2,0.0,False
21755,14.98,1,14.98,2.0,76,76,1,0.0,False
21756,553.97,1,553.97,3.0,304,304,2,0.9747639763886131,False
21758,14.98,1,14.98,2.0,78,78,1,0.0,False
21760,49.97,1,49.97,3.0,86,86,1,0.0,False
21762,78.96,1,78.96,4.0,333,333,2,0.0,False
21764,7.28,1,7.28,2.0,281,281,1,0.0,False
21765,78.48,1,78.48,3.0,205,205,2,0.0,False
21767,124.45,1,124.45,5.0,149,149,2,0.0,False
21770,23.97,1,23.97,3.0,164,164,2,0.0,False
21774,49.97,1,49.97,3.0,18,18,1,0.0,False
21775,69.97,1,69.97,3.0,274,274,1,0.0,False
21777,180.98,1,180.98,2.0,36,36,1,0.0,False
21778,14.98,1,14.98,2.0,73,73,1,0.0,False
21782,49.97,1,49.97,3.0,246,246,1,0.0,False
21783,49.97,1,49.97,3.0,308,308,1,0.0,False
21784,49.97,1,49.97,3.0,230,230,1,0.0,False
21785,1155.48,1,1155.48,2.0,38,38,2,0.9697182123446533,False
21789,14.98,1,14.98,2.0,237,237,1,0.0,False
21790,74.46,1,74.46,4.0,204,204,2,0.0,False
21792,114.46,1,114.46,4.0,30,30,2,0.0,False
21793,1155.48,1,1155.48,2.0,34,34,2,0.9697182123446533,False
21796,59.98,1,59.98,2.0,134,134,1,0.0,False
21798,1174.48,1,1174.48,2.0,49,49,2,0.9540307199782031,False
21799,23.97,1,23.97,3.0,153,153,2,0.0,False
21800,64.97,1,64.97,3.0,117,117,2,0.0,False
21801,44.98,1,44.98,2.0,147,147,1,0.0,False
21802,77.96,1,77.96,4.0,273,273,2,0.0,False
21803,39.98,1,39.98,2.0,65,65,1,0.0,False
21806,14.98,1,14.98,2.0,110,110,1,0.0,False
21808,1155.48,1,1155.48,2.0,59,59,2,0.9697182123446533,False
21809,49.97,1,49.97,3.0,80,80,1,0.0,False
21811,17.27,1,17.27,3.0,33,33,1,0.0,False
21814,14.98,1,14.98,2.0,173,173,1,0.0,False
21817,791.47,1,791.47,2.0,65,65,2,0.9722288905454407,False
21820,38.98,1,38.98,2.0,143,143,2,0.0,False
21821,48.97,1,48.97,3.0,156,156,2,0.0,False
21822,564.99,1,564.99,1.0,217,217,1,1.0,False
21823,4.99,1,4.99,1.0,96,96,1,0.0,False
21824,27.28,1,27.28,2.0,20,20,1,0.0,False
21827,2354.98,1,2354.98,2.0,11,11,2,0.9851421243492514,False
21828,2322.28,1,2322.28,2.0,19,19,2,0.9990139001326283,False
21831,34.98,1,34.98,2.0,85,85,1,0.0,False
21838,4.99,1,4.99,1.0,202,202,1,0.0,False
21839,92.48,1,92.48,3.0,125,125,2,0.0,False
21841,24.99,1,24.99,1.0,164,164,1,0.0,False
21842,48.97,1,48.97,3.0,108,108,2,0.0,False
21844,39.98,1,39.98,2.0,155,155,1,0.0,False
21848,564.99,1,564.99,1.0,198,198,1,1.0,False
21850,4.99,1,4.99,1.0,98,98,1,0.0,False
21851,4.99,1,4.99,1.0,280,280,1,0.0,False
21853,89.97,1,89.97,3.0,121,121,2,0.0,False
21857,2487.33,1,2487.33,3.0,340,340,3,0.9823183895984853,False
21861,39.98,1,39.98,2.0,333,333,1,0.0,False
21863,39.98,1,39.98,2.0,266,266,1,0.0,False
21864,28.98,1,28.98,2.0,185,185,1,0.0,False
21867,13.98,1,13.98,2.0,112,112,2,0.0,False
21868,4.99,1,4.99,1.0,328,328,1,0.0,False
21870,72.96,1,72.96,4.0,46,46,2,0.0,False
21871,29.99,1,29.99,1.0,26,26,1,0.0,False
21879,35.0,1,35.0,1.0,77,77,1,0.0,False
21881,128.97,1,128.97,4.0,103,103,2,0.0,False
21887,39.99,1,39.99,2.0,329,329,1,0.0,False
21889,4624.9125,2,2312.45625,1.0,89,660,1,1.0,True
21890,39.99,1,39.99,2.0,156,156,1,0.0,False
21892,4921.6900000000005,2,2460.8450000000003,1.5,63,662,2,0.9928906534137665,True
21893,4663.7925,2,2331.89625,2.5,64,668,2,0.991663436998966,True
21894,4624.9125,2,2312.45625,1.0,88,645,1,1.0,True
21895,4657.5125,2,2328.75625,1.5,66,665,2,0.9930005555540644,True
21896,74.98,1,74.98,3.0,207,207,1,0.0,False
21897,4909.67,2,2454.835,2.5,87,642,3,0.9953214778182649,True
21898,74.98,1,74.98,3.0,58,58,1,0.0,False
21899,4663.7925,2,2331.89625,2.5,82,667,2,0.991663436998966,True
21900,69.97,1,69.97,3.0,211,211,1,0.0,False
21902,23.97,1,23.97,3.0,58,58,2,0.0,False
21903,548.98,1,548.98,2.0,288,288,2,0.9836241757441072,False
21905,14.98,1,14.98,2.0,165,165,1,0.0,False
21908,64.97,1,64.97,3.0,140,140,2,0.0,False
21909,563.77,1,563.77,3.0,292,292,2,0.9578196782375792,False
21910,1174.48,1,1174.48,2.0,16,16,2,0.9540307199782031,False
21916,39.98,1,39.98,2.0,138,138,1,0.0,False
21918,68.97,1,68.97,3.0,334,334,2,0.0,False
21920,1184.46,1,1184.46,4.0,36,36,2,0.9459922665180758,False
21921,4142.75,2,2071.375,1.5,16,1044,2,0.9940884678052019,True
21923,1120.49,1,1120.49,1.0,24,24,1,1.0,False
21926,1198.97,1,1198.97,3.0,22,22,2,0.9345438167760661,False
21927,1145.48,1,1145.48,2.0,6,6,2,0.9781838181373748,False
21929,1183.47,1,1183.47,3.0,25,25,2,0.9467836109069093,False
21931,1120.49,1,1120.49,1.0,18,18,1,1.0,False
21932,1158.46,1,1158.46,4.0,13,13,3,0.9672237280527597,False
21936,99.96,1,99.96,4.0,120,120,2,0.0,False
21937,1134.47,1,1134.47,3.0,25,25,2,0.987677065061218,False
21938,14.98,1,14.98,2.0,139,139,1,0.0,False
21939,4163.24,2,2081.62,2.0,265,1055,2,0.989195914720266,True
21940,571.72,1,571.72,4.0,284,284,2,0.9445008045896592,False
21942,574.98,1,574.98,2.0,301,301,2,0.9391457094159796,False
21943,4624.9125,2,2312.45625,1.0,86,647,1,1.0,True
21944,4713.8925,2,2356.94625,2.0,83,655,3,0.9811238801054544,True
21946,4659.8025,2,2329.90125,2.0,44,661,2,0.9925125582039153,True
21947,4632.8625,2,2316.43125,1.5,55,647,2,0.9982839982839983,True
21948,4886.7,2,2443.35,1.0,57,667,1,1.0,True
21949,4659.9025,2,2329.95125,1.5,35,646,2,0.9924912592055306,True
21950,4900.68,2,2450.34,2.0,34,657,2,0.9971473346555989,True
21951,4923.29,2,2461.645,2.0,46,663,2,0.9925679779172057,True
21952,99.47,1,99.47,4.0,216,216,2,0.0,False
21953,35.0,1,35.0,1.0,253,253,1,0.0,False
21957,4919.299999999999,2,2459.6499999999996,1.5,32,662,2,0.9933730408797999,True
21958,4696.4925,2,2348.24625,2.5,38,646,2,0.9847588386439454,True
21960,39.99,1,39.99,2.0,108,108,1,0.0,False
21961,42.28,1,42.28,3.0,303,303,1,0.0,False
21963,39.99,1,39.99,2.0,239,239,1,0.0,False
21964,103.49,1,103.49,3.0,99,99,2,0.0,False
21965,99.47,1,99.47,4.0,43,43,2,0.0,False
21966,4659.9025,2,2329.95125,1.5,34,622,2,0.9924912592055306,True
21970,32.28,1,32.28,2.0,45,45,1,0.0,False
21972,40.23,1,40.23,3.0,216,216,1,0.0,False
21974,4925.17,2,2462.585,2.5,40,611,3,0.9921891021020596,True
21977,74.98,1,74.98,3.0,202,202,1,0.0,False
21978,37.29,1,37.29,2.0,252,252,1,0.0,False
21979,3936.5425,2,1968.27125,1.5,85,630,2,0.9862849188088278,True
21980,4334.61,2,2167.305,3.0,70,634,2,0.9561044707597686,True
21981,75.97,1,75.97,2.0,50,50,2,0.0,False
21983,4144.34,2,2072.17,1.0,49,638,1,1.0,True
21986,3882.5525,2,1941.27625,1.0,46,630,1,1.0,True
21987,4638.8925,2,2319.44625,2.0,52,612,2,0.9969863496513447,True
21988,35.0,1,35.0,1.0,38,38,1,0.0,False
21994,4659.9025,2,2329.95125,1.5,39,638,2,0.9924912592055306,True
21996,3946.5225,2,1973.26125,2.5,40,625,2,0.9837907930336139,True
21997,39.99,1,39.99,2.0,57,57,1,0.0,False
21999,4921.6900000000005,2,2460.8450000000003,1.5,62,617,2,0.9928906534137665,True
22000,4663.7925,2,2331.89625,2.5,58,629,2,0.991663436998966,True
22002,78.98,1,78.98,2.0,123,123,1,0.0,False
22003,56.97,1,56.97,2.0,176,176,1,0.0,False
22005,135.46,1,135.46,4.0,3,3,2,0.0,False
22006,42.28,1,42.28,3.0,287,287,1,0.0,False
22008,4141.23,2,2070.615,2.5,21,1045,3,0.9944533387423545,True
22012,14.98,1,14.98,2.0,183,183,1,0.0,False
22015,4.99,1,4.99,1.0,175,175,1,0.0,False
22017,69.99,1,69.99,1.0,208,208,1,0.0,False
22021,23.97,1,23.97,3.0,58,58,2,0.0,False
22022,49.97,1,49.97,3.0,48,48,1,0.0,False
22024,23.97,1,23.97,3.0,241,241,2,0.0,False
22026,39.98,1,39.98,2.0,123,123,1,0.0,False
22032,3882.5525,2,1941.27625,1.0,59,633,1,1.0,True
22033,3917.5425,2,1958.77125,1.5,46,628,2,0.9910683802409291,True
22035,69.97,1,69.97,3.0,274,274,1,0.0,False
22036,1155.48,1,1155.48,2.0,14,14,2,0.9697182123446533,False
22037,45.22,1,45.22,4.0,107,107,1,0.0,False
22043,588.96,1,588.96,4.0,268,268,2,0.9168534365661505,False
22044,607.96,1,607.96,4.0,263,263,3,0.8881998815711559,False
22045,561.92,1,561.92,4.0,261,261,2,0.9609730922551252,False
22049,14.98,1,14.98,2.0,239,239,1,0.0,False
22050,4160.53,2,2080.265,2.5,197,1037,2,0.9958490865346483,True
22051,49.97,1,49.97,3.0,8,8,1,0.0,False
22052,14.98,1,14.98,2.0,324,324,1,0.0,False
22053,9.99,1,9.99,1.0,85,85,1,0.0,False
22059,7.28,1,7.28,2.0,273,273,1,0.0,False
22060,37.27,1,37.27,3.0,298,298,1,0.0,False
22067,539.99,1,539.99,1.0,248,248,1,1.0,False
22068,23.97,1,23.97,3.0,262,262,2,0.0,False
22069,22.93,1,22.93,3.0,154,154,1,0.0,False
22071,73.96,1,73.96,4.0,237,237,2,0.0,False
22072,617.47,1,617.47,4.0,274,274,3,0.8745202196058108,False
22075,144.45,1,144.45,5.0,94,94,2,0.0,False
22076,65.95,1,65.95,4.0,218,218,2,0.0,False
22077,29.99,1,29.99,1.0,268,268,1,0.0,False
22079,24.27,1,24.27,2.0,82,82,1,0.0,False
22080,56.97,1,56.97,2.0,32,32,1,0.0,False
22084,69.97,1,69.97,3.0,83,83,1,0.0,False
22085,34.98,1,34.98,2.0,147,147,1,0.0,False
22087,94.46,1,94.46,4.0,173,173,2,0.0,False
22088,570.47,1,570.47,3.0,260,260,3,0.9465703717986923,False
22090,32.28,1,32.28,2.0,324,324,1,0.0,False
22092,563.77,1,563.77,3.0,262,262,2,0.9578196782375792,False
22093,588.96,1,588.96,4.0,228,228,2,0.9168534365661505,False
22095,141.98,1,141.98,2.0,50,50,1,0.0,False
22097,61.96,1,61.96,3.0,317,317,1,0.0,False
22098,69.97,1,69.97,3.0,185,185,1,0.0,False
22100,90.95,1,90.95,4.0,144,144,2,0.0,False
22102,84.97,1,84.97,3.0,85,85,2,0.0,False
22108,84.97,1,84.97,3.0,256,256,2,0.0,False
22111,1174.48,1,1174.48,2.0,29,29,2,0.9540307199782031,False
22116,563.77,1,563.77,3.0,216,216,2,0.9578196782375792,False
22117,4158.24,2,2079.12,2.0,169,1014,2,0.9963975143329872,True
22118,4158.24,2,2079.12,2.0,157,983,2,0.9963975143329872,True
22119,563.77,1,563.77,3.0,216,216,2,0.9578196782375792,False
22120,5962.34,2,2981.17,1.0,301,977,1,1.0,True
22123,29.99,1,29.99,1.0,220,220,1,0.0,False
22124,34.98,1,34.98,2.0,48,48,1,0.0,False
22126,34.98,1,34.98,2.0,132,132,1,0.0,False
22129,574.98,1,574.98,2.0,231,231,2,0.9391457094159796,False
22132,562.96,1,562.96,4.0,216,216,3,0.9591978115674292,False
22136,553.97,1,553.97,3.0,238,238,2,0.9747639763886131,False
22138,37.27,1,37.27,3.0,257,257,1,0.0,False
22141,166.28,1,166.28,3.0,126,126,1,0.0,False
22143,39.98,1,39.98,2.0,318,318,1,0.0,False
22144,89.97,1,89.97,3.0,170,170,2,0.0,False
22145,37.27,1,37.27,3.0,283,283,1,0.0,False
22146,37.27,1,37.27,3.0,19,19,1,0.0,False
22148,69.99,1,69.99,1.0,191,191,1,0.0,False
22150,69.99,1,69.99,1.0,294,294,1,0.0,False
22151,133.49,1,133.49,2.0,113,113,1,0.0,False
22153,548.98,1,548.98,2.0,216,216,2,0.9836241757441072,False
22154,36.96,1,36.96,3.0,329,329,1,0.0,False
22156,69.99,1,69.99,1.0,299,299,1,0.0,False
22158,37.27,1,37.27,3.0,207,207,1,0.0,False
22159,32.28,1,32.28,2.0,19,19,1,0.0,False
22160,37.27,1,37.27,3.0,210,210,1,0.0,False
22165,191.28,1,191.28,3.0,226,226,1,0.0,False
22167,123.98,1,123.98,2.0,323,323,1,0.0,False
22175,3018.33,2,1509.165,1.5,242,627,2,0.988407496860847,True
22181,4673.8825,2,2336.94125,2.5,52,634,2,0.9895226292060189,True
22182,6006.32,2,3003.16,2.0,185,949,3,0.9926777128091744,True
22183,32.28,1,32.28,2.0,74,74,1,0.0,False
22186,1174.48,1,1174.48,2.0,7,7,2,0.9540307199782031,False
22190,37.27,1,37.27,3.0,69,69,1,0.0,False
22191,94.46,1,94.46,4.0,227,227,2,0.0,False
22193,4886.7,2,2443.35,1.0,60,611,1,1.0,True
22197,4740.9825,2,2370.49125,3.0,26,633,3,0.9755177328749896,True
22198,4661.5025000000005,2,2330.7512500000003,2.0,30,629,2,0.9921505995116381,True
22199,4693.8825,2,2346.94125,2.5,21,622,2,0.985306406796506,True
22200,4659.9025,2,2329.95125,1.5,15,628,2,0.9924912592055306,True
22201,5012.27,2,2506.135,3.0,21,590,3,0.9749474788868118,True
22203,4624.9125,2,2312.45625,1.0,26,586,1,1.0,True
22205,120.48,1,120.48,3.0,163,163,2,0.0,False
22206,201.28,1,201.28,4.0,140,140,1,0.0,False
22207,4921.6900000000005,2,2460.8450000000003,1.5,3,604,2,0.9928906534137665,True
22209,74.98,1,74.98,3.0,241,241,1,0.0,False
22210,35.0,1,35.0,1.0,202,202,1,0.0,False
22211,37.27,1,37.27,3.0,229,229,1,0.0,False
22212,39.99,1,39.99,2.0,241,241,1,0.0,False
22213,59.27,1,59.27,3.0,306,306,1,0.0,False
22214,42.28,1,42.28,3.0,92,92,1,0.0,False
22216,564.48,1,564.48,2.0,202,202,2,0.9566149376417233,False
22218,1155.48,1,1155.48,2.0,6,6,2,0.9697182123446533,False
22221,1155.48,1,1155.48,2.0,16,16,2,0.9697182123446533,False
22222,94.46,1,94.46,4.0,11,11,2,0.0,False
22223,34.98,1,34.98,2.0,94,94,1,0.0,False
22225,603.49,1,603.49,2.0,186,186,2,0.8947787038724752,False
22227,34.98,1,34.98,2.0,279,279,1,0.0,False
22228,37.27,1,37.27,3.0,60,60,1,0.0,False
22231,608.96,1,608.96,4.0,214,214,2,0.8867413294797688,False
22232,5985.3099999999995,2,2992.6549999999997,2.5,197,954,3,0.9961622706259159,True
22234,5976.32,2,2988.16,2.0,171,952,2,0.9976607678303706,True
22237,29.99,1,29.99,1.0,156,156,1,0.0,False
22239,32.28,1,32.28,2.0,182,182,1,0.0,False
22245,1188.46,1,1188.46,4.0,22,22,3,0.9428083402049711,False
22248,1134.47,1,1134.47,3.0,29,29,2,0.987677065061218,False
22249,539.99,1,539.99,1.0,186,186,1,1.0,False
22250,548.98,1,548.98,2.0,186,186,2,0.9836241757441072,False
22251,5971.33,2,2985.665,1.5,128,926,2,0.9984944727556508,True
22252,6047.32,2,3023.66,2.0,152,921,3,0.9859474940965586,True
22253,1174.48,1,1174.48,2.0,2,2,2,0.9540307199782031,False
22256,570.47,1,570.47,3.0,212,212,3,0.9465703717986923,False
22259,562.96,1,562.96,4.0,356,356,3,0.9591978115674292,False
22262,539.99,1,539.99,1.0,342,342,1,1.0,False
22264,89.97,1,89.97,3.0,203,203,2,0.0,False
22266,724.47,1,724.47,4.0,187,187,2,0.7453586759976258,False
22268,6031.3099999999995,2,3015.6549999999997,2.5,126,917,2,0.9885646733462549,True
22272,571.72,1,571.72,4.0,192,192,2,0.9445008045896592,False
22273,574.98,1,574.98,2.0,347,347,2,0.9391457094159796,False
22274,574.98,1,574.98,2.0,343,343,2,0.9391457094159796,False
22288,561.48,1,561.48,2.0,326,326,2,0.9617261523117475,False
22289,561.48,1,561.48,2.0,327,327,2,0.9617261523117475,False
22291,574.98,1,574.98,2.0,213,213,2,0.9391457094159796,False
22294,650.45,1,650.45,5.0,191,191,3,0.8301791067722346,False
22295,600.46,1,600.46,4.0,190,190,2,0.8992938746960664,False
22296,132.95,1,132.95,5.0,64,64,2,0.0,False
22298,578.46,1,578.46,4.0,159,159,3,0.9334958337655153,False
22300,548.98,1,548.98,2.0,311,311,2,0.9836241757441072,False
22304,37.27,1,37.27,3.0,161,161,1,0.0,False
22306,561.48,1,561.48,2.0,239,239,2,0.9617261523117475,False
22309,1785.97,1,1785.97,3.0,139,139,3,0.9524180137404323,False
22310,93.97,1,93.97,3.0,189,189,2,0.0,False
22314,84.47,1,84.47,3.0,151,151,2,0.0,False
22317,13.98,1,13.98,2.0,304,304,2,0.0,False
22318,1174.48,1,1174.48,2.0,4,4,2,0.9540307199782031,False
22319,553.97,1,553.97,3.0,219,219,2,0.9747639763886131,False
22322,600.46,1,600.46,4.0,241,241,2,0.8992938746960664,False
22328,548.98,1,548.98,2.0,325,325,2,0.9836241757441072,False
22329,574.98,1,574.98,2.0,309,309,2,0.9391457094159796,False
22330,608.96,1,608.96,4.0,336,336,2,0.8867413294797688,False
22332,39.98,1,39.98,2.0,197,197,1,0.0,False
22337,49.97,1,49.97,3.0,77,77,1,0.0,False
22338,68.97,1,68.97,3.0,331,331,2,0.0,False
22343,2422.54,1,2422.54,4.0,270,270,3,0.9841199732512159,False
22344,2419.06,1,2419.06,2.0,216,216,2,0.9855357039511216,False
22345,73.97,1,73.97,3.0,316,316,2,0.0,False
22346,574.98,1,574.98,2.0,304,304,2,0.9391457094159796,False
22347,49.97,1,49.97,3.0,103,103,1,0.0,False
22348,14.98,1,14.98,2.0,218,218,1,0.0,False
22349,124.99,1,124.99,2.0,135,135,1,0.0,False
22350,14.98,1,14.98,2.0,72,72,1,0.0,False
22352,9.99,1,9.99,1.0,114,114,1,0.0,False
22354,39.98,1,39.98,2.0,177,177,1,0.0,False
22358,38.98,1,38.98,2.0,222,222,2,0.0,False
22359,7.28,1,7.28,2.0,241,241,1,0.0,False
22361,34.98,1,34.98,2.0,190,190,1,0.0,False
22362,34.98,1,34.98,2.0,111,111,1,0.0,False
22363,56.97,1,56.97,2.0,187,187,1,0.0,False
22364,45.22,1,45.22,4.0,165,165,1,0.0,False
22368,615.47,1,615.47,3.0,283,283,3,0.8773620160202772,False
22370,160.23,1,160.23,4.0,4,4,1,0.0,False
22372,574.98,1,574.98,2.0,298,298,2,0.9391457094159796,False
22374,600.46,1,600.46,4.0,278,278,2,0.8992938746960664,False
22377,184.48,1,184.48,3.0,78,78,1,0.0,False
22378,30.48,1,30.48,2.0,266,266,2,0.0,False
22379,27.77,1,27.77,3.0,61,61,1,0.0,False
22380,4.99,1,4.99,1.0,271,271,1,0.0,False
22383,67.97,1,67.97,3.0,151,151,2,0.0,False
22384,39.98,1,39.98,2.0,188,188,1,0.0,False
22387,4.99,1,4.99,1.0,76,76,1,0.0,False
22388,68.49,1,68.49,2.0,280,280,2,0.0,False
22390,29.48,1,29.48,2.0,170,170,2,0.0,False
22391,1174.48,1,1174.48,2.0,14,14,2,0.9540307199782031,False
22392,642.95,1,642.95,5.0,208,208,3,0.8398631308810949,False
22393,588.96,1,588.96,4.0,347,347,2,0.9168534365661505,False
22395,571.72,1,571.72,4.0,213,213,2,0.9445008045896592,False
22396,1725.98,1,1725.98,2.0,142,142,2,0.985521269076119,False
22399,2785.0525,2,1392.52625,1.5,240,592,2,0.9771997116750941,True
22400,2737.8225,2,1368.91125,2.5,222,609,2,0.9940573211009847,True
22401,2983.34,2,1491.67,1.0,230,592,1,1.0,True
22402,2721.5525,2,1360.77625,1.0,217,599,1,1.0,True
22404,2983.34,2,1491.67,1.0,213,581,1,1.0,True
22407,2756.5425,2,1378.27125,1.5,206,590,2,0.9873065624781769,True
22408,2770.5225,2,1385.26125,2.5,207,599,2,0.9823246337107895,True
22410,2983.34,2,1491.67,1.0,189,604,1,1.0,True
22411,2770.5225,2,1385.26125,2.5,190,585,2,0.9823246337107895,True
22412,3018.33,2,1509.165,1.5,202,609,2,0.988407496860847,True
22413,23.78,1,23.78,2.0,7,7,1,0.0,False
22417,21.49,1,21.49,1.0,105,105,1,0.0,False
22420,23.78,1,23.78,2.0,215,215,1,0.0,False
22423,583.97,1,583.97,3.0,201,201,3,0.9246879120502766,False
22424,75.48,1,75.48,2.0,267,267,2,0.0,False
22425,25.48,1,25.48,2.0,67,67,1,0.0,False
22429,1777.95,1,1777.95,5.0,121,121,3,0.9567141933125228,False
22430,2638.94,1,2638.94,4.0,367,367,2,0.9258831197374705,True
22431,60.47,1,60.47,3.0,299,299,1,0.0,False
22433,1764.96,1,1764.96,4.0,122,122,2,0.9637555525337684,False
22434,1735.98,1,1735.98,2.0,73,73,2,0.9798442378368414,False
22436,607.96,1,607.96,4.0,349,349,3,0.8881998815711559,False
22437,1739.46,1,1739.46,4.0,133,133,3,0.9778839409931818,False
22440,553.97,1,553.97,3.0,195,195,2,0.9747639763886131,False
22442,1709.98,1,1709.98,2.0,64,64,2,0.9947426285687552,False
22444,828.47,1,828.47,3.0,59,59,2,0.92880852656101,False
22447,793.76,1,793.76,3.0,52,52,2,0.9694240072566015,False
22449,2514.93,1,2514.93,4.0,309,309,2,0.9715379752120339,False
22450,799.48,1,799.48,2.0,62,62,2,0.9624881172762295,False
22451,1709.98,1,1709.98,2.0,103,103,2,0.9947426285687552,False
22452,1735.98,1,1735.98,2.0,123,123,2,0.9798442378368414,False
22453,39.98,1,39.98,2.0,44,44,1,0.0,False
22456,1728.27,1,1728.27,3.0,74,74,2,0.9842154293021346,False
22457,4.99,1,4.99,1.0,251,251,1,0.0,False
22458,563.77,1,563.77,3.0,192,192,2,0.9578196782375792,False
22459,539.99,1,539.99,1.0,344,344,1,1.0,False
22463,574.98,1,574.98,2.0,177,177,2,0.9391457094159796,False
22464,2443.35,1,2443.35,1.0,247,247,1,1.0,False
22466,548.98,1,548.98,2.0,183,183,2,0.9836241757441072,False
22467,1732.26,1,1732.26,4.0,75,75,2,0.9819484373015598,False
22471,561.48,1,561.48,2.0,160,160,2,0.9617261523117475,False
22474,13.98,1,13.98,2.0,23,23,2,0.0,False
22475,98.96,1,98.96,4.0,264,264,2,0.0,False
22481,564.48,1,564.48,2.0,304,304,2,0.9566149376417233,False
22483,110.46,1,110.46,4.0,26,26,2,0.0,False
22484,589.96,1,589.96,4.0,153,153,3,0.9152993423282934,False
22488,4.99,1,4.99,1.0,247,247,1,0.0,False
22489,30.48,1,30.48,2.0,18,18,2,0.0,False
22490,548.98,1,548.98,2.0,141,141,2,0.9836241757441072,False
22495,607.96,1,607.96,4.0,148,148,3,0.8881998815711559,False
22498,35.72,1,35.72,4.0,141,141,1,0.0,False
22503,1775.47,1,1775.47,3.0,112,112,2,0.958050544362901,False
22504,1735.98,1,1735.98,2.0,123,123,2,0.9798442378368414,False
22506,561.48,1,561.48,2.0,249,249,2,0.9617261523117475,False
22508,799.48,1,799.48,2.0,48,48,2,0.9624881172762295,False
22509,804.47,1,804.47,3.0,51,51,2,0.9565179559212897,False
22516,4.99,1,4.99,1.0,200,200,1,0.0,False
22518,1735.98,1,1735.98,2.0,45,45,2,0.9798442378368414,False
22520,1775.47,1,1775.47,3.0,77,77,2,0.958050544362901,False
22523,806.76,1,806.76,4.0,11,11,2,0.9538028657841242,False
22524,2478.24,1,2478.24,3.0,209,209,2,0.9859214603912454,False
22525,574.98,1,574.98,2.0,255,255,2,0.9391457094159796,False
22527,75.48,1,75.48,2.0,285,285,2,0.0,False
22529,23.78,1,23.78,2.0,143,143,1,0.0,False
22532,4.99,1,4.99,1.0,27,27,1,0.0,False
22533,29.48,1,29.48,2.0,33,33,2,0.0,False
22534,25.48,1,25.48,2.0,11,11,1,0.0,False
22536,1775.47,1,1775.47,3.0,43,43,2,0.958050544362901,False
22537,13.98,1,13.98,2.0,16,16,2,0.0,False
22540,29.48,1,29.48,2.0,250,250,2,0.0,False
22542,23.78,1,23.78,2.0,67,67,1,0.0,False
22543,562.96,1,562.96,4.0,285,285,3,0.9591978115674292,False
22544,127.28,1,127.28,3.0,329,329,1,0.0,False
22546,29.99,1,29.99,1.0,131,131,1,0.0,False
22549,34.98,1,34.98,2.0,303,303,1,0.0,False
22553,48.97,1,48.97,3.0,177,177,2,0.0,False
22556,60.47,1,60.47,3.0,170,170,1,0.0,False
22561,25.48,1,25.48,2.0,158,158,1,0.0,False
22562,30.48,1,30.48,2.0,291,291,2,0.0,False
22563,12.98,1,12.98,2.0,95,95,2,0.0,False
22564,58.98,1,58.98,2.0,89,89,2,0.0,False
22566,1700.99,1,1700.99,1.0,34,34,1,1.0,False
22570,1735.98,1,1735.98,2.0,59,59,2,0.9798442378368414,False
22572,2997.3199999999997,2,1498.6599999999999,2.0,184,584,2,0.9953358333444545,True
22573,2721.5525,2,1360.77625,1.0,204,587,1,1.0,True
22580,3051.31,2,1525.655,2.5,210,607,3,0.9777243216847847,True
22582,2756.5425,2,1378.27125,1.5,170,603,2,0.9873065624781769,True
22583,2821.5125,2,1410.75625,3.0,170,594,3,0.9645721931056485,True
22585,553.97,1,553.97,3.0,216,216,2,0.9747639763886131,False
22589,4.99,1,4.99,1.0,125,125,1,0.0,False
22591,567.76,1,567.76,4.0,221,221,2,0.9510884880935607,False
22594,1709.98,1,1709.98,2.0,56,56,2,0.9947426285687552,False
22596,1750.98,1,1750.98,2.0,59,59,2,0.9714502735610915,False
22598,597.95,1,597.95,5.0,218,218,3,0.9030688184630822,False
22599,1700.99,1,1700.99,1.0,49,49,1,1.0,False
22601,565.47,1,565.47,3.0,130,130,2,0.9549401382920403,False
22604,1735.98,1,1735.98,2.0,18,18,2,0.9798442378368414,False
22606,588.96,1,588.96,4.0,238,238,2,0.9168534365661505,False
22607,609.45,1,609.45,5.0,200,200,3,0.8860283862498974,False
22608,1744.97,1,1744.97,3.0,13,13,3,0.9747961283002,False
22610,574.98,1,574.98,2.0,209,209,2,0.9391457094159796,False
22615,539.99,1,539.99,1.0,194,194,1,1.0,False
22616,1735.98,1,1735.98,2.0,32,32,2,0.9798442378368414,False
22618,1700.99,1,1700.99,1.0,24,24,1,1.0,False
22622,58.98,1,58.98,2.0,125,125,2,0.0,False
22625,77.96,1,77.96,4.0,308,308,2,0.0,False
22629,59.98,1,59.98,2.0,207,207,1,0.0,False
22630,1164.47,1,1164.47,3.0,345,345,3,0.9622317449139952,False
22631,1149.47,1,1149.47,3.0,358,358,2,0.9747883807319895,False
22633,564.99,1,564.99,1.0,236,236,1,1.0,False
22635,1728.27,1,1728.27,3.0,20,20,2,0.9842154293021346,False
22637,1714.97,1,1714.97,3.0,25,25,2,0.9918482539053162,False
22639,1155.48,1,1155.48,2.0,313,313,2,0.9697182123446533,False
22641,588.96,1,588.96,4.0,103,103,2,0.9168534365661505,False
22642,1198.97,1,1198.97,3.0,319,319,2,0.9345438167760661,False
22643,1120.49,1,1120.49,1.0,311,311,1,1.0,False
22644,603.49,1,603.49,2.0,190,190,2,0.8947787038724752,False
22647,2563.35,1,2563.35,2.0,123,123,2,0.9531862601673591,False
22649,588.96,1,588.96,4.0,101,101,2,0.9168534365661505,False
22653,1188.46,1,1188.46,4.0,322,322,3,0.9428083402049711,False
22656,1169.46,1,1169.46,4.0,283,283,2,0.9581259726711473,False
22657,39.98,1,39.98,2.0,113,113,1,0.0,False
22661,68.97,1,68.97,3.0,60,60,1,0.0,False
22664,2511.32,1,2511.32,4.0,83,83,3,0.9729345523469731,False
22665,586.97,1,586.97,2.0,228,228,2,0.9625534524762764,False
22667,1170.48,1,1170.48,2.0,361,361,2,0.9572910259039027,False
22668,1174.48,1,1174.48,2.0,348,348,2,0.9540307199782031,False
22672,29.48,1,29.48,2.0,182,182,2,0.0,False
22673,608.96,1,608.96,4.0,107,107,2,0.8867413294797688,False
22675,628.97,1,628.97,4.0,106,106,3,0.8585306135427763,False
22677,12.98,1,12.98,2.0,48,48,2,0.0,False
22678,653.97,1,653.97,3.0,167,167,3,0.8639387127849901,False
22679,611.96,1,611.96,3.0,121,121,3,0.8823942741355644,False
22681,131.95,1,131.95,5.0,203,203,2,0.0,False
22683,58.47,1,58.47,3.0,226,226,2,0.0,False
22684,548.98,1,548.98,2.0,33,33,2,0.9836241757441072,False
22685,600.46,1,600.46,4.0,158,158,2,0.8992938746960664,False
22686,1243.44,1,1243.44,6.0,294,294,3,0.9011210834459242,False
22687,1155.48,1,1155.48,2.0,366,366,2,0.9697182123446533,True
22689,548.98,1,548.98,2.0,76,76,2,0.9836241757441072,False
22690,2523.92,1,2523.92,5.0,66,66,3,0.9680774351009543,False
22692,2481.82,1,2481.82,4.0,45,45,3,0.9844992787551073,False
22694,574.98,1,574.98,2.0,176,176,2,0.9391457094159796,False
22698,68.97,1,68.97,3.0,261,261,1,0.0,False
22699,162.99,1,162.99,2.0,37,37,1,0.0,False
22701,57.98,1,57.98,2.0,179,179,2,0.0,False
22707,62.97,1,62.97,3.0,141,141,2,0.0,False
22708,88.97,1,88.97,3.0,111,111,1,0.0,False
22709,28.99,1,28.99,1.0,108,108,1,0.0,False
22711,588.96,1,588.96,4.0,166,166,2,0.9168534365661505,False
22712,574.98,1,574.98,2.0,71,71,2,0.9391457094159796,False
22715,85.48,1,85.48,2.0,228,228,2,0.0,False
22721,37.27,1,37.27,3.0,145,145,1,0.0,False
22724,69.97,1,69.97,3.0,155,155,1,0.0,False
22726,29.99,1,29.99,1.0,2,2,1,0.0,False
22728,149.93,1,149.93,3.0,309,309,1,0.0,False
22729,69.97,1,69.97,3.0,268,268,1,0.0,False
22730,4.99,1,4.99,1.0,119,119,1,0.0,False
22731,69.97,1,69.97,3.0,174,174,1,0.0,False
22732,4133.24,2,2066.62,2.0,25,943,2,0.9963757246131365,True
22735,34.98,1,34.98,2.0,242,242,1,0.0,False
22737,165.22,1,165.22,5.0,200,200,1,0.0,False
22738,119.96,1,119.96,4.0,75,75,2,0.0,False
22739,7.28,1,7.28,2.0,320,320,1,0.0,False
22740,29.99,1,29.99,1.0,53,53,1,0.0,False
22742,71.94,1,71.94,5.0,301,301,1,0.0,False
22743,65.95,1,65.95,4.0,304,304,2,0.0,False
22744,54.21,1,54.21,5.0,91,91,2,0.0,False
22745,588.96,1,588.96,4.0,296,296,2,0.9168534365661505,False
22746,40.23,1,40.23,3.0,166,166,1,0.0,False
22748,4188.24,2,2094.12,2.0,3,909,2,0.9892604053253874,True
22749,600.46,1,600.46,4.0,172,172,2,0.8992938746960664,False
22752,32.28,1,32.28,2.0,226,226,1,0.0,False
22753,724.47,1,724.47,4.0,154,154,2,0.7453586759976258,False
22754,193.98,1,193.98,3.0,109,109,1,0.0,False
22756,69.97,1,69.97,3.0,243,243,1,0.0,False
22758,562.96,1,562.96,4.0,270,270,3,0.9591978115674292,False
22761,69.97,1,69.97,3.0,103,103,1,0.0,False
22762,94.46,1,94.46,4.0,93,93,2,0.0,False
22773,215.96,1,215.96,4.0,62,62,1,0.0,False
22775,37.27,1,37.27,3.0,180,180,1,0.0,False
22776,69.97,1,69.97,3.0,214,214,1,0.0,False
22778,722.77,1,722.77,4.0,250,250,2,0.7471118059687037,False
22783,69.97,1,69.97,3.0,112,112,1,0.0,False
22786,37.27,1,37.27,3.0,58,58,1,0.0,False
22787,620.46,1,620.46,4.0,178,178,2,0.8703059020726558,False
22790,574.98,1,574.98,2.0,158,158,2,0.9391457094159796,False
22791,600.46,1,600.46,4.0,251,251,2,0.8992938746960664,False
22792,69.97,1,69.97,3.0,143,143,1,0.0,False
22793,69.97,1,69.97,3.0,97,97,1,0.0,False
22794,27.28,1,27.28,2.0,301,301,1,0.0,False
22795,67.97,1,67.97,3.0,312,312,2,0.0,False
22796,48.97,1,48.97,3.0,228,228,2,0.0,False
22798,24.99,1,24.99,1.0,237,237,1,0.0,False
22801,4.99,1,4.99,1.0,108,108,1,0.0,False
22803,2364.98,1,2364.98,3.0,10,10,2,0.9704056693925531,False
22804,53.98,1,53.98,2.0,268,268,2,0.0,False
22805,3.99,1,3.99,1.0,24,24,1,0.0,False
22808,2478.34,1,2478.34,2.0,345,345,2,0.9858816788656924,False
22812,32.28,1,32.28,2.0,138,138,1,0.0,False
22814,4.99,1,4.99,1.0,281,281,1,0.0,False
22815,12.98,1,12.98,2.0,124,124,2,0.0,False
22816,2340.94,1,2340.94,5.0,17,17,3,0.9803711329636815,False
22818,56.96,1,56.96,3.0,335,335,1,0.0,False
22819,69.97,1,69.97,3.0,136,136,1,0.0,False
22821,38.98,1,38.98,2.0,206,206,1,0.0,False
22824,2304.98,1,2304.98,2.0,16,16,2,0.9956659059948461,False
22826,34.98,1,34.98,2.0,290,290,1,0.0,False
22831,39.98,1,39.98,2.0,243,243,1,0.0,False
22832,13.98,1,13.98,2.0,292,292,2,0.0,False
22833,29.48,1,29.48,2.0,68,68,2,0.0,False
22835,38.98,1,38.98,2.0,291,291,1,0.0,False
22838,29.99,1,29.99,1.0,165,165,1,0.0,False
22841,35.0,1,35.0,1.0,300,300,1,0.0,False
22842,86.46,1,86.46,4.0,196,196,2,0.0,False
22843,48.98,1,48.98,3.0,262,262,2,0.0,False
22845,4633.9025,2,2316.95125,1.5,4,600,2,0.9980599505492401,True
22846,74.98,1,74.98,3.0,334,334,1,0.0,False
22849,50.23,1,50.23,4.0,21,21,1,0.0,False
22850,4657.5125,2,2328.75625,1.5,12,586,2,0.9930005555540644,True
22852,39.99,1,39.99,2.0,40,40,1,0.0,False
22853,39.99,1,39.99,2.0,217,217,1,0.0,False
22855,70.96,1,70.96,4.0,32,32,2,0.0,False
22856,4.99,1,4.99,1.0,158,158,1,0.0,False
22859,4.99,1,4.99,1.0,168,168,1,0.0,False
22860,4663.7925,2,2331.89625,2.5,5,585,2,0.991663436998966,True
22862,539.99,1,539.99,1.0,155,155,1,1.0,False
22864,571.72,1,571.72,4.0,160,160,2,0.9445008045896592,False
22867,38.98,1,38.98,2.0,152,152,1,0.0,False
22868,33.98,1,33.98,2.0,17,17,1,0.0,False
22869,39.98,1,39.98,2.0,102,102,1,0.0,False
22871,561.48,1,561.48,2.0,159,159,2,0.9617261523117475,False
22872,539.99,1,539.99,1.0,165,165,1,1.0,False
22875,556.26,1,556.26,4.0,261,261,2,0.9707510876208967,False
22877,5962.34,2,2981.17,1.0,81,884,1,1.0,True
22878,553.97,1,553.97,3.0,265,265,2,0.9747639763886131,False
22879,562.96,1,562.96,4.0,260,260,3,0.9591978115674292,False
22880,548.98,1,548.98,2.0,247,247,2,0.9836241757441072,False
22882,101.45,1,101.45,4.0,126,126,2,0.0,False
22886,599.47,1,599.47,3.0,258,258,3,0.9007790214689643,False
22888,539.99,1,539.99,1.0,248,248,1,1.0,False
22889,5971.33,2,2985.665,1.5,35,894,2,0.9984944727556508,True
22890,69.97,1,69.97,3.0,51,51,1,0.0,False
22891,69.97,1,69.97,3.0,232,232,1,0.0,False
22892,561.48,1,561.48,2.0,127,127,2,0.9617261523117475,False
22895,6029.57,2,3014.785,1.5,336,903,2,0.9986814980172716,True
22896,600.46,1,600.46,4.0,273,273,2,0.8992938746960664,False
22897,561.92,1,561.92,4.0,236,236,2,0.9609730922551252,False
22898,539.99,1,539.99,1.0,242,242,1,1.0,False
22899,600.46,1,600.46,4.0,244,244,2,0.8992938746960664,False
22900,539.99,1,539.99,1.0,228,228,1,1.0,False
22901,5971.33,2,2985.665,1.5,54,902,2,0.9984944727556508,True
22902,32.28,1,32.28,2.0,100,100,1,0.0,False
22903,6054.219999999999,2,3027.1099999999997,1.5,245,890,2,0.9946153261691844,True
22906,4624.9125,2,2312.45625,1.0,30,565,1,1.0,True
22915,13.98,1,13.98,2.0,186,186,2,0.0,False
22916,58.98,1,58.98,2.0,111,111,2,0.0,False
22918,4.99,1,4.99,1.0,85,85,1,0.0,False
22919,58.98,1,58.98,2.0,140,140,2,0.0,False
22921,4647.8825,2,2323.94125,2.5,6,567,3,0.9950579645677361,True
22922,68.97,1,68.97,3.0,156,156,2,0.0,False
22923,21.98,1,21.98,1.0,2,2,1,0.0,False
22924,90.95,1,90.95,4.0,322,322,2,0.0,False
22925,134.93,1,134.93,6.0,118,118,2,0.0,False
22928,58.98,1,58.98,2.0,200,200,2,0.0,False
22930,4900.68,2,2450.34,2.0,3,550,2,0.9971473346555989,True
22932,4169.33,2,2084.665,1.5,350,578,2,0.9940062312170062,True
22934,4173.32,2,2086.66,2.0,19,560,2,0.9930558883574709,True
22938,4173.32,2,2086.66,2.0,19,556,2,0.9930558883574709,True
22940,4207.32,2,2103.66,2.0,359,579,2,0.9850308509930313,True
22941,58.98,1,58.98,2.0,179,179,2,0.0,False
22942,3971.5325000000003,2,1985.7662500000001,2.0,28,573,3,0.9775955503322711,True
22944,64.47,1,64.47,3.0,237,237,2,0.0,False
22947,75.97,1,75.97,2.0,302,302,2,0.0,False
22948,39.98,1,39.98,2.0,243,243,1,0.0,False
22952,39.98,1,39.98,2.0,310,310,1,0.0,False
22957,39.98,1,39.98,2.0,141,141,1,0.0,False
22960,4.99,1,4.99,1.0,103,103,1,0.0,False
22962,39.98,1,39.98,2.0,214,214,1,0.0,False
22964,123.98,1,123.98,2.0,217,217,1,0.0,False
22965,7.28,1,7.28,2.0,100,100,1,0.0,False
22966,3917.5425,2,1958.77125,1.5,256,553,2,0.9910683802409291,True
22967,69.97,1,69.97,3.0,128,128,1,0.0,False
22968,32.28,1,32.28,2.0,219,219,1,0.0,False
22970,78.96,1,78.96,4.0,318,318,2,0.0,False
22971,3578.27,1,3578.27,1.0,905,905,1,1.0,True
22977,69.97,1,69.97,3.0,217,217,1,0.0,False
22981,91.95,1,91.95,4.0,18,18,1,0.0,False
22983,7.28,1,7.28,2.0,162,162,1,0.0,False
22984,34.98,1,34.98,2.0,10,10,1,0.0,False
22986,2756.5425,2,1378.27125,1.5,167,557,2,0.9873065624781769,True
22987,3942.0325000000003,2,1971.0162500000001,2.0,25,575,3,0.9849113369816206,True
22991,34.98,1,34.98,2.0,210,210,1,0.0,False
22994,539.99,1,539.99,1.0,126,126,1,1.0,False
22995,6060.5,2,3030.25,2.5,184,857,2,0.9935846877320353,True
22996,6035.6,2,3017.8,2.0,189,878,2,0.9976837431241302,True
22997,607.96,1,607.96,4.0,134,134,3,0.8881998815711559,False
22998,5329.25,2,2664.625,1.5,367,856,2,0.9906196932026083,True
22999,553.97,1,553.97,3.0,151,151,2,0.9747639763886131,False
23007,14.98,1,14.98,2.0,268,268,1,0.0,False
23008,59.98,1,59.98,2.0,228,228,1,0.0,False
23009,7.28,1,7.28,2.0,24,24,1,0.0,False
23010,64.47,1,64.47,3.0,61,61,2,0.0,False
23014,13.98,1,13.98,2.0,144,144,2,0.0,False
23015,563.77,1,563.77,3.0,139,139,2,0.9578196782375792,False
23016,561.48,1,561.48,2.0,147,147,2,0.9617261523117475,False
23021,564.48,1,564.48,2.0,138,138,2,0.9566149376417233,False
23023,32.28,1,32.28,2.0,280,280,1,0.0,False
23026,603.49,1,603.49,2.0,132,132,2,0.8947787038724752,False
23030,29.99,1,29.99,1.0,122,122,1,0.0,False
23031,69.97,1,69.97,3.0,136,136,1,0.0,False
23032,548.98,1,548.98,2.0,134,134,2,0.9836241757441072,False
23034,539.99,1,539.99,1.0,131,131,1,1.0,False
23035,561.92,1,561.92,4.0,138,138,2,0.9609730922551252,False
23036,624.95,1,624.95,5.0,136,136,3,0.86405312424994,False
23039,561.48,1,561.48,2.0,228,228,2,0.9617261523117475,False
23040,565.47,1,565.47,3.0,220,220,2,0.9549401382920403,False
23041,561.48,1,561.48,2.0,141,141,2,0.9617261523117475,False
23042,589.96,1,589.96,4.0,140,140,3,0.9152993423282934,False
23043,29.99,1,29.99,1.0,10,10,1,0.0,False
23044,37.27,1,37.27,3.0,265,265,1,0.0,False
23046,37.27,1,37.27,3.0,317,317,1,0.0,False
23048,51.46,1,51.46,3.0,243,243,2,0.0,False
23049,34.98,1,34.98,2.0,303,303,1,0.0,False
23050,69.97,1,69.97,3.0,329,329,1,0.0,False
23053,69.97,1,69.97,3.0,63,63,1,0.0,False
23055,69.97,1,69.97,3.0,132,132,1,0.0,False
23057,6021.82,2,3010.91,2.0,8,880,3,0.9901225875233735,True
23060,126.93,1,126.93,6.0,213,213,1,0.0,False
23061,29.99,1,29.99,1.0,295,295,1,0.0,False
23062,119.96,1,119.96,4.0,78,78,2,0.0,False
23063,37.27,1,37.27,3.0,14,14,1,0.0,False
23064,29.99,1,29.99,1.0,263,263,1,0.0,False
23065,69.97,1,69.97,3.0,189,189,1,0.0,False
23070,4.99,1,4.99,1.0,330,330,1,0.0,False
23074,6021.82,2,3010.91,2.0,24,865,3,0.9901225875233735,True
23075,563.77,1,563.77,3.0,239,239,2,0.9578196782375792,False
23076,29.99,1,29.99,1.0,5,5,1,0.0,False
23077,7.28,1,7.28,2.0,282,282,1,0.0,False
23080,548.98,1,548.98,2.0,228,228,2,0.9836241757441072,False
23082,603.49,1,603.49,2.0,145,145,2,0.8947787038724752,False
23083,49.9,1,49.9,5.0,148,148,1,0.0,False
23084,39.98,1,39.98,2.0,194,194,1,0.0,False
23087,39.98,1,39.98,2.0,124,124,1,0.0,False
23090,37.27,1,37.27,3.0,130,130,1,0.0,False
23096,7.28,1,7.28,2.0,245,245,1,0.0,False
23097,2770.5225,2,1385.26125,2.5,153,562,2,0.9823246337107895,True
23099,2983.34,2,1491.67,1.0,169,550,1,1.0,True
23101,2795.0125,2,1397.50625,3.0,165,562,3,0.9737174699576481,True
23103,85.48,1,85.48,2.0,227,227,2,0.0,False
23105,3361.5325000000003,2,1680.7662500000001,2.0,363,573,3,0.9823056894437285,True
23108,32.28,1,32.28,2.0,138,138,1,0.0,False
23110,539.99,1,539.99,1.0,218,218,1,1.0,False
23112,561.48,1,561.48,2.0,235,235,2,0.9617261523117475,False
23113,5997.33,2,2998.665,1.5,27,864,2,0.9941657370863368,True
23115,34.98,1,34.98,2.0,303,303,1,0.0,False
23117,3931.5225,2,1965.76125,2.5,254,533,2,0.9875442656121135,True
23119,3945.5325000000003,2,1972.7662500000001,2.0,218,519,2,0.9840376425742281,True
23122,13.98,1,13.98,2.0,153,153,2,0.0,False
23123,39.98,1,39.98,2.0,57,57,1,0.0,False
23126,45.22,1,45.22,4.0,20,20,1,0.0,False
23128,39.98,1,39.98,2.0,186,186,1,0.0,False
23130,32.28,1,32.28,2.0,317,317,1,0.0,False
23133,69.97,1,69.97,3.0,121,121,1,0.0,False
23137,5314.25,2,2657.125,1.5,281,872,2,0.9934158159665052,True
23141,603.49,1,603.49,2.0,108,108,2,0.8947787038724752,False
23142,556.93,1,556.93,3.0,108,108,2,0.9695832510369345,False
23143,563.77,1,563.77,3.0,201,201,2,0.9578196782375792,False
23144,548.98,1,548.98,2.0,208,208,2,0.9836241757441072,False
23145,574.98,1,574.98,2.0,187,187,2,0.9391457094159796,False
23146,603.49,1,603.49,2.0,98,98,2,0.8947787038724752,False
23149,32.28,1,32.28,2.0,122,122,1,0.0,False
23150,49.22,1,49.22,4.0,24,24,2,0.0,False
23151,607.96,1,607.96,4.0,194,194,3,0.8881998815711559,False
23152,37.27,1,37.27,3.0,54,54,1,0.0,False
23153,34.98,1,34.98,2.0,284,284,1,0.0,False
23155,608.96,1,608.96,4.0,203,203,2,0.8867413294797688,False
23156,616.95,1,616.95,5.0,187,187,3,0.8752573142069859,False
23157,69.97,1,69.97,3.0,137,137,1,0.0,False
23159,562.96,1,562.96,4.0,97,97,3,0.9591978115674292,False
23162,563.77,1,563.77,3.0,108,108,2,0.9578196782375792,False
23163,600.46,1,600.46,4.0,104,104,2,0.8992938746960664,False
23165,548.98,1,548.98,2.0,200,200,2,0.9836241757441072,False
23166,556.93,1,556.93,3.0,195,195,2,0.9695832510369345,False
23167,539.99,1,539.99,1.0,99,99,1,1.0,False
23169,685.47,1,685.47,4.0,99,99,2,0.787766058324945,False
23171,123.96,1,123.96,4.0,237,237,2,0.0,False
23173,588.96,1,588.96,4.0,212,212,2,0.9168534365661505,False
23175,570.47,1,570.47,3.0,116,116,3,0.9465703717986923,False
23176,539.99,1,539.99,1.0,184,184,1,1.0,False
23181,588.96,1,588.96,4.0,164,164,2,0.9168534365661505,False
23184,45.22,1,45.22,4.0,216,216,1,0.0,False
23186,548.98,1,548.98,2.0,93,93,2,0.9836241757441072,False
23189,600.46,1,600.46,4.0,120,120,2,0.8992938746960664,False
23192,32.28,1,32.28,2.0,116,116,1,0.0,False
23193,32.28,1,32.28,2.0,188,188,1,0.0,False
23195,638.95,1,638.95,5.0,169,169,3,0.8451209014789889,False
23197,38.98,1,38.98,2.0,153,153,2,0.0,False
23198,34.98,1,34.98,2.0,273,273,1,0.0,False
23201,29.99,1,29.99,1.0,139,139,1,0.0,False
23202,32.28,1,32.28,2.0,56,56,1,0.0,False
23203,69.97,1,69.97,3.0,67,67,1,0.0,False
23204,562.96,1,562.96,4.0,156,156,3,0.9591978115674292,False
23206,69.97,1,69.97,3.0,148,148,1,0.0,False
23210,553.97,1,553.97,3.0,69,69,2,0.9747639763886131,False
23211,583.97,1,583.97,3.0,78,78,3,0.9246879120502766,False
23212,29.99,1,29.99,1.0,37,37,1,0.0,False
23213,617.47,1,617.47,4.0,69,69,3,0.8745202196058108,False
23215,49.96,1,49.96,4.0,98,98,1,0.0,False
23216,613.45,1,613.45,5.0,155,155,3,0.8802510392044991,False
23219,39.98,1,39.98,2.0,250,250,1,0.0,False
23222,574.98,1,574.98,2.0,92,92,2,0.9391457094159796,False
23224,1183.47,1,1183.47,3.0,331,331,2,0.9467836109069093,False
23225,1184.46,1,1184.46,4.0,325,325,2,0.9459922665180758,False
23227,597.95,1,597.95,5.0,91,91,3,0.9030688184630822,False
23230,1155.48,1,1155.48,2.0,278,278,2,0.9697182123446533,False
23231,597.95,1,597.95,5.0,82,82,3,0.9030688184630822,False
23232,1120.49,1,1120.49,1.0,268,268,1,1.0,False
23233,639.95,1,639.95,5.0,4,4,3,0.8438002968981951,False
23234,2478.34,1,2478.34,2.0,365,365,2,0.9858816788656924,False
23235,39.98,1,39.98,2.0,329,329,1,0.0,False
23237,68.97,1,68.97,3.0,311,311,1,0.0,False
23238,617.47,1,617.47,4.0,175,175,3,0.8745202196058108,False
23240,69.97,1,69.97,3.0,95,95,1,0.0,False
23244,39.98,1,39.98,2.0,231,231,1,0.0,False
23245,39.98,1,39.98,2.0,191,191,1,0.0,False
23247,110.95,1,110.95,4.0,49,49,2,0.0,False
23251,44.98,1,44.98,2.0,288,288,1,0.0,False
23252,14.98,1,14.98,2.0,316,316,1,0.0,False
23253,39.98,1,39.98,2.0,174,174,1,0.0,False
23255,39.98,1,39.98,2.0,311,311,1,0.0,False
23259,49.97,1,49.97,3.0,50,50,1,0.0,False
23262,49.97,1,49.97,3.0,78,78,1,0.0,False
23263,23.97,1,23.97,3.0,137,137,2,0.0,False
23265,562.96,1,562.96,4.0,179,179,3,0.9591978115674292,False
23267,4862.09,2,2431.045,2.5,286,859,2,0.9858147422199097,True
23268,567.76,1,567.76,4.0,162,162,2,0.9510884880935607,False
23269,574.98,1,574.98,2.0,156,156,2,0.9391457094159796,False
23270,617.47,1,617.47,4.0,150,150,3,0.8745202196058108,False
23271,49.97,1,49.97,3.0,144,144,1,0.0,False
23272,39.47,1,39.47,3.0,283,283,2,0.0,False
23274,49.97,1,49.97,3.0,306,306,1,0.0,False
23276,2393.06,1,2393.06,2.0,172,172,2,0.9962433035527736,False
23277,22.93,1,22.93,3.0,329,329,1,0.0,False
23278,9.99,1,9.99,1.0,199,199,1,0.0,False
23279,124.99,1,124.99,2.0,63,63,1,0.0,False
23280,14.98,1,14.98,2.0,237,237,1,0.0,False
23282,37.27,1,37.27,3.0,243,243,1,0.0,False
23287,608.96,1,608.96,4.0,151,151,2,0.8867413294797688,False
23288,38.98,1,38.98,2.0,150,150,2,0.0,False
23289,34.98,1,34.98,2.0,320,320,1,0.0,False
23293,152.28,1,152.28,3.0,120,120,1,0.0,False
23298,69.97,1,69.97,3.0,105,105,1,0.0,False
23300,133.47,1,133.47,4.0,256,256,2,0.0,False
23301,56.96,1,56.96,3.0,14,14,1,0.0,False
23305,7.28,1,7.28,2.0,240,240,1,0.0,False
23307,67.93,1,67.93,3.0,233,233,1,0.0,False
23308,4.99,1,4.99,1.0,22,22,1,0.0,False
23309,59.98,1,59.98,2.0,294,294,1,0.0,False
23310,3333.3225,2,1666.66125,2.5,357,528,2,0.9906189695116511,True
23312,13.98,1,13.98,2.0,115,115,2,0.0,False
23314,2744.5225,2,1372.26125,2.5,166,539,3,0.9916306024089803,True
23316,2835.0225,2,1417.51125,2.5,154,539,3,0.9599756262957351,True
23317,39.98,1,39.98,2.0,101,101,1,0.0,False
23320,2730.5425,2,1365.27125,1.5,173,527,2,0.9967076139631594,True
23321,3060.8199999999997,2,1530.4099999999999,2.5,168,518,3,0.9746865219124289,True
23322,3042.8199999999997,2,1521.4099999999999,2.0,155,526,3,0.9804523435497337,True
23326,561.48,1,561.48,2.0,134,134,2,0.9617261523117475,False
23330,31.97,1,31.97,2.0,198,198,1,0.0,False
23334,553.97,1,553.97,3.0,152,152,2,0.9747639763886131,False
23336,32.28,1,32.28,2.0,293,293,1,0.0,False
23338,567.76,1,567.76,4.0,135,135,2,0.9510884880935607,False
23339,574.98,1,574.98,2.0,143,143,2,0.9391457094159796,False
23342,556.26,1,556.26,4.0,83,83,2,0.9707510876208967,False
23343,3936.5425,2,1968.27125,1.5,208,518,2,0.9862849188088278,True
23344,3882.5525,2,1941.27625,1.0,208,546,1,1.0,True
23348,4167.3099999999995,2,2083.6549999999997,2.5,184,526,3,0.9944880510449188,True
23351,4828.11,2,2414.055,1.5,228,846,2,0.9927528577435063,True
23352,539.99,1,539.99,1.0,135,135,1,1.0,False
23354,69.97,1,69.97,3.0,305,305,1,0.0,False
23357,98.48,1,98.48,3.0,259,259,2,0.0,False
23358,561.92,1,561.92,4.0,136,136,2,0.9609730922551252,False
23359,539.99,1,539.99,1.0,82,82,1,1.0,False
23365,539.99,1,539.99,1.0,115,115,1,1.0,False
23367,69.97,1,69.97,3.0,197,197,1,0.0,False
23373,561.48,1,561.48,2.0,99,99,2,0.9617261523117475,False
23374,588.96,1,588.96,4.0,79,79,2,0.9168534365661505,False
23379,14.98,1,14.98,2.0,217,217,1,0.0,False
23380,69.97,1,69.97,3.0,279,279,1,0.0,False
23385,4829.389999999999,2,2414.6949999999997,2.5,233,849,2,0.9924897347284026,True
23387,93.96,1,93.96,4.0,204,204,2,0.0,False
23389,37.27,1,37.27,3.0,245,245,1,0.0,False
23391,613.45,1,613.45,5.0,100,100,3,0.8802510392044991,False
23392,553.97,1,553.97,3.0,123,123,2,0.9747639763886131,False
23393,615.47,1,615.47,3.0,116,116,3,0.8773620160202772,False
23394,539.99,1,539.99,1.0,113,113,1,1.0,False
23395,553.97,1,553.97,3.0,108,108,2,0.9747639763886131,False
23396,4891.61,2,2445.805,2.0,224,794,3,0.9798655248476473,True
23397,4828.11,2,2414.055,1.5,197,812,2,0.9927528577435063,True
23399,561.48,1,561.48,2.0,123,123,2,0.9617261523117475,False
23400,29.99,1,29.99,1.0,14,14,1,0.0,False
23401,39.98,1,39.98,2.0,109,109,1,0.0,False
23402,29.99,1,29.99,1.0,308,308,1,0.0,False
23403,553.97,1,553.97,3.0,100,100,2,0.9747639763886131,False
23404,624.97,1,624.97,3.0,101,101,3,0.8640254732227146,False
23405,69.97,1,69.97,3.0,285,285,1,0.0,False
23406,29.99,1,29.99,1.0,317,317,1,0.0,False
23407,561.48,1,561.48,2.0,72,72,2,0.9617261523117475,False
23410,4016.5325000000003,2,2008.2662500000001,2.5,207,525,2,0.966642869191274,True
23411,3577.8199999999997,2,1788.9099999999999,2.0,333,547,2,0.9960925926961112,True
23413,3617.83,2,1808.915,1.5,306,529,2,0.9850766896178096,True
23415,3588.83,2,1794.415,1.5,281,547,2,0.9930367278472372,True
23416,3598.83,2,1799.415,1.5,304,522,2,0.9902773957091611,True
23417,3337.0425,2,1668.52125,1.5,277,528,2,0.9895146675536797,True
23418,3400.0225,2,1700.01125,2.5,290,544,3,0.971185484801939,True
23419,39.98,1,39.98,2.0,62,62,1,0.0,False
23421,4208.3099999999995,2,2104.1549999999997,2.5,156,545,2,0.9847991236387055,True
23422,3911.5325000000003,2,1955.7662500000001,2.0,162,496,2,0.9925911391507038,True
23425,3951.5225,2,1975.76125,2.5,173,494,2,0.9825459680414322,True
23427,4.99,1,4.99,1.0,26,26,1,0.0,False
23428,39.98,1,39.98,2.0,150,150,1,0.0,False
23434,3882.5525,2,1941.27625,1.0,164,498,1,1.0,True
23436,3950.5225,2,1975.26125,2.5,175,506,3,0.9827946809567597,True
23437,4.99,1,4.99,1.0,79,79,1,0.0,False
23440,33.98,1,33.98,2.0,163,163,1,0.0,False
23441,88.97,1,88.97,3.0,208,208,1,0.0,False
23443,722.77,1,722.77,4.0,73,73,2,0.7471118059687037,False
23445,28.99,1,28.99,1.0,108,108,1,0.0,False
23448,32.28,1,32.28,2.0,44,44,1,0.0,False
23449,7.28,1,7.28,2.0,320,320,1,0.0,False
23451,34.98,1,34.98,2.0,250,250,1,0.0,False
23452,32.28,1,32.28,2.0,329,329,1,0.0,False
23453,632.45,1,632.45,5.0,82,82,3,0.8538066250296465,False
23454,567.76,1,567.76,4.0,87,87,2,0.9510884880935607,False
23458,41.95,1,41.95,4.0,142,142,1,0.0,False
23460,649.46,1,649.46,4.0,68,68,3,0.8314445847319311,False
23462,567.76,1,567.76,4.0,73,73,2,0.9510884880935607,False
23464,29.99,1,29.99,1.0,46,46,1,0.0,False
23468,69.97,1,69.97,3.0,6,6,1,0.0,False
23470,106.93,1,106.93,6.0,223,223,1,0.0,False
23471,600.46,1,600.46,4.0,73,73,2,0.8992938746960664,False
23473,132.95,1,132.95,5.0,305,305,2,0.0,False
23476,4.99,1,4.99,1.0,154,154,1,0.0,False
23477,69.97,1,69.97,3.0,31,31,1,0.0,False
23480,539.99,1,539.99,1.0,40,40,1,1.0,False
23483,32.28,1,32.28,2.0,190,190,1,0.0,False
23486,5343.23,2,2671.615,2.5,204,806,2,0.9880278408378455,True
23491,43.97,1,43.97,3.0,157,157,2,0.0,False
23492,588.96,1,588.96,4.0,46,46,2,0.9168534365661505,False
23494,89.97,1,89.97,3.0,13,13,2,0.0,False
23495,69.97,1,69.97,3.0,79,79,1,0.0,False
23496,69.97,1,69.97,3.0,264,264,1,0.0,False
23497,29.99,1,29.99,1.0,81,81,1,0.0,False
23499,539.99,1,539.99,1.0,40,40,1,1.0,False
23501,37.27,1,37.27,3.0,97,97,1,0.0,False
23504,32.28,1,32.28,2.0,216,216,1,0.0,False
23509,575.71,1,575.71,5.0,59,59,2,0.9379548731131994,False
23510,553.97,1,553.97,3.0,120,120,2,0.9747639763886131,False
23517,78.96,1,78.96,4.0,71,71,2,0.0,False
23520,548.98,1,548.98,2.0,98,98,2,0.9836241757441072,False
23523,3337.0425,2,1668.52125,1.5,302,501,2,0.9895146675536797,True
23524,3598.83,2,1799.415,1.5,294,511,2,0.9902773957091611,True
23525,3302.0525,2,1651.02625,1.0,281,496,1,1.0,True
23526,3563.84,2,1781.92,1.0,278,516,1,1.0,True
23527,56.97,1,56.97,2.0,213,213,1,0.0,False
23528,75.97,1,75.97,2.0,105,105,2,0.0,False
23532,3337.0425,2,1668.52125,1.5,293,513,2,0.9895146675536797,True
23533,3917.5425,2,1958.77125,1.5,163,505,2,0.9910683802409291,True
23535,4.99,1,4.99,1.0,139,139,1,0.0,False
23536,39.98,1,39.98,2.0,202,202,1,0.0,False
23538,4198.33,2,2099.165,1.5,166,495,2,0.9871401247638942,True
23539,4144.34,2,2072.17,1.0,149,500,1,1.0,True
23541,3337.0425,2,1668.52125,1.5,248,514,2,0.9895146675536797,True
23542,3337.0425,2,1668.52125,1.5,257,499,2,0.9895146675536797,True
23543,12.94,1,12.94,2.0,132,132,1,0.0,False
23544,3971.0125,2,1985.50625,3.0,133,491,3,0.9777235654634683,True
23546,3337.0425,2,1668.52125,1.5,251,498,2,0.9895146675536797,True
23547,3598.83,2,1799.415,1.5,245,500,2,0.9902773957091611,True
23554,4.99,1,4.99,1.0,179,179,1,0.0,False
23555,34.98,1,34.98,2.0,280,280,1,0.0,False
23556,29.99,1,29.99,1.0,336,336,1,0.0,False
23557,7.28,1,7.28,2.0,230,230,1,0.0,False
23558,34.98,1,34.98,2.0,79,79,1,0.0,False
23560,553.97,1,553.97,3.0,69,69,2,0.9747639763886131,False
23563,56.97,1,56.97,2.0,123,123,1,0.0,False
23566,3578.27,1,3578.27,1.0,818,818,1,1.0,True
23567,39.98,1,39.98,2.0,200,200,1,0.0,False
23571,3563.84,2,1781.92,1.0,275,501,1,1.0,True
23572,3617.83,2,1808.915,1.5,244,496,2,0.9850766896178096,True
23573,3337.0425,2,1668.52125,1.5,217,493,2,0.9895146675536797,True
23575,3302.0525,2,1651.02625,1.0,223,514,1,1.0,True
23576,39.98,1,39.98,2.0,223,223,1,0.0,False
23578,37.27,1,37.27,3.0,289,289,1,0.0,False
23580,69.97,1,69.97,3.0,308,308,1,0.0,False
23584,574.98,1,574.98,2.0,55,55,2,0.9391457094159796,False
23586,562.96,1,562.96,4.0,51,51,3,0.9591978115674292,False
23589,588.96,1,588.96,4.0,42,42,2,0.9168534365661505,False
23591,7.28,1,7.28,2.0,276,276,1,0.0,False
23593,3990.0125,2,1995.00625,3.0,149,512,3,0.9730677535471383,True
23594,29.99,1,29.99,1.0,186,186,1,0.0,False
23595,67.97,1,67.97,3.0,62,62,2,0.0,False
23598,32.28,1,32.28,2.0,111,111,1,0.0,False
23601,6.28,1,6.28,2.0,189,189,1,0.0,False
23607,2451.3,1,2451.3,2.0,350,350,2,0.9967568229102926,False
23612,2395.96,1,2395.96,3.0,18,18,3,0.968292458972604,False
23613,34.98,1,34.98,2.0,189,189,1,0.0,False
23619,806.76,1,806.76,4.0,105,105,2,0.9538028657841242,False
23622,572.26,1,572.26,4.0,192,192,2,0.9436095481075036,False
23625,78.96,1,78.96,4.0,74,74,2,0.0,False
23626,38.98,1,38.98,2.0,159,159,1,0.0,False
23627,38.98,1,38.98,2.0,113,113,1,0.0,False
23628,69.97,1,69.97,3.0,226,226,1,0.0,False
23629,2466.32,1,2466.32,4.0,326,326,3,0.9906865289175779,False
23630,2481.82,1,2481.82,4.0,319,319,3,0.9844992787551073,False
23633,38.98,1,38.98,2.0,36,36,1,0.0,False
23634,3.99,1,3.99,1.0,139,139,1,0.0,False
23635,2452.34,1,2452.34,2.0,329,329,2,0.9963341135405369,False
23636,2479.94,1,2479.94,3.0,311,311,2,0.9852456107809061,False
23638,29.99,1,29.99,1.0,97,97,1,0.0,False
23639,69.97,1,69.97,3.0,307,307,1,0.0,False
23640,3936.5425,2,1968.27125,1.5,151,511,2,0.9862849188088278,True
23644,39.98,1,39.98,2.0,86,86,1,0.0,False
23645,4198.33,2,2099.165,1.5,127,508,2,0.9871401247638942,True
23651,3917.5425,2,1958.77125,1.5,143,481,2,0.9910683802409291,True
23652,3907.5425,2,1953.77125,1.5,144,459,2,0.9936046760847771,True
23659,4179.33,2,2089.665,1.5,102,459,2,0.991627844654526,True
23660,3917.5425,2,1958.77125,1.5,109,478,2,0.9910683802409291,True
23663,3882.5525,2,1941.27625,1.0,85,472,1,1.0,True
23668,564.48,1,564.48,2.0,77,77,2,0.9566149376417233,False
23669,29.99,1,29.99,1.0,11,11,1,0.0,False
23670,42.93,1,42.93,3.0,335,335,1,0.0,False
23671,193.98,1,193.98,3.0,95,95,1,0.0,False
23673,4.99,1,4.99,1.0,224,224,1,0.0,False
23674,69.97,1,69.97,3.0,8,8,1,0.0,False
23675,29.99,1,29.99,1.0,102,102,1,0.0,False
23676,4.99,1,4.99,1.0,308,308,1,0.0,False
23677,29.99,1,29.99,1.0,68,68,1,0.0,False
23678,29.99,1,29.99,1.0,274,274,1,0.0,False
23683,553.97,1,553.97,3.0,90,90,2,0.9747639763886131,False
23685,29.99,1,29.99,1.0,117,117,1,0.0,False
23686,94.46,1,94.46,4.0,32,32,2,0.0,False
23692,42.93,1,42.93,3.0,173,173,1,0.0,False
23693,119.96,1,119.96,4.0,170,170,2,0.0,False
23694,69.97,1,69.97,3.0,183,183,1,0.0,False
23696,233.23,1,233.23,7.0,284,284,1,0.0,False
23697,69.97,1,69.97,3.0,260,260,1,0.0,False
23704,600.46,1,600.46,4.0,90,90,2,0.8992938746960664,False
23705,94.46,1,94.46,4.0,44,44,2,0.0,False
23707,565.47,1,565.47,3.0,41,41,2,0.9549401382920403,False
23709,548.98,1,548.98,2.0,32,32,2,0.9836241757441072,False
23710,29.99,1,29.99,1.0,136,136,1,0.0,False
23712,38.98,1,38.98,2.0,138,138,2,0.0,False
23714,44.54,1,44.54,3.0,299,299,1,0.0,False
23715,539.99,1,539.99,1.0,43,43,1,1.0,False
23717,29.99,1,29.99,1.0,218,218,1,0.0,False
23727,34.98,1,34.98,2.0,187,187,1,0.0,False
23730,4828.11,2,2414.055,1.5,179,807,2,0.9927528577435063,True
23731,4828.11,2,2414.055,1.5,179,807,2,0.9927528577435063,True
23732,74.45,1,74.45,5.0,269,269,2,0.0,False
23736,42.93,1,42.93,3.0,240,240,1,0.0,False
23737,34.98,1,34.98,2.0,140,140,1,0.0,False
23738,36.59,1,36.59,2.0,75,75,1,0.0,False
23739,573.42,1,573.42,4.0,61,61,2,0.941700673154058,False
23741,32.6,1,32.6,1.0,72,72,1,0.0,False
23742,615.47,1,615.47,3.0,84,84,3,0.8773620160202772,False
23745,44.22,1,44.22,4.0,244,244,1,0.0,False
23748,36.27,1,36.27,3.0,84,84,1,0.0,False
23749,77.96,1,77.96,4.0,102,102,2,0.0,False
23750,1155.48,1,1155.48,2.0,326,326,2,0.9697182123446533,False
23754,68.97,1,68.97,3.0,70,70,1,0.0,False
23755,6.28,1,6.28,2.0,136,136,1,0.0,False
23757,38.98,1,38.98,2.0,245,245,1,0.0,False
23758,1754.98,1,1754.98,2.0,319,319,2,0.969236116650902,False
23759,2475.95,1,2475.95,2.0,343,343,2,0.9868333366990448,False
23761,68.97,1,68.97,3.0,191,191,1,0.0,False
23763,1735.98,1,1735.98,2.0,284,284,2,0.9798442378368414,False
23764,2457.33,1,2457.33,3.0,312,312,2,0.9943108984141326,False
23769,29.48,1,29.48,2.0,291,291,2,0.0,False
23770,4.99,1,4.99,1.0,312,312,1,0.0,False
23771,82.95,1,82.95,5.0,231,231,1,0.0,False
23774,1234.45,1,1234.45,5.0,269,269,3,0.9076835837822512,False
23775,1155.48,1,1155.48,2.0,256,256,2,0.9697182123446533,False
23776,2478.34,1,2478.34,2.0,288,288,2,0.9858816788656924,False
23779,1147.77,1,1147.77,3.0,217,217,2,0.9762321719508265,False
23780,1750.98,1,1750.98,2.0,277,277,2,0.9714502735610915,False
23781,567.76,1,567.76,4.0,76,76,2,0.9510884880935607,False
23782,69.97,1,69.97,3.0,96,96,1,0.0,False
23784,34.98,1,34.98,2.0,327,327,1,0.0,False
23786,38.98,1,38.98,2.0,173,173,2,0.0,False
23787,71.58,1,71.58,3.0,280,280,1,0.0,False
23788,1214.85,1,1214.85,1.0,130,130,1,1.0,False
23793,38.88,1,38.88,3.0,258,258,1,0.0,False
23794,1249.84,1,1249.84,2.0,89,89,2,0.9720044165653203,False
23796,36.59,1,36.59,2.0,178,178,1,0.0,False
23797,67.59,1,67.59,2.0,262,262,1,0.0,False
23798,67.93,1,67.93,3.0,287,287,1,0.0,False
23803,68.49,1,68.49,2.0,208,208,2,0.0,False
23804,71.58,1,71.58,3.0,281,281,1,0.0,False
23805,32.6,1,32.6,1.0,96,96,1,0.0,False
23807,607.96,1,607.96,4.0,65,65,3,0.8881998815711559,False
23808,29.99,1,29.99,1.0,193,193,1,0.0,False
23809,29.99,1,29.99,1.0,109,109,1,0.0,False
23810,32.28,1,32.28,2.0,222,222,1,0.0,False
23811,548.98,1,548.98,2.0,66,66,2,0.9836241757441072,False
23815,724.47,1,724.47,4.0,87,87,2,0.7453586759976258,False
23816,563.77,1,563.77,3.0,90,90,2,0.9578196782375792,False
23817,29.99,1,29.99,1.0,191,191,1,0.0,False
23818,553.97,1,553.97,3.0,85,85,2,0.9747639763886131,False
23820,37.27,1,37.27,3.0,15,15,1,0.0,False
23821,638.95,1,638.95,5.0,43,43,3,0.8451209014789889,False
23825,32.28,1,32.28,2.0,74,74,1,0.0,False
23827,13.98,1,13.98,2.0,26,26,2,0.0,False
23828,548.98,1,548.98,2.0,48,48,2,0.9836241757441072,False
23830,4802.11,2,2401.055,1.5,132,809,2,0.9981279062745335,True
23831,69.97,1,69.97,3.0,332,332,1,0.0,False
23832,687.76,1,687.76,5.0,58,58,2,0.7851430731650576,False
23833,722.77,1,722.77,4.0,33,33,2,0.7471118059687037,False
23834,561.92,1,561.92,4.0,51,51,2,0.9609730922551252,False
23835,603.96,1,603.96,4.0,54,54,3,0.8940823895622226,False
23836,599.47,1,599.47,3.0,40,40,3,0.9007790214689643,False
23837,574.98,1,574.98,2.0,43,43,2,0.9391457094159796,False
23839,29.99,1,29.99,1.0,259,259,1,0.0,False
23841,659.44,1,659.44,6.0,38,38,3,0.8188614582069634,False
23842,4828.11,2,2414.055,1.5,103,811,2,0.9927528577435063,True
23843,38.98,1,38.98,2.0,42,42,2,0.0,False
23844,563.77,1,563.77,3.0,36,36,2,0.9578196782375792,False
23845,607.96,1,607.96,4.0,44,44,3,0.8881998815711559,False
23847,722.77,1,722.77,4.0,58,58,2,0.7471118059687037,False
23848,561.48,1,561.48,2.0,59,59,2,0.9617261523117475,False
23852,588.96,1,588.96,4.0,47,47,2,0.9168534365661505,False
23853,588.96,1,588.96,4.0,43,43,2,0.9168534365661505,False
23854,583.97,1,583.97,3.0,50,50,3,0.9246879120502766,False
23855,624.46,1,624.46,4.0,40,40,3,0.8647311276943279,False
23857,600.46,1,600.46,4.0,46,46,2,0.8992938746960664,False
23859,4153.25,2,2076.625,1.5,364,802,2,0.9915752723770541,True
23860,548.98,1,548.98,2.0,55,55,2,0.9836241757441072,False
23861,152.6,1,152.6,2.0,317,317,1,0.0,False
23863,69.97,1,69.97,3.0,203,203,1,0.0,False
23864,84.97,1,84.97,3.0,154,154,2,0.0,False
23865,4891.61,2,2445.805,2.0,101,790,3,0.9798655248476473,True
23866,4828.11,2,2414.055,1.5,81,778,2,0.9927528577435063,True
23869,34.98,1,34.98,2.0,295,295,1,0.0,False
23870,624.95,1,624.95,5.0,9,9,3,0.86405312424994,False
23873,628.97,1,628.97,4.0,23,23,3,0.8585306135427763,False
23877,78.96,1,78.96,4.0,31,31,2,0.0,False
23879,64.47,1,64.47,3.0,276,276,2,0.0,False
23880,553.97,1,553.97,3.0,26,26,2,0.9747639763886131,False
23882,603.49,1,603.49,2.0,19,19,2,0.8947787038724752,False
23884,603.49,1,603.49,2.0,2,2,2,0.8947787038724752,False
23886,562.96,1,562.96,4.0,26,26,3,0.9591978115674292,False
23887,548.98,1,548.98,2.0,27,27,2,0.9836241757441072,False
23888,34.98,1,34.98,2.0,299,299,1,0.0,False
23890,32.28,1,32.28,2.0,127,127,1,0.0,False
23891,29.99,1,29.99,1.0,207,207,1,0.0,False
23893,58.98,1,58.98,2.0,196,196,2,0.0,False
23894,69.97,1,69.97,3.0,288,288,1,0.0,False
23896,548.98,1,548.98,2.0,15,15,2,0.9836241757441072,False
23898,603.49,1,603.49,2.0,169,169,2,0.8947787038724752,False
23899,574.46,1,574.46,4.0,64,64,3,0.939995822163423,False
23900,539.99,1,539.99,1.0,130,130,1,1.0,False
23901,574.98,1,574.98,2.0,90,90,2,0.9391457094159796,False
23902,564.48,1,564.48,2.0,137,137,2,0.9566149376417233,False
23905,574.98,1,574.98,2.0,132,132,2,0.9391457094159796,False
23906,2443.35,1,2443.35,1.0,264,264,1,1.0,False
23907,1120.49,1,1120.49,1.0,239,239,1,1.0,False
23909,548.98,1,548.98,2.0,48,48,2,0.9836241757441072,False
23910,6.28,1,6.28,2.0,267,267,1,0.0,False
23911,36.27,1,36.27,3.0,113,113,1,0.0,False
23912,3.99,1,3.99,1.0,58,58,1,0.0,False
23916,3.99,1,3.99,1.0,122,122,1,0.0,False
23917,553.97,1,553.97,3.0,144,144,2,0.9747639763886131,False
23919,58.47,1,58.47,3.0,182,182,2,0.0,False
23920,1735.98,1,1735.98,2.0,255,255,2,0.9798442378368414,False
23921,2465.28,1,2465.28,4.0,263,263,2,0.9911044587227417,False
23927,36.27,1,36.27,3.0,135,135,1,0.0,False
23928,36.27,1,36.27,3.0,267,267,1,0.0,False
23929,83.97,1,83.97,3.0,103,103,2,0.0,False
23930,1243.44,1,1243.44,6.0,202,202,3,0.9011210834459242,False
23936,123.96,1,123.96,4.0,212,212,1,0.0,False
23937,38.98,1,38.98,2.0,314,314,1,0.0,False
23938,1120.49,1,1120.49,1.0,202,202,1,1.0,False
23943,39.98,1,39.98,2.0,32,32,1,0.0,False
23945,4.99,1,4.99,1.0,82,82,1,0.0,False
23948,68.49,1,68.49,2.0,45,45,2,0.0,False
23952,38.98,1,38.98,2.0,121,121,1,0.0,False
23954,1178.45,1,1178.45,5.0,266,266,3,0.9508167508167508,False
23956,67.49,1,67.49,2.0,172,172,2,0.0,False
23957,38.98,1,38.98,2.0,64,64,1,0.0,False
23959,38.98,1,38.98,2.0,309,309,1,0.0,False
23962,28.99,1,28.99,1.0,336,336,1,0.0,False
23963,68.97,1,68.97,3.0,132,132,1,0.0,False
23968,39.98,1,39.98,2.0,101,101,1,0.0,False
23971,98.96,1,98.96,4.0,23,23,2,0.0,False
23973,33.98,1,33.98,2.0,35,35,1,0.0,False
23974,36.27,1,36.27,3.0,8,8,1,0.0,False
23975,38.98,1,38.98,2.0,38,38,1,0.0,False
23976,4.99,1,4.99,1.0,275,275,1,0.0,False
23977,123.96,1,123.96,4.0,150,150,1,0.0,False
23982,548.98,1,548.98,2.0,146,146,2,0.9836241757441072,False
23984,1155.48,1,1155.48,2.0,240,240,2,0.9697182123446533,False
23986,1184.46,1,1184.46,4.0,228,228,2,0.9459922665180758,False
23987,1147.77,1,1147.77,3.0,220,220,2,0.9762321719508265,False
23988,1179.47,1,1179.47,3.0,208,208,2,0.9499944890501666,False
23989,58.98,1,58.98,2.0,322,322,2,0.0,False
23990,548.98,1,548.98,2.0,52,52,2,0.9836241757441072,False
23991,548.98,1,548.98,2.0,62,62,2,0.9836241757441072,False
23992,3167.8199999999997,2,1583.9099999999999,2.5,148,462,2,0.9417643679249453,True
23993,3072.3199999999997,2,1536.1599999999999,2.0,146,469,3,0.9710381731069682,True
23994,2790.5225,2,1395.26125,2.5,132,461,2,0.9752841985685479,True
23995,2983.34,2,1491.67,1.0,130,478,1,1.0,True
23996,2744.5225,2,1372.26125,2.5,141,477,3,0.9916306024089803,True
23998,2756.5425,2,1378.27125,1.5,146,482,2,0.9873065624781769,True
24000,2983.34,2,1491.67,1.0,135,475,1,1.0,True
24005,2756.5425,2,1378.27125,1.5,141,485,2,0.9873065624781769,True
24006,2721.5525,2,1360.77625,1.0,131,479,1,1.0,True
24008,2730.5425,2,1365.27125,1.5,134,474,2,0.9967076139631594,True
24011,1179.47,1,1179.47,3.0,196,196,2,0.9499944890501666,False
24013,88.97,1,88.97,3.0,231,231,1,0.0,False
24015,1155.48,1,1155.48,2.0,200,200,2,0.9697182123446533,False
24016,44.22,1,44.22,4.0,162,162,1,0.0,False
24018,574.98,1,574.98,2.0,108,108,2,0.9391457094159796,False
24019,1120.49,1,1120.49,1.0,198,198,1,1.0,False
24021,156.27,1,156.27,4.0,75,75,1,0.0,False
24022,561.48,1,561.48,2.0,45,45,2,0.9617261523117475,False
24025,578.46,1,578.46,4.0,123,123,3,0.9334958337655153,False
24027,561.92,1,561.92,4.0,112,112,2,0.9609730922551252,False
24029,562.96,1,562.96,4.0,29,29,3,0.9591978115674292,False
24032,563.77,1,563.77,3.0,8,8,2,0.9578196782375792,False
24033,574.98,1,574.98,2.0,98,98,2,0.9391457094159796,False
24034,1203.46,1,1203.46,4.0,196,196,3,0.9310571186412511,False
24035,13.98,1,13.98,2.0,268,268,2,0.0,False
24044,1174.48,1,1174.48,2.0,162,162,2,0.9540307199782031,False
24049,574.98,1,574.98,2.0,118,118,2,0.9391457094159796,False
24050,1164.47,1,1164.47,3.0,162,162,3,0.9622317449139952,False
24051,1170.48,1,1170.48,2.0,172,172,2,0.9572910259039027,False
24054,1174.48,1,1174.48,2.0,160,160,2,0.9540307199782031,False
24055,1170.48,1,1170.48,2.0,162,162,2,0.9572910259039027,False
24057,574.98,1,574.98,2.0,23,23,2,0.9391457094159796,False
24058,1164.47,1,1164.47,3.0,129,129,3,0.9622317449139952,False
24059,583.97,1,583.97,3.0,118,118,3,0.9246879120502766,False
24065,1170.48,1,1170.48,2.0,131,131,2,0.9572910259039027,False
24066,2514.93,1,2514.93,4.0,83,83,2,0.9715379752120339,False
24068,2457.33,1,2457.33,3.0,66,66,2,0.9943108984141326,False
24069,1174.48,1,1174.48,2.0,158,158,2,0.9540307199782031,False
24070,36.27,1,36.27,3.0,83,83,1,0.0,False
24072,6.28,1,6.28,2.0,214,214,1,0.0,False
24075,68.97,1,68.97,3.0,70,70,1,0.0,False
24076,77.96,1,77.96,4.0,83,83,2,0.0,False
24078,3.99,1,3.99,1.0,266,266,1,0.0,False
24080,53.98,1,53.98,2.0,155,155,2,0.0,False
24081,31.28,1,31.28,2.0,114,114,1,0.0,False
24082,39.98,1,39.98,2.0,118,118,1,0.0,False
24084,2407.04,1,2407.04,4.0,297,297,3,0.9904571590002662,False
24085,39.98,1,39.98,2.0,296,296,1,0.0,False
24086,53.98,1,53.98,2.0,96,96,2,0.0,False
24088,6.28,1,6.28,2.0,230,230,1,0.0,False
24089,1744.97,1,1744.97,3.0,214,214,3,0.9747961283002,False
24090,1735.98,1,1735.98,2.0,208,208,2,0.9798442378368414,False
24091,2478.34,1,2478.34,2.0,35,35,2,0.9858816788656924,False
24092,2481.82,1,2481.82,4.0,59,59,3,0.9844992787551073,False
24094,39.98,1,39.98,2.0,335,335,1,0.0,False
24095,29.48,1,29.48,2.0,188,188,2,0.0,False
24101,1170.48,1,1170.48,2.0,172,172,2,0.9572910259039027,False
24103,1754.98,1,1754.98,2.0,316,316,2,0.969236116650902,False
24104,1155.48,1,1155.48,2.0,125,125,2,0.9697182123446533,False
24105,2419.06,1,2419.06,2.0,289,289,2,0.9855357039511216,False
24106,39.98,1,39.98,2.0,114,114,1,0.0,False
24107,123.99,1,123.99,2.0,58,58,1,0.0,False
24108,3.99,1,3.99,1.0,248,248,1,0.0,False
24109,4.99,1,4.99,1.0,261,261,1,0.0,False
24110,2393.06,1,2393.06,2.0,286,286,2,0.9962433035527736,False
24113,39.98,1,39.98,2.0,290,290,1,0.0,False
24114,1179.47,1,1179.47,3.0,152,152,2,0.9499944890501666,False
24116,1700.99,1,1700.99,1.0,200,200,1,1.0,False
24120,3.99,1,3.99,1.0,280,280,1,0.0,False
24121,539.99,1,539.99,1.0,71,71,1,1.0,False
24124,59.98,1,59.98,2.0,1,1,1,0.0,False
24125,13.98,1,13.98,2.0,72,72,2,0.0,False
24128,93.97,1,93.97,3.0,159,159,1,0.0,False
24129,3.99,1,3.99,1.0,154,154,1,0.0,False
24130,47.97,1,47.97,3.0,204,204,2,0.0,False
24132,4.99,1,4.99,1.0,76,76,1,0.0,False
24133,48.97,1,48.97,3.0,232,232,2,0.0,False
24134,4.99,1,4.99,1.0,13,13,1,0.0,False
24137,6.28,1,6.28,2.0,214,214,1,0.0,False
24138,1194.97,1,1194.97,3.0,69,69,2,0.9376720754495929,False
24142,7.28,1,7.28,2.0,74,74,1,0.0,False
24144,39.98,1,39.98,2.0,77,77,1,0.0,False
24151,58.98,1,58.98,2.0,122,122,2,0.0,False
24152,4.99,1,4.99,1.0,37,37,1,0.0,False
24153,2418.05,1,2418.05,3.0,260,260,2,0.9859473542730715,False
24154,29.48,1,29.48,2.0,274,274,2,0.0,False
24155,539.99,1,539.99,1.0,68,68,1,1.0,False
24156,6.28,1,6.28,2.0,95,95,1,0.0,False
24157,2419.06,1,2419.06,2.0,220,220,2,0.9855357039511216,False
24158,2398.05,1,2398.05,3.0,228,228,2,0.9941702633389631,False
24159,2756.5425,2,1378.27125,1.5,139,461,2,0.9873065624781769,True
24168,2790.5225,2,1395.26125,2.5,98,430,2,0.9752841985685479,True
24170,3018.33,2,1509.165,1.5,111,448,2,0.988407496860847,True
24171,3006.31,2,1503.155,2.5,103,447,3,0.9923594040534744,True
24172,2735.5325000000003,2,1367.7662500000001,2.0,117,442,2,0.9948894776428356,True
24175,2743.0425,2,1371.52125,1.5,105,442,2,0.9921656335984588,True
24176,3042.8199999999997,2,1521.4099999999999,2.0,113,435,3,0.9804523435497337,True
24178,2810.5325000000003,2,1405.2662500000001,2.0,117,430,3,0.9683405191009179,True
24179,3052.31,2,1526.155,2.5,116,434,2,0.977403998938509,True
24180,38.98,1,38.98,2.0,104,104,1,0.0,False
24183,2461.55,1,2461.55,4.0,215,215,3,0.9685238975442304,False
24184,1155.48,1,1155.48,2.0,144,144,2,0.9697182123446533,False
24186,1147.77,1,1147.77,3.0,147,147,2,0.9762321719508265,False
24188,12.94,1,12.94,2.0,172,172,1,0.0,False
24189,1174.48,1,1174.48,2.0,123,123,2,0.9540307199782031,False
24190,2428.05,1,2428.05,3.0,196,196,3,0.9818866992030644,False
24191,539.99,1,539.99,1.0,81,81,1,1.0,False
24192,1155.48,1,1155.48,2.0,106,106,2,0.9697182123446533,False
24194,2418.05,1,2418.05,3.0,188,188,2,0.9859473542730715,False
24195,59.98,1,59.98,2.0,230,230,1,0.0,False
24196,39.98,1,39.98,2.0,165,165,1,0.0,False
24197,1155.48,1,1155.48,2.0,95,95,2,0.9697182123446533,False
24201,2428.05,1,2428.05,3.0,171,171,3,0.9818866992030644,False
24203,2469.05,1,2469.05,3.0,138,138,3,0.9655819039711632,False
24205,615.47,1,615.47,3.0,89,89,3,0.8773620160202772,False
24206,1754.98,1,1754.98,2.0,316,316,2,0.969236116650902,False
24207,4.99,1,4.99,1.0,15,15,1,0.0,False
24208,1709.98,1,1709.98,2.0,124,124,2,0.9947426285687552,False
24209,1735.98,1,1735.98,2.0,148,148,2,0.9798442378368414,False
24211,1170.48,1,1170.48,2.0,76,76,2,0.9572910259039027,False
24216,48.97,1,48.97,3.0,23,23,2,0.0,False
24220,67.93,1,67.93,3.0,98,98,1,0.0,False
24223,32.28,1,32.28,2.0,268,268,1,0.0,False
24224,539.99,1,539.99,1.0,17,17,1,1.0,False
24225,93.49,1,93.49,2.0,148,148,2,0.0,False
24226,69.97,1,69.97,3.0,140,140,1,0.0,False
24228,15.23,1,15.23,3.0,49,49,1,0.0,False
24229,7.28,1,7.28,2.0,221,221,1,0.0,False
24232,553.97,1,553.97,3.0,12,12,2,0.9747639763886131,False
24238,608.96,1,608.96,4.0,11,11,2,0.8867413294797688,False
24239,588.96,1,588.96,4.0,28,28,2,0.9168534365661505,False
24240,4.99,1,4.99,1.0,11,11,1,0.0,False
24242,2756.5425,2,1378.27125,1.5,118,442,2,0.9873065624781769,True
24243,48.97,1,48.97,3.0,198,198,2,0.0,False
24247,2721.5525,2,1360.77625,1.0,120,432,1,1.0,True
24248,2770.5225,2,1385.26125,2.5,102,451,2,0.9823246337107895,True
24249,2756.5425,2,1378.27125,1.5,96,452,2,0.9873065624781769,True
24252,2744.5225,2,1372.26125,2.5,90,441,3,0.9916306024089803,True
24253,9.99,1,9.99,1.0,82,82,1,0.0,False
24254,603.49,1,603.49,2.0,4,4,2,0.8947787038724752,False
24260,44.97,1,44.97,3.0,23,23,1,0.0,False
24261,71.58,1,71.58,3.0,171,171,1,0.0,False
24263,34.89,1,34.89,2.0,171,171,1,0.0,False
24267,22.93,1,22.93,3.0,189,189,1,0.0,False
24271,2745.3325,2,1372.66625,2.0,68,442,2,0.9913380255397116,True
24272,2735.5325000000003,2,1367.7662500000001,2.0,89,446,2,0.9948894776428356,True
24274,3018.33,2,1509.165,1.5,63,426,2,0.988407496860847,True
24275,831.33,1,831.33,3.0,307,307,3,0.8929666919273934,False
24277,9.99,1,9.99,1.0,310,310,1,0.0,False
24282,3917.5425,2,1958.77125,1.5,65,402,2,0.9910683802409291,True
24283,3946.5225,2,1973.26125,2.5,73,399,2,0.9837907930336139,True
24284,4837.34,2,2418.67,3.0,53,792,2,0.9908586123778772,True
24285,32.6,1,32.6,1.0,178,178,1,0.0,False
24287,100.09,1,100.09,3.0,15,15,2,0.0,False
24291,539.99,1,539.99,1.0,21,21,1,1.0,False
24292,38.88,1,38.88,3.0,320,320,1,0.0,False
24297,38.88,1,38.88,3.0,317,317,1,0.0,False
24301,4144.34,2,2072.17,1.0,80,426,1,1.0,True
24304,3946.5225,2,1973.26125,2.5,75,401,2,0.9837907930336139,True
24307,4158.32,2,2079.16,2.0,66,399,2,0.9966380653725544,True
24308,612.95,1,612.95,5.0,4,4,3,0.880969083938331,False
24309,4793.12,2,2396.56,1.0,25,771,1,1.0,True
24310,4829.389999999999,2,2414.6949999999997,2.5,3,789,2,0.9924897347284026,True
24311,624.97,1,624.97,3.0,15,15,3,0.8640254732227146,False
24314,57.09,1,57.09,2.0,288,288,2,0.0,False
24315,32.6,1,32.6,1.0,228,228,1,0.0,False
24316,38.88,1,38.88,3.0,59,59,1,0.0,False
24319,36.59,1,36.59,2.0,48,48,1,0.0,False
24320,38.88,1,38.88,3.0,142,142,1,0.0,False
24321,548.98,1,548.98,2.0,24,24,2,0.9836241757441072,False
24322,68.49,1,68.49,2.0,119,119,2,0.0,False
24326,556.26,1,556.26,4.0,13,13,2,0.9707510876208967,False
24327,548.98,1,548.98,2.0,5,5,2,0.9836241757441072,False
24329,603.49,1,603.49,2.0,10,10,2,0.8947787038724752,False
24330,574.98,1,574.98,2.0,26,26,2,0.9391457094159796,False
24332,4816.09,2,2408.045,2.5,25,778,3,0.9952305708572723,True
24333,616.95,1,616.95,5.0,28,28,3,0.8752573142069859,False
24334,574.98,1,574.98,2.0,18,18,2,0.9391457094159796,False
24335,574.98,1,574.98,2.0,26,26,2,0.9391457094159796,False
24336,548.98,1,548.98,2.0,12,12,2,0.9836241757441072,False
24338,553.97,1,553.97,3.0,7,7,2,0.9747639763886131,False
24340,2393.06,1,2393.06,2.0,309,309,2,0.9962433035527736,False
24341,2453.04,1,2453.04,4.0,309,309,2,0.9718838665492616,False
24342,4828.11,2,2414.055,1.5,19,785,2,0.9927528577435063,True
24344,4329.61,2,2164.805,1.5,307,778,2,0.9979236005090528,True
24345,2398.05,1,2398.05,3.0,291,291,2,0.9941702633389631,False
24346,2473.04,1,2473.04,4.0,251,251,2,0.964024035195549,False
24347,2419.06,1,2419.06,2.0,268,268,2,0.9855357039511216,False
24349,2419.06,1,2419.06,2.0,271,271,2,0.9855357039511216,False
24351,2393.06,1,2393.06,2.0,268,268,2,0.9962433035527736,False
24354,2418.05,1,2418.05,3.0,244,244,2,0.9859473542730715,False
24358,2418.05,1,2418.05,3.0,220,220,2,0.9859473542730715,False
24360,3626.8199999999997,2,1813.4099999999999,2.0,237,421,2,0.9826349253616117,True
24361,3391.0325000000003,2,1695.5162500000001,2.0,226,412,3,0.9737602043035566,True
24366,4144.34,2,2072.17,1.0,44,401,1,1.0,True
24367,4179.33,2,2089.665,1.5,47,400,2,0.991627844654526,True
24368,3946.5225,2,1973.26125,2.5,48,422,2,0.9837907930336139,True
24371,4193.82,2,2096.91,2.0,60,420,3,0.9882016872445647,True
24372,3356.0425,2,1678.02125,1.5,185,405,2,0.9839125994381777,True
24373,27.77,1,27.77,3.0,153,153,1,0.0,False
24375,31.73,1,31.73,3.0,266,266,1,0.0,False
24384,2428.05,1,2428.05,3.0,94,94,3,0.9818866992030644,False
24386,4143.74,2,2071.87,2.0,361,744,2,0.9938509655528581,True
24389,45.58,1,45.58,3.0,319,319,2,0.0,False
24391,42.84,1,42.84,3.0,214,214,1,0.0,False
24393,36.59,1,36.59,2.0,326,326,1,0.0,False
24394,36.59,1,36.59,2.0,182,182,1,0.0,False
24396,38.88,1,38.88,3.0,248,248,1,0.0,False
24397,38.88,1,38.88,3.0,303,303,1,0.0,False
24398,42.84,1,42.84,3.0,256,256,1,0.0,False
24400,608.96,1,608.96,4.0,15,15,2,0.8867413294797688,False
24401,45.58,1,45.58,3.0,153,153,2,0.0,False
24404,2384.07,1,2384.07,1.0,342,342,1,1.0,False
24405,2419.06,1,2419.06,2.0,342,342,2,0.9855357039511216,False
24406,195.59,1,195.59,3.0,10,10,1,0.0,False
24407,71.58,1,71.58,3.0,47,47,1,0.0,False
24409,71.58,1,71.58,3.0,9,9,1,0.0,False
24410,193.89,1,193.89,3.0,52,52,1,0.0,False
24411,71.58,1,71.58,3.0,283,283,1,0.0,False
24412,38.88,1,38.88,3.0,238,238,1,0.0,False
24413,2407.04,1,2407.04,4.0,352,352,3,0.9904571590002662,False
24415,4.99,1,4.99,1.0,323,323,1,0.0,False
24418,4329.61,2,2164.805,1.5,247,744,2,0.9979236005090528,True
24419,71.58,1,71.58,3.0,247,247,1,0.0,False
24420,2393.06,1,2393.06,2.0,341,341,2,0.9962433035527736,False
24421,2447.05,1,2447.05,3.0,338,338,2,0.9742628879671443,False
24422,152.6,1,152.6,2.0,253,253,1,0.0,False
24423,32.6,1,32.6,1.0,277,277,1,0.0,False
24425,2419.06,1,2419.06,2.0,360,360,2,0.9855357039511216,False
24426,71.58,1,71.58,3.0,70,70,1,0.0,False
24427,2400.34,1,2400.34,4.0,346,346,2,0.9932217935792431,False
24428,152.6,1,152.6,2.0,41,41,1,0.0,False
24432,2438.06,1,2438.06,2.0,234,234,2,0.9778553440030189,False
24433,2442.54,1,2442.54,4.0,339,339,3,0.9760618045149724,False
24434,2398.05,1,2398.05,3.0,356,356,2,0.9941702633389631,False
24436,2438.06,1,2438.06,2.0,308,308,2,0.9778553440030189,False
24441,2419.06,1,2419.06,2.0,214,214,2,0.9855357039511216,False
24442,82.59,1,82.59,2.0,127,127,2,0.0,False
24444,2443.55,1,2443.55,3.0,207,207,3,0.9756583659020689,False
24446,2447.05,1,2447.05,3.0,197,197,2,0.9742628879671443,False
24447,751.34,1,751.34,2.0,300,300,2,0.9880347113157825,False
24455,75.47,1,75.47,3.0,259,259,2,0.0,False
24457,3356.0425,2,1678.02125,1.5,199,423,2,0.9839125994381777,True
24460,3302.0525,2,1651.02625,1.0,213,408,1,1.0,True
24461,3302.0525,2,1651.02625,1.0,211,407,1,1.0,True
24464,4.99,1,4.99,1.0,199,199,1,0.0,False
24466,3337.0425,2,1668.52125,1.5,209,394,2,0.9895146675536797,True
24467,3337.0425,2,1668.52125,1.5,211,387,2,0.9895146675536797,True
24470,39.98,1,39.98,2.0,243,243,1,0.0,False
24472,12.94,1,12.94,2.0,14,14,1,0.0,False
24473,13.98,1,13.98,2.0,123,123,2,0.0,False
24475,3945.5325000000003,2,1972.7662500000001,2.0,8,373,2,0.9840376425742281,True
24478,3337.0425,2,1668.52125,1.5,157,381,2,0.9895146675536797,True
24481,4179.33,2,2089.665,1.5,14,384,2,0.991627844654526,True
24482,3882.5525,2,1941.27625,1.0,15,377,1,1.0,True
24484,3563.84,2,1781.92,1.0,181,397,1,1.0,True
24485,3356.0425,2,1678.02125,1.5,169,372,2,0.9839125994381777,True
24487,4.99,1,4.99,1.0,129,129,1,0.0,False
24488,13.98,1,13.98,2.0,8,8,2,0.0,False
24490,36.59,1,36.59,2.0,103,103,1,0.0,False
24491,3578.27,1,3578.27,1.0,744,744,1,1.0,True
24493,3578.27,1,3578.27,1.0,759,759,1,1.0,True
24499,32.6,1,32.6,1.0,223,223,1,0.0,False
24500,71.58,1,71.58,3.0,201,201,1,0.0,False
24502,3623.3199999999997,2,1811.6599999999999,2.0,166,389,3,0.9835841162248988,True
24504,3563.84,2,1781.92,1.0,172,383,1,1.0,True
24506,3563.84,2,1781.92,1.0,164,385,1,1.0,True
24507,32.6,1,32.6,1.0,107,107,1,0.0,False
24508,121.57,1,121.57,4.0,75,75,2,0.0,False
24510,61.08,1,61.08,3.0,88,88,2,0.0,False
24511,36.59,1,36.59,2.0,124,124,1,0.0,False
24515,71.58,1,71.58,3.0,10,10,1,0.0,False
24517,86.58,1,86.58,3.0,1,1,2,0.0,False
24523,2492.02,1,2492.02,6.0,326,326,3,0.956681728076019,False
24524,34.89,1,34.89,2.0,105,105,1,0.0,False
24526,2419.06,1,2419.06,2.0,308,308,2,0.9855357039511216,False
24527,2419.06,1,2419.06,2.0,306,306,2,0.9855357039511216,False
24535,3.99,1,3.99,1.0,169,169,1,0.0,False
24536,586.97,1,586.97,2.0,212,212,2,0.9625534524762764,False
24537,2511.32,1,2511.32,4.0,304,304,3,0.9729345523469731,False
24538,3.99,1,3.99,1.0,34,34,1,0.0,False
24539,38.98,1,38.98,2.0,253,253,1,0.0,False
24541,37.27,1,37.27,3.0,12,12,1,0.0,False
24543,53.98,1,53.98,2.0,190,190,2,0.0,False
24544,6.28,1,6.28,2.0,297,297,1,0.0,False
24548,38.98,1,38.98,2.0,225,225,1,0.0,False
24549,2514.93,1,2514.93,4.0,249,249,2,0.9715379752120339,False
24552,38.98,1,38.98,2.0,27,27,1,0.0,False
24556,6.28,1,6.28,2.0,190,190,1,0.0,False
24558,2487.33,1,2487.33,3.0,246,246,3,0.9823183895984853,False
24559,6.28,1,6.28,2.0,91,91,1,0.0,False
24560,2404.97,1,2404.97,3.0,10,10,3,0.9646648398940529,False
24563,6.28,1,6.28,2.0,157,157,1,0.0,False
24571,27.77,1,27.77,3.0,2,2,1,0.0,False
24573,2563.35,1,2563.35,2.0,224,224,2,0.9531862601673591,False
24575,4.99,1,4.99,1.0,21,21,1,0.0,False
24576,89.97,1,89.97,3.0,172,172,2,0.0,False
24578,27.77,1,27.77,3.0,54,54,1,0.0,False
24579,38.98,1,38.98,2.0,14,14,1,0.0,False
24580,596.96,1,596.96,3.0,129,129,2,0.9045664701152506,False
24582,2466.32,1,2466.32,4.0,201,201,3,0.9906865289175779,False
24583,2487.33,1,2487.33,3.0,197,197,3,0.9823183895984853,False
24586,4144.34,2,2072.17,1.0,3,385,1,1.0,True
24587,3882.5525,2,1941.27625,1.0,16,373,1,1.0,True
24590,3911.5325000000003,2,1955.7662500000001,2.0,7,385,2,0.9925911391507038,True
24594,39.98,1,39.98,2.0,306,306,1,0.0,False
24595,61.96,1,61.96,3.0,270,270,1,0.0,False
24596,4168.83,2,2084.415,1.5,17,390,2,0.9941254500663256,True
24598,4228.3099999999995,2,2114.1549999999997,2.5,21,391,2,0.9801410019605943,True
24599,26.97,1,26.97,2.0,139,139,1,0.0,False
24601,3882.5525,2,1941.27625,1.0,11,392,1,1.0,True
24602,3882.5525,2,1941.27625,1.0,11,368,1,1.0,True
24603,39.98,1,39.98,2.0,75,75,1,0.0,False
24606,2155.9175,2,1077.95875,1.5,351,709,2,0.9837702509488421,True
24607,4.99,1,4.99,1.0,116,116,1,0.0,False
24608,2120.9275,2,1060.46375,1.0,315,715,1,1.0,True
24610,39.98,1,39.98,2.0,111,111,1,0.0,False
24611,2219.4175,2,1109.70875,2.0,335,696,3,0.9556234912989557,True
24612,2152.1975,2,1076.09875,2.5,317,682,2,0.9854706642861543,True
24614,2120.9275,2,1060.46375,1.0,317,651,1,1.0,True
24617,34.89,1,34.89,2.0,241,241,1,0.0,False
24618,32.6,1,32.6,1.0,200,200,1,0.0,False
24622,96.07,1,96.07,4.0,221,221,2,0.0,False
24627,68.49,1,68.49,2.0,169,169,2,0.0,False
24628,32.6,1,32.6,1.0,48,48,1,0.0,False
24629,100.09,1,100.09,3.0,242,242,2,0.0,False
24633,2447.05,1,2447.05,3.0,209,209,2,0.9742628879671443,False
24636,32.6,1,32.6,1.0,41,41,1,0.0,False
24639,39.98,1,39.98,2.0,29,29,1,0.0,False
24641,2384.07,1,2384.07,1.0,209,209,1,1.0,False
24642,38.88,1,38.88,3.0,123,123,1,0.0,False
24644,2393.06,1,2393.06,2.0,213,213,2,0.9962433035527736,False
24647,39.98,1,39.98,2.0,59,59,1,0.0,False
24648,791.32,1,791.32,4.0,228,228,2,0.9381160592427842,False
24653,2393.06,1,2393.06,2.0,154,154,2,0.9962433035527736,False
24656,34.89,1,34.89,2.0,224,224,1,0.0,False
24661,4181.76,2,2090.88,1.5,339,759,2,0.9848150061218243,True
24662,2493.54,1,2493.54,4.0,320,320,3,0.9560985586756181,False
24665,109.97,1,109.97,3.0,152,152,2,0.0,False
24669,2419.06,1,2419.06,2.0,328,328,2,0.9855357039511216,False
24670,2419.06,1,2419.06,2.0,279,279,2,0.9855357039511216,False
24673,2428.05,1,2428.05,3.0,278,278,3,0.9818866992030644,False
24679,71.58,1,71.58,3.0,43,43,1,0.0,False
24684,2393.06,1,2393.06,2.0,182,182,2,0.9962433035527736,False
24685,2393.06,1,2393.06,2.0,160,160,2,0.9962433035527736,False
24687,91.58,1,91.58,3.0,204,204,2,0.0,False
24689,1155.48,1,1155.48,2.0,69,69,2,0.9697182123446533,False
24696,23.78,1,23.78,2.0,120,120,1,0.0,False
24697,1170.48,1,1170.48,2.0,83,83,2,0.9572910259039027,False
24700,2452.04,1,2452.04,4.0,89,89,3,0.9722802238136411,False
24702,1174.48,1,1174.48,2.0,58,58,2,0.9540307199782031,False
24703,4.99,1,4.99,1.0,270,270,1,0.0,False
24707,2393.06,1,2393.06,2.0,70,70,2,0.9962433035527736,False
24708,2419.06,1,2419.06,2.0,43,43,2,0.9855357039511216,False
24709,1735.98,1,1735.98,2.0,123,123,2,0.9798442378368414,False
24710,1732.26,1,1732.26,4.0,292,292,2,0.9819484373015598,False
24713,7.28,1,7.28,2.0,306,306,1,0.0,False
24715,29.48,1,29.48,2.0,86,86,2,0.0,False
24718,1750.98,1,1750.98,2.0,267,267,2,0.9714502735610915,False
24720,15.23,1,15.23,3.0,209,209,1,0.0,False
24721,89.97,1,89.97,3.0,102,102,2,0.0,False
24723,1793.47,1,1793.47,4.0,251,251,3,0.9484351564285993,False
24725,38.88,1,38.88,3.0,239,239,1,0.0,False
24726,71.58,1,71.58,3.0,119,119,1,0.0,False
24729,58.98,1,58.98,2.0,225,225,2,0.0,False
24730,39.98,1,39.98,2.0,227,227,1,0.0,False
24733,7.28,1,7.28,2.0,26,26,1,0.0,False
24744,4.99,1,4.99,1.0,82,82,1,0.0,False
24745,29.98,1,29.98,2.0,158,158,1,0.0,False
24746,13.98,1,13.98,2.0,330,330,2,0.0,False
24748,39.98,1,39.98,2.0,310,310,1,0.0,False
24749,64.97,1,64.97,3.0,97,97,1,0.0,False
24750,29.98,1,29.98,2.0,83,83,1,0.0,False
24751,147.28,1,147.28,3.0,185,185,1,0.0,False
24752,756.33,1,756.33,3.0,222,222,2,0.9815160049184879,False
24753,791.32,1,791.32,4.0,207,207,2,0.9381160592427842,False
24754,2439.98,1,2439.98,6.0,141,141,2,0.9770858777530967,False
24758,34.89,1,34.89,2.0,85,85,1,0.0,False
24760,2419.06,1,2419.06,2.0,140,140,2,0.9855357039511216,False
24765,99.57,1,99.57,4.0,85,85,2,0.0,False
24766,71.58,1,71.58,3.0,158,158,1,0.0,False
24767,86.58,1,86.58,3.0,121,121,2,0.0,False
24772,195.59,1,195.59,3.0,264,264,1,0.0,False
24773,7.28,1,7.28,2.0,258,258,1,0.0,False
24774,32.6,1,32.6,1.0,173,173,1,0.0,False
24776,91.58,1,91.58,3.0,313,313,1,0.0,False
24778,2858.4925,2,1429.24625,2.5,312,728,2,0.9520936297716368,True
24784,2393.06,1,2393.06,2.0,271,271,2,0.9962433035527736,False
24787,2393.06,1,2393.06,2.0,110,110,2,0.9962433035527736,False
24789,2419.06,1,2419.06,2.0,94,94,2,0.9855357039511216,False
24793,2419.06,1,2419.06,2.0,76,76,2,0.9855357039511216,False
24794,2448.04,1,2448.04,4.0,74,74,3,0.9738688910311926,False
24795,2507.03,1,2507.03,5.0,74,74,3,0.9509539175837548,False
24796,2398.05,1,2398.05,3.0,88,88,2,0.9941702633389631,False
24797,2393.06,1,2393.06,2.0,83,83,2,0.9962433035527736,False
24798,2407.04,1,2407.04,4.0,81,81,3,0.9904571590002662,False
24799,2452.04,1,2452.04,4.0,66,66,3,0.9722802238136411,False
24800,2419.06,1,2419.06,2.0,76,76,2,0.9855357039511216,False
24803,32.6,1,32.6,1.0,219,219,1,0.0,False
24806,2413.06,1,2413.06,2.0,272,272,2,0.9879862083827174,False
24808,2407.04,1,2407.04,4.0,267,267,3,0.9904571590002662,False
24809,2419.06,1,2419.06,2.0,265,265,2,0.9855357039511216,False
24810,2419.06,1,2419.06,2.0,65,65,2,0.9855357039511216,False
24814,2419.06,1,2419.06,2.0,57,57,2,0.9855357039511216,False
24815,2438.06,1,2438.06,2.0,265,265,2,0.9778553440030189,False
24817,2181.5625,1,2181.5625,1.0,713,713,1,1.0,True
24819,2393.06,1,2393.06,2.0,260,260,2,0.9962433035527736,False
24821,42.84,1,42.84,3.0,161,161,1,0.0,False
24824,2181.5625,1,2181.5625,1.0,715,715,1,1.0,True
24825,4.99,1,4.99,1.0,106,106,1,0.0,False
24826,96.07,1,96.07,4.0,173,173,2,0.0,False
24828,2419.06,1,2419.06,2.0,43,43,2,0.9855357039511216,False
24829,34.89,1,34.89,2.0,325,325,1,0.0,False
24831,2398.05,1,2398.05,3.0,48,48,2,0.9941702633389631,False
24833,1754.98,1,1754.98,2.0,104,104,2,0.969236116650902,False
24834,1744.97,1,1744.97,3.0,247,247,3,0.9747961283002,False
24835,1170.48,1,1170.48,2.0,50,50,2,0.9572910259039027,False
24836,29.48,1,29.48,2.0,67,67,2,0.0,False
24839,33.43,1,33.43,3.0,335,335,1,0.0,False
24840,29.48,1,29.48,2.0,19,19,2,0.0,False
24841,2319.26,1,2319.26,3.0,13,13,2,0.9895354552745272,False
24843,88.98,1,88.98,3.0,100,100,2,0.0,False
24849,27.77,1,27.77,3.0,56,56,1,0.0,False
24850,624.97,1,624.97,3.0,114,114,3,0.8640254732227146,False
24851,29.48,1,29.48,2.0,173,173,2,0.0,False
24852,2457.33,1,2457.33,3.0,189,189,2,0.9943108984141326,False
24854,23.78,1,23.78,2.0,177,177,1,0.0,False
24855,25.48,1,25.48,2.0,316,316,1,0.0,False
24858,39.98,1,39.98,2.0,262,262,1,0.0,False
24860,2520.31,1,2520.31,5.0,197,197,3,0.9694640738639297,False
24863,27.77,1,27.77,3.0,296,296,1,0.0,False
24869,39.98,1,39.98,2.0,98,98,1,0.0,False
24870,2457.33,1,2457.33,3.0,171,171,2,0.9943108984141326,False
24871,35.72,1,35.72,4.0,169,169,1,0.0,False
24872,23.78,1,23.78,2.0,290,290,1,0.0,False
24876,49.97,1,49.97,3.0,254,254,2,0.0,False
24878,23.78,1,23.78,2.0,225,225,1,0.0,False
24880,39.98,1,39.98,2.0,12,12,1,0.0,False
24881,4.99,1,4.99,1.0,201,201,1,0.0,False
24882,23.78,1,23.78,2.0,294,294,1,0.0,False
24883,2487.33,1,2487.33,3.0,360,360,3,0.9823183895984853,False
24886,80.47,1,80.47,3.0,184,184,1,0.0,False
24887,2218.8975,2,1109.44875,2.5,294,669,3,0.9558474422545433,True
24888,2174.9175,2,1087.45875,1.5,280,659,2,0.9751760698969042,True
24891,4.99,1,4.99,1.0,22,22,1,0.0,False
24894,4.99,1,4.99,1.0,316,316,1,0.0,False
24895,4.99,1,4.99,1.0,302,302,1,0.0,False
24896,15.23,1,15.23,3.0,42,42,1,0.0,False
24903,2164.9075000000003,2,1082.4537500000001,2.0,296,616,3,0.9796850442801831,True
24904,2199.8975,2,1099.94875,2.5,285,626,3,0.9641028729747639,True
24905,2195.9075000000003,2,1097.9537500000001,2.0,273,607,3,0.9658546637324206,True
24906,61.96,1,61.96,3.0,270,270,1,0.0,False
24907,2183.9075000000003,2,1091.9537500000001,2.0,268,581,2,0.97116178226413,True
24909,2149.9075000000003,2,1074.9537500000001,2.0,249,583,2,0.9865203502941408,True
24911,102.96,1,102.96,4.0,152,152,2,0.0,False
24913,2155.9175,2,1077.95875,1.5,233,571,2,0.9837702509488421,True
24914,2149.9075000000003,2,1074.9537500000001,2.0,242,553,2,0.9865203502941408,True
24917,2179.9075000000003,2,1089.9537500000001,2.0,231,572,2,0.9729438061018646,True
24918,2120.9275,2,1060.46375,1.0,223,567,1,1.0,True
24920,2155.9175,2,1077.95875,1.5,242,570,2,0.9837702509488421,True
24925,32.27,1,32.27,3.0,15,15,1,0.0,False
24926,64.97,1,64.97,3.0,6,6,1,0.0,False
24929,64.97,1,64.97,3.0,197,197,1,0.0,False
24932,71.58,1,71.58,3.0,215,215,1,0.0,False
24933,32.6,1,32.6,1.0,274,274,1,0.0,False
24934,32.6,1,32.6,1.0,27,27,1,0.0,False
24935,38.88,1,38.88,3.0,115,115,1,0.0,False
24938,38.88,1,38.88,3.0,185,185,1,0.0,False
24939,7.28,1,7.28,2.0,134,134,1,0.0,False
24943,71.58,1,71.58,3.0,34,34,1,0.0,False
24944,125.57,1,125.57,4.0,275,275,2,0.0,False
24945,152.6,1,152.6,2.0,232,232,1,0.0,False
24947,39.98,1,39.98,2.0,211,211,1,0.0,False
24948,36.59,1,36.59,2.0,98,98,1,0.0,False
24949,32.6,1,32.6,1.0,62,62,1,0.0,False
24950,38.88,1,38.88,3.0,107,107,1,0.0,False
24951,32.6,1,32.6,1.0,153,153,1,0.0,False
24952,71.58,1,71.58,3.0,320,320,1,0.0,False
24953,27.28,1,27.28,2.0,200,200,1,0.0,False
24956,751.34,1,751.34,2.0,176,176,2,0.9880347113157825,False
24960,3008.8199999999997,2,1504.4099999999999,2.0,285,712,2,0.9915315638688923,True
24962,32.6,1,32.6,1.0,161,161,1,0.0,False
24963,32.6,1,32.6,1.0,253,253,1,0.0,False
24966,2419.06,1,2419.06,2.0,254,254,2,0.9855357039511216,False
24968,44.54,1,44.54,3.0,186,186,1,0.0,False
24969,34.89,1,34.89,2.0,309,309,1,0.0,False
24971,152.6,1,152.6,2.0,60,60,1,0.0,False
24973,71.58,1,71.58,3.0,209,209,1,0.0,False
24974,100.09,1,100.09,3.0,113,113,2,0.0,False
24976,2181.5625,1,2181.5625,1.0,728,728,1,1.0,True
24977,2181.5625,1,2181.5625,1.0,719,719,1,1.0,True
24979,2419.06,1,2419.06,2.0,49,49,2,0.9855357039511216,False
24980,32.6,1,32.6,1.0,209,209,1,0.0,False
24982,34.89,1,34.89,2.0,246,246,1,0.0,False
24983,38.88,1,38.88,3.0,61,61,1,0.0,False
24987,2413.06,1,2413.06,2.0,48,48,2,0.9879862083827174,False
24988,2419.06,1,2419.06,2.0,270,270,2,0.9855357039511216,False
24991,34.89,1,34.89,2.0,261,261,1,0.0,False
24993,61.08,1,61.08,3.0,21,21,2,0.0,False
24994,34.89,1,34.89,2.0,336,336,1,0.0,False
24999,32.6,1,32.6,1.0,103,103,1,0.0,False
25001,49.97,1,49.97,3.0,176,176,1,0.0,False
25002,4.99,1,4.99,1.0,181,181,1,0.0,False
25005,64.97,1,64.97,3.0,275,275,1,0.0,False
25008,2438.06,1,2438.06,2.0,11,11,2,0.9778553440030189,False
25009,14.98,1,14.98,2.0,83,83,1,0.0,False
25010,1540.4275,2,770.21375,1.0,72,531,1,1.0,True
25012,74.46,1,74.46,4.0,261,261,2,0.0,False
25015,2461.55,1,2461.55,4.0,267,267,3,0.9685238975442304,False
25016,4.99,1,4.99,1.0,158,158,1,0.0,False
25017,14.98,1,14.98,2.0,126,126,1,0.0,False
25020,1549.4175,2,774.70875,1.5,90,519,2,0.9941978195031359,True
25022,1564.9175,2,782.45875,1.5,66,503,2,0.9843506127319811,True
25023,38.88,1,38.88,3.0,257,257,1,0.0,False
25025,2469.05,1,2469.05,3.0,270,270,3,0.9655819039711632,False
25029,2272.1975,2,1136.09875,3.0,153,511,2,0.933425681526364,True
25032,2184.8975,2,1092.44875,2.5,150,497,2,0.970721738662798,True
25033,2120.9275,2,1060.46375,1.0,147,516,1,1.0,True
25038,2438.06,1,2438.06,2.0,3,3,2,0.9778553440030189,False
25044,36.59,1,36.59,2.0,224,224,1,0.0,False
25045,38.88,1,38.88,3.0,332,332,1,0.0,False
25046,2181.5625,1,2181.5625,1.0,728,728,1,1.0,True
25049,2393.06,1,2393.06,2.0,245,245,2,0.9962433035527736,False
25050,2419.06,1,2419.06,2.0,242,242,2,0.9855357039511216,False
25052,2155.9175,2,1077.95875,1.5,184,460,2,0.9837702509488421,True
25053,2183.9075000000003,2,1091.9537500000001,2.0,212,482,2,0.97116178226413,True
25055,7.28,1,7.28,2.0,101,101,1,0.0,False
25056,7.28,1,7.28,2.0,132,132,1,0.0,False
25061,2443.35,1,2443.35,1.0,708,708,1,1.0,True
25065,71.58,1,71.58,3.0,275,275,1,0.0,False
25069,71.58,1,71.58,3.0,189,189,1,0.0,False
25072,2469.05,1,2469.05,3.0,12,12,3,0.9655819039711632,False
25073,2473.05,1,2473.05,3.0,7,7,3,0.9640201370776977,False
25074,2393.06,1,2393.06,2.0,221,221,2,0.9962433035527736,False
25076,2469.05,1,2469.05,3.0,11,11,3,0.9655819039711632,False
25077,2419.06,1,2419.06,2.0,16,16,2,0.9855357039511216,False
25079,2419.06,1,2419.06,2.0,215,215,2,0.9855357039511216,False
25080,2433.04,1,2433.04,4.0,235,235,2,0.9798729161871571,False
25082,34.89,1,34.89,2.0,80,80,1,0.0,False
25083,36.59,1,36.59,2.0,52,52,1,0.0,False
25085,1228.83,1,1228.83,3.0,344,344,2,0.9886233246258637,False
25089,34.89,1,34.89,2.0,100,100,1,0.0,False
25090,67.93,1,67.93,3.0,20,20,1,0.0,False
25091,36.59,1,36.59,2.0,267,267,1,0.0,False
25092,1257.82,1,1257.82,4.0,357,357,3,0.9658377192285065,False
25094,2443.35,1,2443.35,1.0,718,718,1,1.0,True
25095,2443.35,1,2443.35,1.0,698,698,1,1.0,True
25099,1249.84,1,1249.84,2.0,310,310,2,0.9720044165653203,False
25103,90.58,1,90.58,3.0,148,148,2,0.0,False
25105,2433.04,1,2433.04,4.0,240,240,2,0.9798729161871571,False
25109,4.99,1,4.99,1.0,217,217,1,0.0,False
25110,39.98,1,39.98,2.0,157,157,1,0.0,False
25111,2145.9175,2,1072.95875,1.5,208,447,2,0.9883546315270741,True
25113,2180.4075000000003,2,1090.2037500000001,2.0,133,437,3,0.9727206955580553,True
25114,2155.9175,2,1077.95875,1.5,136,452,2,0.9837702509488421,True
25116,39.98,1,39.98,2.0,214,214,1,0.0,False
25121,2155.9175,2,1077.95875,1.5,194,430,2,0.9837702509488421,True
25122,39.98,1,39.98,2.0,33,33,1,0.0,False
25124,64.47,1,64.47,3.0,218,218,2,0.0,False
25125,68.49,1,68.49,2.0,96,96,2,0.0,False
25126,2174.9175,2,1087.45875,1.5,196,420,2,0.9751760698969042,True
25127,2174.9175,2,1087.45875,1.5,182,418,2,0.9751760698969042,True
25133,2155.9175,2,1077.95875,1.5,153,419,2,0.9837702509488421,True
25134,39.98,1,39.98,2.0,17,17,1,0.0,False
25138,2120.9275,2,1060.46375,1.0,164,415,1,1.0,True
25139,60.47,1,60.47,3.0,73,73,1,0.0,False
25140,21.49,1,21.49,1.0,40,40,1,0.0,False
25142,13.98,1,13.98,2.0,270,270,2,0.0,False
25143,39.98,1,39.98,2.0,25,25,1,0.0,False
25144,25.48,1,25.48,2.0,104,104,1,0.0,False
25146,1223.84,1,1223.84,2.0,333,333,2,0.9926542685318342,False
25148,1249.84,1,1249.84,2.0,305,305,2,0.9720044165653203,False
25150,2419.06,1,2419.06,2.0,238,238,2,0.9855357039511216,False
25151,36.59,1,36.59,2.0,58,58,1,0.0,False
25154,45.58,1,45.58,3.0,7,7,2,0.0,False
25156,36.59,1,36.59,2.0,322,322,1,0.0,False
25159,71.58,1,71.58,3.0,97,97,1,0.0,False
25161,2438.06,1,2438.06,2.0,219,219,2,0.9778553440030189,False
25162,2384.07,1,2384.07,1.0,230,230,1,1.0,False
25167,71.58,1,71.58,3.0,40,40,1,0.0,False
25169,2384.07,1,2384.07,1.0,222,222,1,1.0,False
25170,32.6,1,32.6,1.0,73,73,1,0.0,False
25174,92.08,1,92.08,3.0,220,220,2,0.0,False
25175,2384.07,1,2384.07,1.0,230,230,1,1.0,False
25179,71.58,1,71.58,3.0,96,96,1,0.0,False
25181,32.6,1,32.6,1.0,301,301,1,0.0,False
25182,67.59,1,67.59,2.0,193,193,1,0.0,False
25183,82.59,1,82.59,2.0,199,199,2,0.0,False
25184,2438.06,1,2438.06,2.0,233,233,2,0.9778553440030189,False
25185,2453.04,1,2453.04,4.0,230,230,2,0.9718838665492616,False
25186,2462.55,1,2462.55,3.0,229,229,2,0.9681305963330695,False
25188,13.98,1,13.98,2.0,242,242,2,0.0,False
25191,2419.06,1,2419.06,2.0,224,224,2,0.9855357039511216,False
25194,32.6,1,32.6,1.0,181,181,1,0.0,False
25196,54.98,1,54.98,2.0,54,54,2,0.0,False
25200,100.09,1,100.09,3.0,5,5,2,0.0,False
25201,96.07,1,96.07,4.0,70,70,2,0.0,False
25203,1223.84,1,1223.84,2.0,292,292,2,0.9926542685318342,False
25204,1249.84,1,1249.84,2.0,287,287,2,0.9720044165653203,False
25205,32.27,1,32.27,3.0,60,60,1,0.0,False
25206,24.99,1,24.99,1.0,273,273,1,0.0,False
25209,98.96,1,98.96,4.0,158,158,2,0.0,False
25210,23.78,1,23.78,2.0,205,205,1,0.0,False
25212,27.77,1,27.77,3.0,45,45,1,0.0,False
25214,2149.9075000000003,2,1074.9537500000001,2.0,160,398,2,0.9865203502941408,True
25215,2155.9175,2,1077.95875,1.5,178,421,2,0.9837702509488421,True
25219,39.98,1,39.98,2.0,268,268,1,0.0,False
25220,23.78,1,23.78,2.0,295,295,1,0.0,False
25221,2143.8975,2,1071.94875,2.5,151,407,3,0.9892858683775697,True
25224,7.28,1,7.28,2.0,272,272,1,0.0,False
25226,2158.8975,2,1079.44875,2.5,163,373,3,0.9824123192509142,True
25229,2155.9175,2,1077.95875,1.5,167,378,2,0.9837702509488421,True
25230,80.96,1,80.96,3.0,231,231,2,0.0,False
25231,2189.8975,2,1094.94875,2.5,172,384,2,0.9685053752515816,True
25234,2174.9175,2,1087.45875,1.5,168,375,2,0.9751760698969042,True
25235,2155.9175,2,1077.95875,1.5,127,385,2,0.9837702509488421,True
25236,39.98,1,39.98,2.0,98,98,1,0.0,False
25239,7.28,1,7.28,2.0,94,94,1,0.0,False
25240,2120.9275,2,1060.46375,1.0,138,372,1,1.0,True
25245,58.98,1,58.98,2.0,137,137,1,0.0,False
25250,1883.5582,2,941.7791,2.5,124,1070,2,0.9660376833590807,True
25251,39.98,1,39.98,2.0,27,27,1,0.0,False
25253,73.96,1,73.96,4.0,286,286,2,0.0,False
25254,51.96,1,51.96,3.0,152,152,1,0.0,False
25256,67.93,1,67.93,3.0,306,306,1,0.0,False
25257,147.28,1,147.28,3.0,177,177,1,0.0,False
25258,49.48,1,49.48,2.0,131,131,2,0.0,False
25259,32.27,1,32.27,3.0,261,261,1,0.0,False
25260,34.89,1,34.89,2.0,121,121,1,0.0,False
25264,80.57,1,80.57,4.0,69,69,2,0.0,False
25266,57.98,1,57.98,2.0,178,178,2,0.0,False
25267,25.48,1,25.48,2.0,282,282,1,0.0,False
25268,60.47,1,60.47,3.0,100,100,1,0.0,False
25270,1854.5782,2,927.2891,1.5,133,1064,2,0.981133176266172,True
25271,1854.5782,2,927.2891,1.5,124,1054,2,0.981133176266172,True
25273,1898.0682000000002,2,949.0341000000001,2.0,135,1038,2,0.9586526975163484,True
25274,71.58,1,71.58,3.0,89,89,1,0.0,False
25280,38.88,1,38.88,3.0,7,7,1,0.0,False
25281,1249.84,1,1249.84,2.0,279,279,2,0.9720044165653203,False
25285,2438.06,1,2438.06,2.0,199,199,2,0.9778553440030189,False
25286,2393.06,1,2393.06,2.0,203,203,2,0.9962433035527736,False
25290,2419.06,1,2419.06,2.0,187,187,2,0.9855357039511216,False
25291,38.88,1,38.88,3.0,10,10,1,0.0,False
25294,1882.5682000000002,2,941.2841000000001,2.0,126,1062,2,0.9665457007082133,True
25298,4.99,1,4.99,1.0,116,116,1,0.0,False
25299,4.99,1,4.99,1.0,268,268,1,0.0,False
25300,75.48,1,75.48,2.0,207,207,2,0.0,False
25304,67.49,1,67.49,2.0,234,234,2,0.0,False
25309,562.96,1,562.96,4.0,35,35,3,0.9591978115674292,False
25311,1735.98,1,1735.98,2.0,106,106,2,0.9798442378368414,False
25314,7.28,1,7.28,2.0,279,279,1,0.0,False
25316,4.99,1,4.99,1.0,146,146,1,0.0,False
25317,88.98,1,88.98,3.0,164,164,2,0.0,False
25318,25.48,1,25.48,2.0,78,78,1,0.0,False
25320,2419.06,1,2419.06,2.0,39,39,2,0.9855357039511216,False
25321,1735.98,1,1735.98,2.0,73,73,2,0.9798442378368414,False
25322,7.28,1,7.28,2.0,200,200,1,0.0,False
25323,1714.97,1,1714.97,3.0,192,192,2,0.9918482539053162,False
25325,6.28,1,6.28,2.0,220,220,1,0.0,False
25327,4.99,1,4.99,1.0,192,192,1,0.0,False
25329,100.09,1,100.09,3.0,292,292,2,0.0,False
25332,39.98,1,39.98,2.0,214,214,1,0.0,False
25333,100.09,1,100.09,3.0,109,109,2,0.0,False
25334,2398.05,1,2398.05,3.0,209,209,2,0.9941702633389631,False
25336,24.99,1,24.99,1.0,248,248,1,0.0,False
25337,29.98,1,29.98,2.0,333,333,1,0.0,False
25339,1223.84,1,1223.84,2.0,286,286,2,0.9926542685318342,False
25340,4.99,1,4.99,1.0,42,42,1,0.0,False
25342,24.99,1,24.99,1.0,240,240,1,0.0,False
25343,24.99,1,24.99,1.0,267,267,1,0.0,False
25347,59.98,1,59.98,2.0,260,260,1,0.0,False
25349,4.99,1,4.99,1.0,155,155,1,0.0,False
25350,32.27,1,32.27,3.0,109,109,1,0.0,False
25354,24.99,1,24.99,1.0,32,32,1,0.0,False
25355,59.98,1,59.98,2.0,149,149,1,0.0,False
25357,147.28,1,147.28,3.0,83,83,1,0.0,False
25358,27.28,1,27.28,2.0,166,166,1,0.0,False
25359,24.99,1,24.99,1.0,222,222,1,0.0,False
25362,751.34,1,751.34,2.0,71,71,2,0.9880347113157825,False
25363,2443.35,1,2443.35,1.0,691,691,1,1.0,True
25364,751.34,1,751.34,2.0,47,47,2,0.9880347113157825,False
25365,780.82,1,780.82,4.0,26,26,3,0.9507312824978869,False
25367,4.99,1,4.99,1.0,1,1,1,0.0,False
25368,1283.82,1,1283.82,4.0,270,270,2,0.9462775155395616,False
25373,71.58,1,71.58,3.0,98,98,1,0.0,False
25374,71.58,1,71.58,3.0,184,184,1,0.0,False
25377,32.6,1,32.6,1.0,43,43,1,0.0,False
25381,1228.83,1,1228.83,3.0,262,262,2,0.9886233246258637,False
25385,1249.84,1,1249.84,2.0,272,272,2,0.9720044165653203,False
25386,1249.84,1,1249.84,2.0,230,230,2,0.9720044165653203,False
25387,1249.84,1,1249.84,2.0,229,229,2,0.9720044165653203,False
25388,1249.84,1,1249.84,2.0,222,222,2,0.9720044165653203,False
25390,1274.33,1,1274.33,3.0,239,239,3,0.9533244920860373,False
25392,1249.84,1,1249.84,2.0,203,203,2,0.9720044165653203,False
25394,1249.84,1,1249.84,2.0,213,213,2,0.9720044165653203,False
25395,1223.84,1,1223.84,2.0,210,210,2,0.9926542685318342,False
25396,2398.05,1,2398.05,3.0,185,185,2,0.9941702633389631,False
25399,2393.06,1,2393.06,2.0,209,209,2,0.9962433035527736,False
25401,2393.06,1,2393.06,2.0,191,191,2,0.9962433035527736,False
25407,2398.05,1,2398.05,3.0,204,204,2,0.9941702633389631,False
25408,2735.5325000000003,2,1367.7662500000001,2.0,216,695,2,0.9948894776428356,True
25411,1214.85,1,1214.85,1.0,204,204,1,1.0,False
25412,1223.84,1,1223.84,2.0,191,191,2,0.9926542685318342,False
25413,1228.83,1,1228.83,3.0,187,187,2,0.9886233246258637,False
25414,2453.04,1,2453.04,4.0,207,207,2,0.9718838665492616,False
25415,2433.04,1,2433.04,4.0,202,202,2,0.9798729161871571,False
25416,40.22,1,40.22,4.0,164,164,1,0.0,False
25419,1249.84,1,1249.84,2.0,189,189,2,0.9720044165653203,False
25423,2478.04,1,2478.04,4.0,208,208,3,0.9620789010669726,False
25424,71.58,1,71.58,3.0,62,62,1,0.0,False
25428,36.59,1,36.59,2.0,206,206,1,0.0,False
25430,2419.06,1,2419.06,2.0,185,185,2,0.9855357039511216,False
25431,71.58,1,71.58,3.0,57,57,1,0.0,False
25432,1249.84,1,1249.84,2.0,167,167,2,0.9720044165653203,False
25434,38.88,1,38.88,3.0,258,258,1,0.0,False
25436,1243.84,1,1243.84,2.0,160,160,2,0.976693143812709,False
25440,57.09,1,57.09,2.0,3,3,2,0.0,False
25441,71.58,1,71.58,3.0,256,256,1,0.0,False
25442,1735.98,1,1735.98,2.0,90,90,2,0.9798442378368414,False
25443,1750.98,1,1750.98,2.0,193,193,2,0.9714502735610915,False
25445,1735.98,1,1735.98,2.0,182,182,2,0.9798442378368414,False
25447,1164.47,1,1164.47,3.0,61,61,3,0.9622317449139952,False
25448,1174.48,1,1174.48,2.0,41,41,2,0.9540307199782031,False
25449,608.96,1,608.96,4.0,62,62,2,0.8867413294797688,False
25450,567.76,1,567.76,4.0,45,45,2,0.9510884880935607,False
25452,2384.07,1,2384.07,1.0,45,45,1,1.0,False
25454,1155.48,1,1155.48,2.0,83,83,2,0.9697182123446533,False
25457,2420.34,1,2420.34,4.0,20,20,2,0.9850145020947472,False
25458,2413.06,1,2413.06,2.0,9,9,2,0.9879862083827174,False
25460,553.97,1,553.97,3.0,45,45,2,0.9747639763886131,False
25461,1775.97,1,1775.97,3.0,70,70,3,0.9577808183696797,False
25462,1764.96,1,1764.96,4.0,174,174,2,0.9637555525337684,False
25463,2384.07,1,2384.07,1.0,4,4,1,1.0,False
25465,1155.48,1,1155.48,2.0,45,45,2,0.9697182123446533,False
25466,4.99,1,4.99,1.0,200,200,1,0.0,False
25468,548.98,1,548.98,2.0,41,41,2,0.9836241757441072,False
25469,39.98,1,39.98,2.0,254,254,1,0.0,False
25473,4.99,1,4.99,1.0,218,218,1,0.0,False
25476,4.99,1,4.99,1.0,270,270,1,0.0,False
25480,1120.49,1,1120.49,1.0,42,42,1,1.0,False
25482,162.99,1,162.99,2.0,65,65,1,0.0,False
25488,1120.49,1,1120.49,1.0,54,54,1,1.0,False
25492,1764.96,1,1764.96,4.0,160,160,2,0.9637555525337684,False
25493,1243.44,1,1243.44,6.0,18,18,3,0.9011210834459242,False
25498,1785.97,1,1785.97,3.0,137,137,3,0.9524180137404323,False
25500,1170.48,1,1170.48,2.0,43,43,2,0.9572910259039027,False
25501,1155.48,1,1155.48,2.0,18,18,2,0.9697182123446533,False
25502,1174.48,1,1174.48,2.0,15,15,2,0.9540307199782031,False
25505,38.98,1,38.98,2.0,106,106,1,0.0,False
25509,21.49,1,21.49,1.0,63,63,1,0.0,False
25512,38.98,1,38.98,2.0,290,290,1,0.0,False
25513,7.28,1,7.28,2.0,279,279,1,0.0,False
25514,7.28,1,7.28,2.0,198,198,1,0.0,False
25517,39.98,1,39.98,2.0,81,81,1,0.0,False
25519,39.98,1,39.98,2.0,56,56,1,0.0,False
25522,628.97,1,628.97,4.0,59,59,3,0.8585306135427763,False
25524,25.48,1,25.48,2.0,268,268,1,0.0,False
25525,663.44,1,663.44,6.0,35,35,3,0.8139243940672856,False
25528,565.47,1,565.47,3.0,48,48,2,0.9549401382920403,False
25529,21.49,1,21.49,1.0,309,309,1,0.0,False
25530,23.78,1,23.78,2.0,137,137,1,0.0,False
25533,27.77,1,27.77,3.0,154,154,1,0.0,False
25534,4.99,1,4.99,1.0,138,138,1,0.0,False
25535,39.98,1,39.98,2.0,119,119,1,0.0,False
25537,38.98,1,38.98,2.0,69,69,1,0.0,False
25538,1228.83,1,1228.83,3.0,279,279,2,0.9886233246258637,False
25539,1277.83,1,1277.83,3.0,231,231,2,0.9507133186730629,False
25541,21.49,1,21.49,1.0,179,179,1,0.0,False
25542,13.98,1,13.98,2.0,38,38,2,0.0,False
25545,38.98,1,38.98,2.0,4,4,1,0.0,False
25546,1179.47,1,1179.47,3.0,62,62,2,0.9499944890501666,False
25547,3.99,1,3.99,1.0,323,323,1,0.0,False
25550,574.98,1,574.98,2.0,50,50,2,0.9391457094159796,False
25551,143.78,1,143.78,3.0,16,16,1,0.0,False
25552,553.97,1,553.97,3.0,24,24,2,0.9747639763886131,False
25554,7.28,1,7.28,2.0,247,247,1,0.0,False
25556,1253.0682000000002,2,626.5341000000001,2.0,85,1013,2,0.9888433845819405,True
25557,1262.8682,2,631.4341,2.0,67,1009,2,0.9811698481282528,True
25559,1253.0682000000002,2,626.5341000000001,2.0,76,1009,2,0.9888433845819405,True
25563,1239.0882000000001,2,619.5441000000001,1.0,86,990,1,1.0,True
25565,1239.0882000000001,2,619.5441000000001,1.0,70,953,1,1.0,True
25567,1239.0882000000001,2,619.5441000000001,1.0,82,963,1,1.0,True
25569,89.97,1,89.97,3.0,204,204,2,0.0,False
25572,1169.46,1,1169.46,4.0,35,35,2,0.9581259726711473,False
25573,1155.48,1,1155.48,2.0,57,57,2,0.9697182123446533,False
25574,1273.83,1,1273.83,3.0,187,187,2,0.9536986882080026,False
25577,1155.48,1,1155.48,2.0,4,4,2,0.9697182123446533,False
25579,39.98,1,39.98,2.0,278,278,1,0.0,False
25582,1164.47,1,1164.47,3.0,24,24,3,0.9622317449139952,False
25584,1169.46,1,1169.46,4.0,18,18,2,0.9581259726711473,False
25585,1188.46,1,1188.46,4.0,4,4,3,0.9428083402049711,False
25586,1223.84,1,1223.84,2.0,186,186,2,0.9926542685318342,False
25588,1223.84,1,1223.84,2.0,214,214,2,0.9926542685318342,False
25589,539.99,1,539.99,1.0,11,11,1,1.0,False
25594,1214.85,1,1214.85,1.0,153,153,1,1.0,False
25596,539.99,1,539.99,1.0,13,13,1,1.0,False
25597,539.99,1,539.99,1.0,13,13,1,1.0,False
25598,1151.76,1,1151.76,4.0,26,26,2,0.9728502465791484,False
25599,1174.48,1,1174.48,2.0,19,19,2,0.9540307199782031,False
25601,583.97,1,583.97,3.0,29,29,3,0.9246879120502766,False
25602,1763.97,1,1763.97,3.0,139,139,2,0.9642964449508779,False
25605,600.46,1,600.46,4.0,351,351,2,0.8992938746960664,False
25611,564.48,1,564.48,2.0,355,355,2,0.9566149376417233,False
25613,1249.84,1,1249.84,2.0,129,129,2,0.9720044165653203,False
25614,1228.83,1,1228.83,3.0,130,130,2,0.9886233246258637,False
25617,1249.84,1,1249.84,2.0,131,131,2,0.9720044165653203,False
25619,1273.83,1,1273.83,3.0,122,122,2,0.9536986882080026,False
25620,39.98,1,39.98,2.0,264,264,1,0.0,False
25622,2398.05,1,2398.05,3.0,198,198,2,0.9941702633389631,False
25624,38.88,1,38.88,3.0,230,230,1,0.0,False
25625,2433.04,1,2433.04,4.0,364,364,2,0.9798729161871571,False
25626,548.98,1,548.98,2.0,326,326,2,0.9836241757441072,False
25628,6.28,1,6.28,2.0,271,271,1,0.0,False
25629,23.78,1,23.78,2.0,252,252,1,0.0,False
25632,53.98,1,53.98,2.0,299,299,2,0.0,False
25634,1750.98,1,1750.98,2.0,92,92,2,0.9714502735610915,False
25636,1174.48,1,1174.48,2.0,20,20,2,0.9540307199782031,False
25639,1228.83,1,1228.83,3.0,74,74,2,0.9886233246258637,False
25641,561.48,1,561.48,2.0,365,365,2,0.9617261523117475,False
25642,583.97,1,583.97,3.0,309,309,3,0.9246879120502766,False
25643,39.98,1,39.98,2.0,215,215,1,0.0,False
25644,18.97,1,18.97,3.0,90,90,1,0.0,False
25645,21.49,1,21.49,1.0,325,325,1,0.0,False
25646,539.99,1,539.99,1.0,316,316,1,1.0,False
25648,4.99,1,4.99,1.0,185,185,1,0.0,False
25650,60.47,1,60.47,3.0,98,98,1,0.0,False
25652,39.98,1,39.98,2.0,119,119,1,0.0,False
25659,567.76,1,567.76,4.0,257,257,2,0.9510884880935607,False
25662,94.97,1,94.97,3.0,106,106,1,0.0,False
25663,94.97,1,94.97,3.0,139,139,1,0.0,False
25665,4.99,1,4.99,1.0,245,245,1,0.0,False
25666,39.98,1,39.98,2.0,210,210,1,0.0,False
25667,23.78,1,23.78,2.0,246,246,1,0.0,False
25668,88.97,1,88.97,3.0,130,130,2,0.0,False
25669,38.98,1,38.98,2.0,272,272,1,0.0,False
25670,48.97,1,48.97,3.0,36,36,2,0.0,False
25675,548.98,1,548.98,2.0,318,318,2,0.9836241757441072,False
25679,39.98,1,39.98,2.0,115,115,1,0.0,False
25680,27.77,1,27.77,3.0,198,198,1,0.0,False
25681,2398.05,1,2398.05,3.0,305,305,2,0.9941702633389631,False
25682,38.98,1,38.98,2.0,217,217,1,0.0,False
25683,1251.12,1,1251.12,4.0,45,45,2,0.9710099750623441,False
25684,23.78,1,23.78,2.0,81,81,1,0.0,False
25686,6.28,1,6.28,2.0,285,285,1,0.0,False
25688,68.97,1,68.97,3.0,123,123,1,0.0,False
25689,6.28,1,6.28,2.0,173,173,1,0.0,False
25693,1236.78,1,1236.78,4.0,17,17,2,0.9822684713530296,False
25697,68.97,1,68.97,3.0,329,329,1,0.0,False
25698,68.97,1,68.97,3.0,116,116,1,0.0,False
25699,47.97,1,47.97,3.0,207,207,2,0.0,False
25700,1268.84,1,1268.84,2.0,16,16,2,0.9574493237918098,False
25701,600.46,1,600.46,4.0,322,322,2,0.8992938746960664,False
25702,2419.06,1,2419.06,2.0,276,276,2,0.9855357039511216,False
25703,607.96,1,607.96,4.0,307,307,3,0.8881998815711559,False
25706,1239.0882000000001,2,619.5441000000001,1.0,57,928,1,1.0,True
25708,1253.0682000000002,2,626.5341000000001,2.0,34,921,2,0.9888433845819405,True
25709,1308.0582,2,654.0291,2.5,39,925,2,0.9472729883119879,True
25713,1288.0582,2,644.0291,2.5,52,907,2,0.9619815315798618,True
25714,1308.0582,2,654.0291,2.5,33,899,2,0.9472729883119879,True
25716,1302.5882000000001,2,651.2941000000001,1.5,43,885,2,0.9512509018583156,True
25718,1274.0782,2,637.0391,1.5,49,867,2,0.9725370075400396,True
25719,60.47,1,60.47,3.0,320,320,1,0.0,False
25720,2433.04,1,2433.04,4.0,273,273,2,0.9798729161871571,False
25721,583.97,1,583.97,3.0,282,282,3,0.9246879120502766,False
25722,777.34,1,777.34,2.0,355,355,2,0.9549875215478426,False
25723,777.34,1,777.34,2.0,358,358,2,0.9549875215478426,False
25724,2442.03,1,2442.03,5.0,267,267,3,0.9762656478421644,False
25725,2419.06,1,2419.06,2.0,269,269,2,0.9855357039511216,False
25726,663.44,1,663.44,6.0,300,300,3,0.8139243940672856,False
25728,574.98,1,574.98,2.0,297,297,2,0.9391457094159796,False
25733,76.96,1,76.96,4.0,152,152,2,0.0,False
25734,2384.07,1,2384.07,1.0,190,190,1,1.0,False
25735,2407.04,1,2407.04,4.0,211,211,3,0.9904571590002662,False
25736,2453.04,1,2453.04,4.0,209,209,2,0.9718838665492616,False
25737,1764.96,1,1764.96,4.0,111,111,2,0.9637555525337684,False
25741,567.76,1,567.76,4.0,301,301,2,0.9510884880935607,False
25744,2428.29,1,2428.29,5.0,156,156,2,0.9817896544481922,False
25749,742.35,1,742.35,1.0,333,333,1,1.0,False
25752,756.33,1,756.33,3.0,329,329,2,0.9815160049184879,False
25753,3.99,1,3.99,1.0,50,50,1,0.0,False
25756,2493.54,1,2493.54,4.0,162,162,3,0.9560985586756181,False
25759,742.35,1,742.35,1.0,311,311,1,1.0,False
25760,567.76,1,567.76,4.0,271,271,2,0.9510884880935607,False
25767,2453.04,1,2453.04,4.0,195,195,2,0.9718838665492616,False
25769,2514.93,1,2514.93,4.0,342,342,2,0.9715379752120339,False
25771,25.48,1,25.48,2.0,78,78,1,0.0,False
25774,2537.32,1,2537.32,4.0,117,117,3,0.9629648605615376,False
25776,2514.61,1,2514.61,5.0,74,74,2,0.971661609553768,False
25778,2443.35,1,2443.35,1.0,63,63,1,1.0,False
25779,2479.94,1,2479.94,3.0,361,361,2,0.9852456107809061,False
25780,2479.94,1,2479.94,3.0,342,342,2,0.9852456107809061,False
25783,4.99,1,4.99,1.0,306,306,1,0.0,False
25784,4.99,1,4.99,1.0,117,117,1,0.0,False
25788,60.47,1,60.47,3.0,316,316,1,0.0,False
25791,60.47,1,60.47,3.0,33,33,1,0.0,False
25793,2479.94,1,2479.94,3.0,364,364,2,0.9852456107809061,False
25795,2482.23,1,2482.23,4.0,356,356,2,0.9843366650149262,False
25796,2475.95,1,2475.95,2.0,85,85,2,0.9868333366990448,False
25797,21.49,1,21.49,1.0,81,81,1,0.0,False
25799,13.98,1,13.98,2.0,334,334,2,0.0,False
25801,4.99,1,4.99,1.0,333,333,1,0.0,False
25803,30.48,1,30.48,2.0,322,322,2,0.0,False
25810,114.46,1,114.46,4.0,201,201,2,0.0,False
25811,86.45,1,86.45,4.0,335,335,2,0.0,False
25812,113.97,1,113.97,3.0,30,30,2,0.0,False
25813,26.97,1,26.97,2.0,280,280,1,0.0,False
25815,39.98,1,39.98,2.0,319,319,1,0.0,False
25816,7.28,1,7.28,2.0,153,153,1,0.0,False
25818,35.96,1,35.96,3.0,251,251,2,0.0,False
25819,1873.5782,2,936.7891,1.5,139,863,2,0.9711834819598136,True
25821,1879.0682000000002,2,939.5341000000001,2.0,128,858,3,0.9683460131995208,True
25822,1819.5882000000001,2,909.7941000000001,1.0,137,864,1,1.0,True
25823,1887.5582,2,943.7791,2.5,140,869,3,0.963990514305731,True
25824,39.98,1,39.98,2.0,89,89,1,0.0,False
25825,4.99,1,4.99,1.0,156,156,1,0.0,False
25828,1873.5782,2,936.7891,1.5,93,854,2,0.9711834819598136,True
25829,1894.0682000000002,2,947.0341000000001,2.0,122,840,2,0.9606772343255644,True
25831,1882.5682000000002,2,941.2841000000001,2.0,108,853,2,0.9665457007082133,True
25832,1850.8582000000001,2,925.4291000000001,2.5,95,823,2,0.98310513468833,True
25833,36.59,1,36.59,2.0,95,95,1,0.0,False
25834,27.28,1,27.28,2.0,99,99,1,0.0,False
25835,27.28,1,27.28,2.0,317,317,1,0.0,False
25836,34.89,1,34.89,2.0,82,82,1,0.0,False
25840,1249.84,1,1249.84,2.0,169,169,2,0.9720044165653203,False
25841,64.97,1,64.97,3.0,125,125,1,0.0,False
25843,27.28,1,27.28,2.0,190,190,1,0.0,False
25845,13.98,1,13.98,2.0,6,6,2,0.0,False
25846,64.97,1,64.97,3.0,105,105,1,0.0,False
25848,27.28,1,27.28,2.0,266,266,1,0.0,False
25851,24.99,1,24.99,1.0,26,26,1,0.0,False
25854,27.28,1,27.28,2.0,211,211,1,0.0,False
25855,40.22,1,40.22,4.0,308,308,1,0.0,False
25856,750.3,1,750.3,2.0,14,14,2,0.989404238304678,False
25860,27.28,1,27.28,2.0,95,95,1,0.0,False
25862,64.97,1,64.97,3.0,127,127,1,0.0,False
25863,4631.11,2,2315.555,2.5,157,1097,2,0.9964868033797514,True
25864,2443.35,1,2443.35,1.0,690,690,1,1.0,True
25865,4643.83,2,2321.915,1.5,175,1076,2,0.9883738207470989,True
25867,5784.0599999999995,2,2892.0299999999997,1.0,184,1037,1,1.0,True
25869,79.97,1,79.97,3.0,133,133,2,0.0,False
25870,37.93,1,37.93,3.0,209,209,1,0.0,False
25871,64.97,1,64.97,3.0,115,115,1,0.0,False
25872,5819.049999999999,2,2909.5249999999996,1.5,189,1052,2,0.9939869910036863,True
25875,2443.35,1,2443.35,1.0,683,683,1,1.0,True
25880,32.27,1,32.27,3.0,98,98,1,0.0,False
25883,2443.35,1,2443.35,1.0,685,685,1,1.0,True
25884,39.98,1,39.98,2.0,203,203,1,0.0,False
25885,59.98,1,59.98,2.0,128,128,1,0.0,False
25886,4673.3099999999995,2,2336.6549999999997,2.5,136,1015,3,0.9874885252636784,True
25887,4673.3099999999995,2,2336.6549999999997,2.5,132,1032,3,0.9874885252636784,True
25891,5759.0599999999995,2,2879.5299999999997,1.0,201,975,1,1.0,True
25896,121.57,1,121.57,4.0,188,188,2,0.0,False
25897,32.6,1,32.6,1.0,80,80,1,0.0,False
25899,71.58,1,71.58,3.0,294,294,1,0.0,False
25901,5793.049999999999,2,2896.5249999999996,1.5,208,993,2,0.998448140444153,True
25902,64.97,1,64.97,3.0,311,311,1,0.0,False
25903,5773.04,2,2886.52,2.0,208,995,2,0.9975783989024847,True
25904,89.46,1,89.46,4.0,28,28,2,0.0,False
25909,4658.8099999999995,2,2329.4049999999997,2.5,112,951,2,0.9851957903413104,True
25910,4623.83,2,2311.915,1.5,114,947,2,0.9980557243670292,True
25913,6.28,1,6.28,2.0,46,46,1,0.0,False
25914,37.93,1,37.93,3.0,125,125,1,0.0,False
25915,42.97,1,42.97,3.0,64,64,2,0.0,False
25919,1248.0782,2,624.0391,1.5,32,814,2,0.9927969257054566,True
25921,1253.0682000000002,2,626.5341000000001,2.0,60,801,2,0.9888433845819405,True
25925,13.98,1,13.98,2.0,245,245,2,0.0,False
25926,1308.0582,2,654.0291,2.5,43,787,2,0.9472729883119879,True
25928,1316.0482000000002,2,658.0241000000001,3.0,56,788,3,0.9415218986660214,True
25930,29.98,1,29.98,2.0,208,208,1,0.0,False
25933,49.48,1,49.48,2.0,124,124,2,0.0,False
25937,1299.5582,2,649.7791,2.5,54,784,2,0.9534688019359194,True
25938,1308.0582,2,654.0291,2.5,58,766,2,0.9472729883119879,True
25939,1264.5682000000002,2,632.2841000000001,2.0,53,750,2,0.9798508297140478,True
25941,1255.3582000000001,2,627.6791000000001,2.5,35,745,2,0.9870395557220242,True
25942,4598.83,2,2299.415,1.5,102,959,2,0.9980451549633277,True
25944,1274.0782,2,637.0391,1.5,55,751,2,0.9725370075400396,True
25946,1873.5782,2,936.7891,1.5,147,735,2,0.9711834819598136,True
25947,1854.5782,2,927.2891,1.5,136,753,2,0.981133176266172,True
25948,1819.5882000000001,2,909.7941000000001,1.0,138,740,1,1.0,True
25949,1882.5682000000002,2,941.2841000000001,2.0,98,758,2,0.9665457007082133,True
25952,4598.83,2,2299.415,1.5,111,940,2,0.9980451549633277,True
25953,59.98,1,59.98,2.0,277,277,1,0.0,False
25954,27.28,1,27.28,2.0,217,217,1,0.0,False
25955,4643.83,2,2321.915,1.5,115,925,2,0.9883738207470989,True
25959,27.28,1,27.28,2.0,266,266,1,0.0,False
25960,1957.47,2,978.735,1.5,95,708,2,0.9724184789549776,True
25961,1938.47,2,969.235,1.5,111,730,2,0.981949681965674,True
25964,4649.83,2,2324.915,1.5,104,932,2,0.9924749937094475,True
25965,32.27,1,32.27,3.0,230,230,1,0.0,False
25969,4649.83,2,2324.915,1.5,76,930,2,0.9924749937094475,True
25970,4603.82,2,2301.91,2.0,67,919,2,0.9969633912707274,True
25971,2749.3225,2,1374.66125,2.5,228,650,2,0.9898993297439643,True
25975,5807.03,2,2903.515,2.5,167,942,3,0.9960444495723288,True
25976,5759.0599999999995,2,2879.5299999999997,1.0,159,930,1,1.0,True
25978,5813.049999999999,2,2906.5249999999996,1.5,162,899,2,0.9907122766877973,True
25982,5819.049999999999,2,2909.5249999999996,1.5,164,890,2,0.9939869910036863,True
25986,4624.83,2,2312.415,1.5,87,876,2,0.9924343165046067,True
25987,4639.83,2,2319.915,1.5,67,873,2,0.9892258983626556,True
25988,64.97,1,64.97,3.0,130,130,1,0.0,False
25989,2744.5225,2,1372.26125,2.5,213,619,3,0.9916306024089803,True
25991,2845.5225,2,1422.76125,3.0,206,633,3,0.9564333088211394,True
25993,4648.3099999999995,2,2324.1549999999997,2.5,88,857,3,0.9874212348143735,True
25995,2443.35,1,2443.35,1.0,552,552,1,1.0,True
25998,4649.83,2,2324.915,1.5,58,838,2,0.9924749937094475,True
25999,2181.5625,1,2181.5625,1.0,553,553,1,1.0,True
26002,4699.3099999999995,2,2349.6549999999997,2.5,57,824,3,0.9767050907473652,True
26004,4698.8099999999995,2,2349.4049999999997,2.5,57,841,3,0.9821295178992129,True
26009,40.22,1,40.22,4.0,2,2,1,0.0,False
26010,24.99,1,24.99,1.0,303,303,1,0.0,False
26012,5794.049999999999,2,2897.0249999999996,1.5,178,814,2,0.9939610462457176,True
26014,4713.33,2,2356.665,2.0,48,808,3,0.9791039456180662,True
26015,4614.84,2,2307.42,1.0,62,818,1,1.0,True
26016,4683.299999999999,2,2341.6499999999996,3.0,49,805,3,0.9800439860781929,True
26017,89.46,1,89.46,4.0,330,330,2,0.0,False
26019,1957.47,2,978.735,1.5,114,727,2,0.9724184789549776,True
26024,1952.45,2,976.225,2.5,85,691,2,0.9749186918999206,True
26027,1938.47,2,969.235,1.5,63,672,2,0.981949681965674,True
26030,21.49,1,21.49,1.0,198,198,1,0.0,False
26032,7.28,1,7.28,2.0,328,328,1,0.0,False
26034,21.49,1,21.49,1.0,124,124,1,0.0,False
26035,88.98,1,88.98,3.0,164,164,2,0.0,False
26036,88.98,1,88.98,3.0,56,56,2,0.0,False
26037,38.98,1,38.98,2.0,312,312,1,0.0,False
26039,27.28,1,27.28,2.0,55,55,1,0.0,False
26040,3018.33,2,1509.165,1.5,175,533,2,0.988407496860847,True
26042,5759.0599999999995,2,2879.5299999999997,1.0,154,812,1,1.0,True
26044,86.95,1,86.95,4.0,254,254,1,0.0,False
26047,64.97,1,64.97,3.0,224,224,1,0.0,False
26048,191.27,1,191.27,4.0,158,158,1,0.0,False
26049,2181.5625,1,2181.5625,1.0,546,546,1,1.0,True
26050,4624.83,2,2312.415,1.5,43,820,2,0.9924343165046067,True
26055,5784.0599999999995,2,2892.0299999999997,1.0,175,802,1,1.0,True
26056,5838.049999999999,2,2919.0249999999996,1.5,173,787,2,0.9907520490574764,True
26059,118.96,1,118.96,4.0,230,230,2,0.0,False
26063,29.98,1,29.98,2.0,62,62,1,0.0,False
26065,49.48,1,49.48,2.0,74,74,2,0.0,False
26067,64.97,1,64.97,3.0,42,42,1,0.0,False
26068,24.99,1,24.99,1.0,56,56,1,0.0,False
26069,51.46,1,51.46,3.0,300,300,2,0.0,False
26070,5768.049999999999,2,2884.0249999999996,1.5,156,771,2,0.9984414143428022,True
26071,89.46,1,89.46,4.0,252,252,2,0.0,False
26072,24.99,1,24.99,1.0,22,22,1,0.0,False
26075,5768.049999999999,2,2884.0249999999996,1.5,174,773,2,0.9984414143428022,True
26085,64.47,1,64.47,3.0,196,196,2,0.0,False
26086,149.98,1,149.98,3.0,70,70,1,0.0,False
26088,49.48,1,49.48,2.0,108,108,2,0.0,False
26089,5798.04,2,2899.02,2.0,131,781,2,0.9975888403667447,True
26090,5819.049999999999,2,2909.5249999999996,1.5,129,789,2,0.9939869910036863,True
26091,5828.03,2,2914.015,2.5,152,780,2,0.9881658124615008,True
26092,64.97,1,64.97,3.0,15,15,1,0.0,False
26094,4648.3099999999995,2,2324.1549999999997,2.5,58,789,3,0.9874212348143735,True
26095,15.23,1,15.23,3.0,140,140,1,0.0,False
26096,5843.54,2,2921.77,2.0,138,739,3,0.9898212384958434,True
26097,5773.04,2,2886.52,2.0,130,740,2,0.9975783989024847,True
26098,5793.049999999999,2,2896.5249999999996,1.5,142,733,2,0.998448140444153,True
26099,39.98,1,39.98,2.0,228,228,1,0.0,False
26104,114.96,1,114.96,4.0,131,131,2,0.0,False
26105,40.22,1,40.22,4.0,201,201,1,0.0,False
26107,5800.33,2,2900.165,2.5,132,757,2,0.9971949871817639,True
26109,64.97,1,64.97,3.0,69,69,1,0.0,False
26110,5759.0599999999995,2,2879.5299999999997,1.0,143,750,1,1.0,True
26111,5794.049999999999,2,2897.0249999999996,1.5,130,743,2,0.9939610462457176,True
26113,2730.5425,2,1365.27125,1.5,163,513,2,0.9967076139631594,True
26114,5853.03,2,2926.515,2.5,146,749,2,0.9882163597316262,True
26115,3052.8,2,1526.4,3.0,166,488,3,0.9772471174004196,True
26116,5794.049999999999,2,2897.0249999999996,1.5,126,744,2,0.9939610462457176,True
26121,3300.2496,2,1650.1248,2.0,38,716,2,0.9957639567625431,True
26123,64.97,1,64.97,3.0,323,323,1,0.0,False
26124,64.97,1,64.97,3.0,202,202,1,0.0,False
26125,29.98,1,29.98,2.0,210,210,1,0.0,False
26126,28.99,1,28.99,1.0,19,19,1,0.0,False
26127,2049.0982,1,2049.0982,1.0,724,724,1,1.0,True
26128,68.97,1,68.97,3.0,176,176,1,0.0,False
26129,21.49,1,21.49,1.0,14,14,1,0.0,False
26130,21.49,1,21.49,1.0,282,282,1,0.0,False
26134,1926.45,2,963.225,2.5,75,698,3,0.9880765137948039,True
26136,39.98,1,39.98,2.0,142,142,1,0.0,False
26137,69.99,1,69.99,1.0,115,115,1,0.0,False
26138,1957.47,2,978.735,1.5,68,641,2,0.9724184789549776,True
26139,34.47,1,34.47,3.0,303,303,2,0.0,False
26142,1952.45,2,976.225,2.5,109,645,2,0.9749186918999206,True
26143,123.98,1,123.98,2.0,179,179,1,0.0,False
26145,78.98,1,78.98,2.0,176,176,1,0.0,False
26149,78.98,1,78.98,2.0,87,87,1,0.0,False
26152,1938.47,2,969.235,1.5,53,669,2,0.981949681965674,True
26155,128.97,1,128.97,3.0,96,96,1,0.0,False
26156,78.98,1,78.98,2.0,135,135,1,0.0,False
26158,94.48,1,94.48,2.0,242,242,1,0.0,False
26159,69.99,1,69.99,1.0,107,107,1,0.0,False
26162,1903.48,2,951.74,1.0,123,634,1,1.0,True
26163,123.98,1,123.98,2.0,281,281,1,0.0,False
26164,69.99,1,69.99,1.0,178,178,1,0.0,False
26165,1957.47,2,978.735,1.5,60,640,2,0.9724184789549776,True
26167,1903.48,2,951.74,1.0,123,612,1,1.0,True
26168,31.28,1,31.28,2.0,42,42,1,0.0,False
26171,27.28,1,27.28,2.0,208,208,1,0.0,False
26173,4.99,1,4.99,1.0,244,244,1,0.0,False
26174,2071.4196,1,2071.4196,1.0,722,722,1,1.0,True
26175,88.97,1,88.97,3.0,288,288,1,0.0,False
26177,29.48,1,29.48,2.0,114,114,2,0.0,False
26180,4.99,1,4.99,1.0,107,107,1,0.0,False
26184,36.27,1,36.27,3.0,267,267,1,0.0,False
26185,67.97,1,67.97,3.0,211,211,2,0.0,False
26186,38.98,1,38.98,2.0,40,40,1,0.0,False
26188,1938.47,2,969.235,1.5,102,615,2,0.981949681965674,True
26189,1926.45,2,963.225,2.5,90,610,3,0.9880765137948039,True
26195,27.28,1,27.28,2.0,331,331,1,0.0,False
26198,27.28,1,27.28,2.0,119,119,1,0.0,False
26199,24.99,1,24.99,1.0,333,333,1,0.0,False
26201,4498.4596,2,2249.2298,2.5,145,720,3,0.9904478413010535,True
26205,2451.3,1,2451.3,2.0,31,31,2,0.9967568229102926,False
26207,2443.35,1,2443.35,1.0,7,7,1,1.0,False
26208,48.97,1,48.97,3.0,188,188,2,0.0,False
26211,565.47,1,565.47,3.0,264,264,2,0.9549401382920403,False
26212,23.78,1,23.78,2.0,86,86,1,0.0,False
26216,92.97,1,92.97,3.0,168,168,2,0.0,False
26217,38.98,1,38.98,2.0,35,35,1,0.0,False
26219,570.47,1,570.47,3.0,227,227,3,0.9465703717986923,False
26222,561.48,1,561.48,2.0,275,275,2,0.9617261523117475,False
26226,4.99,1,4.99,1.0,174,174,1,0.0,False
26227,1709.98,1,1709.98,2.0,63,63,2,0.9947426285687552,False
26228,1700.99,1,1700.99,1.0,77,77,1,1.0,False
26230,2398.05,1,2398.05,3.0,82,82,2,0.9941702633389631,False
26231,1764.96,1,1764.96,4.0,45,45,2,0.9637555525337684,False
26234,3292.9381999999996,2,1646.4690999999998,1.5,55,719,2,0.9911963121567238,True
26235,2181.5625,1,2181.5625,1.0,446,446,1,1.0,True
26237,27.28,1,27.28,2.0,311,311,1,0.0,False
26240,29.98,1,29.98,2.0,247,247,1,0.0,False
26243,27.28,1,27.28,2.0,23,23,1,0.0,False
26248,68.97,1,68.97,3.0,177,177,1,0.0,False
26250,156.27,1,156.27,4.0,319,319,1,0.0,False
26252,3300.2182,2,1650.1091,2.5,40,724,2,0.9890098175932732,True
26253,33.98,1,33.98,2.0,202,202,1,0.0,False
26255,36.27,1,36.27,3.0,86,86,1,0.0,False
26256,93.46,1,93.46,4.0,82,82,2,0.0,False
26257,82.95,1,82.95,5.0,118,118,1,0.0,False
26261,195.27,1,195.27,4.0,254,254,1,0.0,False
26262,68.97,1,68.97,3.0,196,196,1,0.0,False
26264,31.28,1,31.28,2.0,284,284,1,0.0,False
26265,36.27,1,36.27,3.0,59,59,1,0.0,False
26266,93.46,1,93.46,4.0,221,221,2,0.0,False
26267,21.49,1,21.49,1.0,71,71,1,0.0,False
26269,13.98,1,13.98,2.0,129,129,2,0.0,False
26272,60.47,1,60.47,3.0,327,327,1,0.0,False
26274,21.49,1,21.49,1.0,220,220,1,0.0,False
26275,27.28,1,27.28,2.0,173,173,1,0.0,False
26279,2181.5625,1,2181.5625,1.0,401,401,1,1.0,True
26280,3298.9381999999996,2,1649.4690999999998,1.5,11,690,2,0.9893935569935806,True
26281,3335.2396,2,1667.6198,2.5,15,689,2,0.9853173966871828,True
26282,123.95,1,123.95,5.0,11,11,2,0.0,False
26283,3371.2496,2,1685.6248,2.0,13,698,3,0.9747927296750737,True
26284,27.28,1,27.28,2.0,86,86,1,0.0,False
26287,35.23,1,35.23,3.0,228,228,1,0.0,False
26289,29.98,1,29.98,2.0,188,188,1,0.0,False
26293,4455.0982,2,2227.5491,2.5,126,701,2,0.9950775495812866,True
26294,2443.35,1,2443.35,1.0,425,425,1,1.0,True
26297,3286.9182,2,1643.4591,2.5,9,677,3,0.993011691011964,True
26298,3340.2596000000003,2,1670.1298000000002,1.5,23,688,2,0.9838365856354399,True
26302,3357.4082,2,1678.7041,3.0,15,700,3,0.9721630512488773,True
26303,3321.2596000000003,2,1660.6298000000002,1.5,2,675,2,0.989464840387665,True
26306,2800.4382,2,1400.2191,1.5,338,650,2,0.9967897881124462,True
26308,2867.7596000000003,2,1433.8798000000002,1.5,341,661,2,0.9811734567988196,True
26313,4487.1582,2,2243.5791,1.5,135,651,2,0.9879678857767931,True
26314,88.98,1,88.98,3.0,229,229,2,0.0,False
26317,2862.7396000000003,2,1431.3698000000002,2.5,319,643,2,0.9828940082430133,True
26319,4456.138199999999,2,2228.0690999999997,2.5,131,644,3,0.9948453124725801,True
26322,2912.2596000000003,2,1456.1298000000002,2.0,306,648,3,0.9661808995324456,True
26324,4464.479600000001,2,2232.2398000000003,1.5,133,662,2,0.9979863274546041,True
26326,4442.1582,2,2221.0791,1.5,124,658,2,0.9979762089517659,True
26327,4433.1682,2,2216.5841,1.0,138,650,1,1.0,True
26328,4518.1482,2,2259.0741,2.0,147,624,3,0.9811914093477502,True
26334,27.28,1,27.28,2.0,93,93,1,0.0,False
26338,4468.1582,2,2234.0791,1.5,124,628,2,0.992169032869069,True
26339,4455.489600000001,2,2227.7448000000004,1.0,149,622,1,1.0,True
26340,64.97,1,64.97,3.0,311,311,1,0.0,False
26341,24.99,1,24.99,1.0,200,200,1,0.0,False
26342,4489.4696,2,2244.7348,2.0,148,623,2,0.9924311771706842,True
26344,2791.4482,2,1395.7241,1.0,260,619,1,1.0,True
26345,49.48,1,49.48,2.0,144,144,2,0.0,False
26346,64.97,1,64.97,3.0,190,190,1,0.0,False
26347,24.99,1,24.99,1.0,69,69,1,0.0,False
26350,4.99,1,4.99,1.0,217,217,1,0.0,False
26353,1773.95,1,1773.95,5.0,56,56,3,0.9588714450801883,False
26354,1750.98,1,1750.98,2.0,36,36,2,0.9714502735610915,False
26356,574.98,1,574.98,2.0,221,221,2,0.9391457094159796,False
26357,777.34,1,777.34,2.0,246,246,2,0.9549875215478426,False
26358,23.78,1,23.78,2.0,229,229,1,0.0,False
26362,2420.34,1,2420.34,4.0,75,75,2,0.9850145020947472,False
26365,62.98,1,62.98,2.0,305,305,1,0.0,False
26368,53.99,1,53.99,1.0,82,82,1,0.0,False
26370,23.78,1,23.78,2.0,129,129,1,0.0,False
26373,1565.9075,2,782.95375,2.0,144,619,2,0.9837282853552971,True
26381,2520.83,1,2520.83,4.0,344,344,3,0.9692640915888816,False
26385,23.78,1,23.78,2.0,35,35,1,0.0,False
26386,1775.47,1,1775.47,3.0,129,129,2,0.958050544362901,False
26388,2354.98,1,2354.98,2.0,22,22,2,0.9851421243492514,False
26397,39.98,1,39.98,2.0,52,52,1,0.0,False
26398,1758.95,1,1758.95,5.0,122,122,3,0.9670485232667216,False
26400,132.98,1,132.98,3.0,298,298,2,0.0,False
26402,28.99,1,28.99,1.0,196,196,1,0.0,False
26407,126.28,1,126.28,3.0,303,303,1,0.0,False
26408,38.98,1,38.98,2.0,124,124,1,0.0,False
26410,28.99,1,28.99,1.0,172,172,1,0.0,False
26411,58.98,1,58.98,2.0,304,304,1,0.0,False
26412,55.91,1,55.91,5.0,69,69,1,0.0,False
26413,58.47,1,58.47,3.0,69,69,2,0.0,False
26416,88.97,1,88.97,3.0,174,174,2,0.0,False
26419,33.98,1,33.98,2.0,189,189,1,0.0,False
26420,2443.35,1,2443.35,1.0,326,326,1,1.0,False
26422,1980.96,2,990.48,2.5,40,592,3,0.9608876504321137,True
26424,79.47,1,79.47,3.0,302,302,2,0.0,False
26425,69.99,1,69.99,1.0,122,122,1,0.0,False
26426,69.99,1,69.99,1.0,25,25,1,0.0,False
26427,123.98,1,123.98,2.0,40,40,1,0.0,False
26428,69.99,1,69.99,1.0,105,105,1,0.0,False
26429,1938.47,2,969.235,1.5,59,581,2,0.981949681965674,True
26434,69.99,1,69.99,1.0,192,192,1,0.0,False
26436,1957.47,2,978.735,1.5,49,604,2,0.9724184789549776,True
26439,1938.47,2,969.235,1.5,61,605,2,0.981949681965674,True
26441,78.98,1,78.98,2.0,8,8,1,0.0,False
26443,1938.47,2,969.235,1.5,43,593,2,0.981949681965674,True
26444,1938.71,2,969.355,2.5,60,587,2,0.9818281228239396,True
26447,1938.47,2,969.235,1.5,4,573,2,0.981949681965674,True
26448,21.49,1,21.49,1.0,126,126,1,0.0,False
26449,4.99,1,4.99,1.0,278,278,1,0.0,False
26452,59.98,1,59.98,2.0,263,263,1,0.0,False
26454,27.28,1,27.28,2.0,156,156,1,0.0,False
26455,29.98,1,29.98,2.0,216,216,1,0.0,False
26456,39.98,1,39.98,2.0,40,40,1,0.0,False
26457,89.46,1,89.46,4.0,294,294,2,0.0,False
26459,64.97,1,64.97,3.0,126,126,1,0.0,False
26462,27.28,1,27.28,2.0,106,106,1,0.0,False
26463,27.28,1,27.28,2.0,95,95,1,0.0,False
26464,59.98,1,59.98,2.0,63,63,1,0.0,False
26465,27.28,1,27.28,2.0,291,291,1,0.0,False
26467,32.27,1,32.27,3.0,29,29,1,0.0,False
26469,64.97,1,64.97,3.0,300,300,1,0.0,False
26473,89.46,1,89.46,4.0,147,147,2,0.0,False
26475,30.48,1,30.48,2.0,196,196,2,0.0,False
26476,30.48,1,30.48,2.0,145,145,2,0.0,False
26477,49.48,1,49.48,2.0,83,83,2,0.0,False
26478,49.48,1,49.48,2.0,166,166,2,0.0,False
26479,32.27,1,32.27,3.0,84,84,1,0.0,False
26482,1000.4375,1,1000.4375,1.0,589,589,1,1.0,True
26483,25.48,1,25.48,2.0,161,161,1,0.0,False
26486,2800.4382,2,1400.2191,1.5,257,615,2,0.9967897881124462,True
26487,4456.138199999999,2,2228.0690999999997,2.5,147,623,3,0.9948453124725801,True
26489,24.99,1,24.99,1.0,331,331,1,0.0,False
26492,29.98,1,29.98,2.0,251,251,1,0.0,False
26493,64.97,1,64.97,3.0,316,316,1,0.0,False
26494,27.28,1,27.28,2.0,86,86,1,0.0,False
26498,89.46,1,89.46,4.0,195,195,2,0.0,False
26499,2848.7596000000003,2,1424.3798000000002,1.5,242,592,2,0.9877174613119338,True
26501,49.48,1,49.48,2.0,87,87,2,0.0,False
26502,27.28,1,27.28,2.0,117,117,1,0.0,False
26504,1000.4375,1,1000.4375,1.0,564,564,1,1.0,True
26505,59.98,1,59.98,2.0,329,329,1,0.0,False
26508,49.48,1,49.48,2.0,234,234,2,0.0,False
26509,2800.4382,2,1400.2191,1.5,218,590,2,0.9967897881124462,True
26511,4464.479600000001,2,2232.2398000000003,1.5,124,588,2,0.9979863274546041,True
26512,1000.4375,1,1000.4375,1.0,572,572,1,1.0,True
26518,32.27,1,32.27,3.0,80,80,1,0.0,False
26519,29.98,1,29.98,2.0,126,126,1,0.0,False
26521,2821.7196000000004,2,1410.8598000000002,1.5,204,602,2,0.9971825690972271,True
26525,49.48,1,49.48,2.0,105,105,2,0.0,False
26526,37.93,1,37.93,3.0,67,67,1,0.0,False
26528,128.47,1,128.47,4.0,1,1,2,0.0,False
26531,27.28,1,27.28,2.0,221,221,1,0.0,False
26534,4490.479600000001,2,2245.2398000000003,1.5,122,603,2,0.9922079592567351,True
26539,4469.4382000000005,2,2234.7191000000003,2.5,110,597,2,0.9918848861138746,True
26540,4468.1582,2,2234.0791,1.5,116,580,2,0.992169032869069,True
26541,24.99,1,24.99,1.0,225,225,1,0.0,False
26548,1322.98,2,661.49,1.0,11,555,1,1.0,True
26551,28.99,1,28.99,1.0,320,320,1,0.0,False
26552,47.96,1,47.96,4.0,192,192,1,0.0,False
26555,27.28,1,27.28,2.0,137,137,1,0.0,False
26558,6.28,1,6.28,2.0,174,174,1,0.0,False
26561,1336.96,2,668.48,2.0,15,566,2,0.9895434418382001,True
26563,1957.47,2,978.735,1.5,71,549,2,0.9724184789549776,True
26566,2016.95,2,1008.475,2.5,87,570,3,0.9437417883437864,True
26568,1957.47,2,978.735,1.5,6,563,2,0.9724184789549776,True
26569,1938.47,2,969.235,1.5,18,563,2,0.981949681965674,True
26571,1938.47,2,969.235,1.5,24,564,2,0.981949681965674,True
26572,1000.4375,1,1000.4375,1.0,425,425,1,1.0,True
26573,68.97,1,68.97,3.0,329,329,1,0.0,False
26574,28.99,1,28.99,1.0,50,50,1,0.0,False
26578,58.47,1,58.47,3.0,63,63,2,0.0,False
26579,2840.4182,2,1420.2091,2.5,212,586,2,0.9827595809659299,True
26581,2822.7596000000003,2,1411.3798000000002,1.5,190,587,2,0.9968151733502209,True
26583,36.27,1,36.27,3.0,168,168,1,0.0,False
26584,33.98,1,33.98,2.0,335,335,1,0.0,False
26586,28.99,1,28.99,1.0,167,167,1,0.0,False
26588,1938.47,2,969.235,1.5,19,539,2,0.981949681965674,True
26589,1966.46,2,983.23,2.0,26,520,2,0.967972905627371,True
26591,1957.47,2,978.735,1.5,29,530,2,0.9724184789549776,True
26593,27.28,1,27.28,2.0,12,12,1,0.0,False
26600,2800.4382,2,1400.2191,1.5,190,594,2,0.9967897881124462,True
26603,4487.1582,2,2243.5791,1.5,103,570,2,0.9879678857767931,True
26604,4442.1582,2,2221.0791,1.5,105,565,2,0.9979762089517659,True
26609,4509.479600000001,2,2254.7398000000003,1.5,107,561,2,0.9880274433440169,True
26610,4509.479600000001,2,2254.7398000000003,1.5,123,557,2,0.9880274433440169,True
26611,4490.479600000001,2,2245.2398000000003,1.5,106,572,2,0.9922079592567351,True
26612,58.47,1,58.47,3.0,71,71,2,0.0,False
26614,2791.4482,2,1395.7241,1.0,201,562,1,1.0,True
26618,2826.4382,2,1413.2191,1.5,154,575,2,0.987620461682127,True
26621,28.99,1,28.99,1.0,90,90,1,0.0,False
26622,2820.4382,2,1410.2191,1.5,150,566,2,0.9897214553398122,True
26624,2826.4382,2,1413.2191,1.5,127,552,2,0.987620461682127,True
26626,2891.7296,2,1445.8648,3.0,97,573,3,0.9730403561937467,True
26627,2791.4482,2,1395.7241,1.0,108,554,1,1.0,True
26628,36.27,1,36.27,3.0,232,232,1,0.0,False
26630,699.0982,1,699.0982,1.0,984,984,1,1.0,True
26631,2813.7696,2,1406.8848,1.0,101,569,1,1.0,True
26632,2848.7596000000003,2,1424.3798000000002,1.5,103,563,2,0.9877174613119338,True
26635,2840.4182,2,1420.2091,2.5,59,569,2,0.9827595809659299,True
26638,4518.1482,2,2259.0741,2.0,119,568,3,0.9811914093477502,True
26641,4464.479600000001,2,2232.2398000000003,1.5,101,573,2,0.9979863274546041,True
26646,2972.7696,2,1486.3848,1.5,18,561,2,0.9465145230225713,True
26648,27.28,1,27.28,2.0,55,55,1,0.0,False
26650,4455.489600000001,2,2227.7448000000004,1.0,99,562,1,1.0,True
26652,1938.47,2,969.235,1.5,14,541,2,0.981949681965674,True
26658,1390.95,2,695.475,2.5,353,534,3,0.9511341169704158,True
26660,1957.47,2,978.735,1.5,92,523,2,0.9724184789549776,True
26662,1938.47,2,969.235,1.5,64,515,2,0.981949681965674,True
26664,123.98,1,123.98,2.0,278,278,1,0.0,False
26665,78.98,1,78.98,2.0,219,219,1,0.0,False
26666,1336.96,2,668.48,2.0,359,493,2,0.9895434418382001,True
26667,1390.95,2,695.475,2.5,323,515,3,0.9511341169704158,True
26669,123.98,1,123.98,2.0,229,229,1,0.0,False
26671,69.99,1,69.99,1.0,86,86,1,0.0,False
26673,1505.76,2,752.88,2.5,318,500,2,0.8786127935394751,True
26675,68.97,1,68.97,3.0,164,164,1,0.0,False
26676,2805.4282,2,1402.7141,2.0,3,567,2,0.9950168034954523,True
26682,64.47,1,64.47,3.0,136,136,2,0.0,False
26683,1270.8182000000002,2,635.4091000000001,2.5,104,971,2,0.9750318338217063,True
26684,4468.1582,2,2234.0791,1.5,115,566,2,0.992169032869069,True
26687,24.99,1,24.99,1.0,181,181,1,0.0,False
26692,1266.8582000000001,2,633.4291000000001,2.5,84,937,2,0.9780796303801009,True
26697,28.99,1,28.99,1.0,242,242,1,0.0,False
26701,39.98,1,39.98,2.0,272,272,1,0.0,False
26703,4468.1582,2,2234.0791,1.5,106,533,2,0.992169032869069,True
26704,33.98,1,33.98,2.0,48,48,1,0.0,False
26705,4455.489600000001,2,2227.7448000000004,1.0,93,535,1,1.0,True
26709,68.97,1,68.97,3.0,81,81,1,0.0,False
26711,2049.0982,1,2049.0982,1.0,537,537,1,1.0,True
26712,42.97,1,42.97,3.0,152,152,2,0.0,False
26714,36.27,1,36.27,3.0,226,226,1,0.0,False
26715,68.97,1,68.97,3.0,82,82,1,0.0,False
26718,4478.4596,2,2239.2298,2.5,112,540,3,0.9948710043069274,True
26720,68.97,1,68.97,3.0,144,144,1,0.0,False
26729,4442.1582,2,2221.0791,1.5,99,545,2,0.9979762089517659,True
26730,4.99,1,4.99,1.0,84,84,1,0.0,False
26731,2049.0982,1,2049.0982,1.0,518,518,1,1.0,True
26732,88.97,1,88.97,3.0,101,101,1,0.0,False
26733,93.46,1,93.46,4.0,69,69,2,0.0,False
26735,2071.4196,1,2071.4196,1.0,534,534,1,1.0,True
26736,25.48,1,25.48,2.0,318,318,1,0.0,False
26739,61.97,1,61.97,3.0,301,301,1,0.0,False
26744,1938.47,2,969.235,1.5,67,517,2,0.981949681965674,True
26747,1938.47,2,969.235,1.5,78,503,2,0.981949681965674,True
26748,1357.97,2,678.985,1.5,313,506,2,0.9742335986803832,True
26752,1917.46,2,958.73,2.0,85,489,2,0.992709104753163,True
26753,1957.47,2,978.735,1.5,49,489,2,0.9724184789549776,True
26756,78.98,1,78.98,2.0,99,99,1,0.0,False
26760,1322.98,2,661.49,1.0,291,476,1,1.0,True
26762,133.49,1,133.49,2.0,244,244,1,0.0,False
26764,1938.47,2,969.235,1.5,48,487,2,0.981949681965674,True
26767,1331.97,2,665.985,1.5,280,478,2,0.9932505987372088,True
26768,1371.95,2,685.975,2.5,284,479,2,0.9643062793833594,True
26770,69.99,1,69.99,1.0,88,88,1,0.0,False
26771,69.99,1,69.99,1.0,290,290,1,0.0,False
26779,25.48,1,25.48,2.0,126,126,1,0.0,False
26780,79.47,1,79.47,3.0,89,89,2,0.0,False
26782,699.0982,1,699.0982,1.0,913,913,1,1.0,True
26791,25.48,1,25.48,2.0,132,132,1,0.0,False
26799,28.99,1,28.99,1.0,46,46,1,0.0,False
26800,68.97,1,68.97,3.0,158,158,1,0.0,False
26803,88.97,1,88.97,3.0,156,156,1,0.0,False
26804,44.22,1,44.22,4.0,189,189,1,0.0,False
26806,4.99,1,4.99,1.0,137,137,1,0.0,False
26813,58.47,1,58.47,3.0,56,56,2,0.0,False
26814,2049.0982,1,2049.0982,1.0,535,535,1,1.0,True
26815,2049.0982,1,2049.0982,1.0,516,516,1,1.0,True
26817,553.97,1,553.97,3.0,210,210,2,0.9747639763886131,False
26818,2407.04,1,2407.04,4.0,84,84,3,0.9904571590002662,False
26819,69.46,1,69.46,4.0,15,15,2,0.0,False
26824,567.76,1,567.76,4.0,225,225,2,0.9510884880935607,False
26826,1237.82,1,1237.82,4.0,365,365,3,0.9814431823690035,False
26829,1728.27,1,1728.27,3.0,6,6,2,0.9842154293021346,False
26831,1264.84,1,1264.84,2.0,351,351,2,0.9604772145093451,False
26841,77.96,1,77.96,4.0,288,288,2,0.0,False
26842,539.99,1,539.99,1.0,244,244,1,1.0,False
26848,607.96,1,607.96,4.0,194,194,3,0.8881998815711559,False
26849,38.98,1,38.98,2.0,240,240,1,0.0,False
26853,786.33,1,786.33,3.0,236,236,3,0.9440692838884438,False
26856,810.32,1,810.32,4.0,230,230,3,0.9161195577055977,False
26858,553.97,1,553.97,3.0,193,193,2,0.9747639763886131,False
26859,33.98,1,33.98,2.0,165,165,1,0.0,False
26861,36.27,1,36.27,3.0,329,329,1,0.0,False
26862,1249.84,1,1249.84,2.0,348,348,2,0.9720044165653203,False
26864,1268.84,1,1268.84,2.0,366,366,2,0.9574493237918098,True
26865,123.99,1,123.99,2.0,314,314,1,0.0,False
26868,539.99,1,539.99,1.0,202,202,1,1.0,False
26869,553.97,1,553.97,3.0,187,187,2,0.9747639763886131,False
26871,88.97,1,88.97,3.0,124,124,1,0.0,False
26873,1249.84,1,1249.84,2.0,317,317,2,0.9720044165653203,False
26877,38.98,1,38.98,2.0,24,24,1,0.0,False
26880,23.78,1,23.78,2.0,129,129,1,0.0,False
26881,42.97,1,42.97,3.0,163,163,2,0.0,False
26882,91.26,1,91.26,4.0,249,249,1,0.0,False
26883,68.97,1,68.97,3.0,35,35,1,0.0,False
26885,574.98,1,574.98,2.0,205,205,2,0.9391457094159796,False
26887,6.28,1,6.28,2.0,196,196,1,0.0,False
26889,30.48,1,30.48,2.0,260,260,2,0.0,False
26890,588.96,1,588.96,4.0,190,190,2,0.9168534365661505,False
26891,39.98,1,39.98,2.0,132,132,1,0.0,False
26892,553.97,1,553.97,3.0,159,159,2,0.9747639763886131,False
26893,59.98,1,59.98,2.0,159,159,1,0.0,False
26896,12.98,1,12.98,2.0,287,287,2,0.0,False
26901,3.99,1,3.99,1.0,39,39,1,0.0,False
26902,777.34,1,777.34,2.0,236,236,2,0.9549875215478426,False
26904,28.99,1,28.99,1.0,325,325,1,0.0,False
26906,67.49,1,67.49,2.0,81,81,2,0.0,False
26909,77.96,1,77.96,4.0,304,304,2,0.0,False
26910,588.96,1,588.96,4.0,186,186,2,0.9168534365661505,False
26915,58.98,1,58.98,2.0,181,181,1,0.0,False
26917,1339.25,2,669.625,2.5,8,436,2,0.9878514093709165,True
26918,1399.94,2,699.97,3.0,21,432,3,0.9450262154092318,True
26920,1336.96,2,668.48,2.0,12,434,2,0.9895434418382001,True
26922,1322.98,2,661.49,1.0,27,429,1,1.0,True
26923,1322.98,2,661.49,1.0,14,442,1,1.0,True
26924,1350.75,2,675.375,2.5,9,444,2,0.9794410512678142,True
26925,36.27,1,36.27,3.0,44,44,1,0.0,False
26928,597.95,1,597.95,5.0,209,209,3,0.9030688184630822,False
26932,574.98,1,574.98,2.0,198,198,2,0.9391457094159796,False
26935,28.99,1,28.99,1.0,133,133,1,0.0,False
26936,1249.84,1,1249.84,2.0,221,221,2,0.9720044165653203,False
26937,619.46,1,619.46,4.0,184,184,3,0.8717108449294546,False
26940,1273.83,1,1273.83,3.0,219,219,2,0.9536986882080026,False
26941,777.34,1,777.34,2.0,194,194,2,0.9549875215478426,False
26942,588.96,1,588.96,4.0,189,189,2,0.9168534365661505,False
26943,68.97,1,68.97,3.0,76,76,1,0.0,False
26945,777.34,1,777.34,2.0,214,214,2,0.9549875215478426,False
26946,1214.85,1,1214.85,1.0,209,209,1,1.0,False
26947,624.97,1,624.97,3.0,210,210,3,0.8640254732227146,False
26949,565.47,1,565.47,3.0,157,157,2,0.9549401382920403,False
26950,777.34,1,777.34,2.0,188,188,2,0.9549875215478426,False
26952,751.34,1,751.34,2.0,199,199,2,0.9880347113157825,False
26954,1223.84,1,1223.84,2.0,195,195,2,0.9926542685318342,False
26959,563.77,1,563.77,3.0,103,103,2,0.9578196782375792,False
26960,574.98,1,574.98,2.0,166,166,2,0.9391457094159796,False
26961,1268.84,1,1268.84,2.0,189,189,2,0.9574493237918098,False
26962,553.97,1,553.97,3.0,164,164,2,0.9747639763886131,False
26966,588.96,1,588.96,4.0,156,156,2,0.9168534365661505,False
26968,78.98,1,78.98,2.0,105,105,1,0.0,False
26971,6.28,1,6.28,2.0,106,106,1,0.0,False
26975,765.32,1,765.32,4.0,176,176,3,0.9699864109130821,False
26977,1283.82,1,1283.82,4.0,154,154,2,0.9462775155395616,False
26985,1164.47,1,1164.47,3.0,321,321,3,0.9622317449139952,False
26986,1155.48,1,1155.48,2.0,292,292,2,0.9697182123446533,False
26988,1179.47,1,1179.47,3.0,234,234,2,0.9499944890501666,False
26989,25.48,1,25.48,2.0,331,331,1,0.0,False
26993,38.98,1,38.98,2.0,25,25,1,0.0,False
26995,1145.48,1,1145.48,2.0,356,356,2,0.9781838181373748,False
26997,1149.47,1,1149.47,3.0,220,220,2,0.9747883807319895,False
26998,75.47,1,75.47,3.0,133,133,2,0.0,False
26999,57.98,1,57.98,2.0,47,47,2,0.0,False
27002,38.98,1,38.98,2.0,323,323,1,0.0,False
27004,1264.84,1,1264.84,2.0,146,146,2,0.9604772145093451,False
27005,777.34,1,777.34,2.0,153,153,2,0.9549875215478426,False
27006,750.3,1,750.3,2.0,180,180,2,0.989404238304678,False
27007,113.96,1,113.96,4.0,165,165,2,0.0,False
27008,616.95,1,616.95,5.0,106,106,3,0.8752573142069859,False
27009,574.98,1,574.98,2.0,87,87,2,0.9391457094159796,False
27012,36.27,1,36.27,3.0,88,88,1,0.0,False
27016,41.93,1,41.93,3.0,298,298,1,0.0,False
27017,4502.138199999999,2,2251.0690999999997,2.5,95,513,2,0.9846806124254472,True
27018,33.98,1,33.98,2.0,139,139,1,0.0,False
27019,4.99,1,4.99,1.0,108,108,1,0.0,False
27020,2071.4196,1,2071.4196,1.0,514,514,1,1.0,True
27021,2071.4196,1,2071.4196,1.0,494,494,1,1.0,True
27024,7.28,1,7.28,2.0,17,17,1,0.0,False
27025,23.78,1,23.78,2.0,288,288,1,0.0,False
27026,699.0982,1,699.0982,1.0,760,760,1,1.0,True
27028,59.98,1,59.98,2.0,254,254,1,0.0,False
27030,21.49,1,21.49,1.0,190,190,1,0.0,False
27036,7.28,1,7.28,2.0,304,304,1,0.0,False
27037,12.94,1,12.94,2.0,292,292,1,0.0,False
27038,7.28,1,7.28,2.0,51,51,1,0.0,False
27039,4.99,1,4.99,1.0,123,123,1,0.0,False
27041,7.28,1,7.28,2.0,67,67,1,0.0,False
27042,68.49,1,68.49,2.0,19,19,2,0.0,False
27043,782.99,1,782.99,1.0,685,685,1,1.0,True
27044,2049.0982,1,2049.0982,1.0,490,490,1,1.0,True
27045,2049.0982,1,2049.0982,1.0,500,500,1,1.0,True
27046,36.27,1,36.27,3.0,258,258,1,0.0,False
27048,36.27,1,36.27,3.0,47,47,1,0.0,False
27050,2071.4196,1,2071.4196,1.0,506,506,1,1.0,True
27051,2049.0982,1,2049.0982,1.0,497,497,1,1.0,True
27052,36.27,1,36.27,3.0,151,151,1,0.0,False
27056,2071.4196,1,2071.4196,1.0,509,509,1,1.0,True
27058,2049.0982,1,2049.0982,1.0,512,512,1,1.0,True
27060,782.99,1,782.99,1.0,645,645,1,1.0,True
27061,4.99,1,4.99,1.0,153,153,1,0.0,False
27064,2071.4196,1,2071.4196,1.0,517,517,1,1.0,True
27065,68.97,1,68.97,3.0,182,182,1,0.0,False
27069,2049.0982,1,2049.0982,1.0,499,499,1,1.0,True
27070,68.97,1,68.97,3.0,10,10,1,0.0,False
27071,782.99,1,782.99,1.0,663,663,1,1.0,True
27075,1371.95,2,685.975,2.5,65,648,2,0.9643062793833594,True
27078,2071.4196,1,2071.4196,1.0,513,513,1,1.0,True
27079,2071.4196,1,2071.4196,1.0,478,478,1,1.0,True
27083,2049.0982,1,2049.0982,1.0,478,478,1,1.0,True
27088,2071.4196,1,2071.4196,1.0,482,482,1,1.0,True
27089,2049.0982,1,2049.0982,1.0,459,459,1,1.0,True
27091,2071.4196,1,2071.4196,1.0,464,464,1,1.0,True
27093,4509.479600000001,2,2254.7398000000003,1.5,117,461,2,0.9880274433440169,True
27100,7.28,1,7.28,2.0,269,269,1,0.0,False
27101,782.99,1,782.99,1.0,583,583,1,1.0,True
27106,4455.489600000001,2,2227.7448000000004,1.0,87,471,1,1.0,True
27108,2071.4196,1,2071.4196,1.0,475,475,1,1.0,True
27109,88.97,1,88.97,3.0,291,291,1,0.0,False
27111,7.28,1,7.28,2.0,205,205,1,0.0,False
27112,114.46,1,114.46,4.0,187,187,2,0.0,False
27124,811.32,1,811.32,4.0,99,99,2,0.9149903860375683,False
27125,607.96,1,607.96,4.0,135,135,3,0.8881998815711559,False
27127,1120.49,1,1120.49,1.0,215,215,1,1.0,False
27128,1155.48,1,1155.48,2.0,311,311,2,0.9697182123446533,False
27131,603.49,1,603.49,2.0,70,70,2,0.8947787038724752,False
27132,571.72,1,571.72,4.0,128,128,2,0.9445008045896592,False
27133,777.34,1,777.34,2.0,106,106,2,0.9549875215478426,False
27136,1223.84,1,1223.84,2.0,96,96,2,0.9926542685318342,False
27139,1282.82,1,1282.82,4.0,65,65,3,0.9470151697042453,False
27140,575.71,1,575.71,5.0,135,135,2,0.9379548731131994,False
27141,574.98,1,574.98,2.0,140,140,2,0.9391457094159796,False
27142,791.32,1,791.32,4.0,97,97,2,0.9381160592427842,False
27143,1169.46,1,1169.46,4.0,289,289,2,0.9581259726711473,False
27144,39.99,1,39.99,2.0,112,112,1,0.0,False
27146,74.98,1,74.98,3.0,208,208,1,0.0,False
27147,123.98,1,123.98,2.0,55,55,1,0.0,False
27150,201.28,1,201.28,4.0,230,230,1,0.0,False
27153,42.97,1,42.97,3.0,279,279,2,0.0,False
27155,68.97,1,68.97,3.0,290,290,1,0.0,False
27156,6.28,1,6.28,2.0,221,221,1,0.0,False
27158,6.28,1,6.28,2.0,94,94,1,0.0,False
27160,31.73,1,31.73,3.0,83,83,1,0.0,False
27161,1236.78,1,1236.78,4.0,32,32,2,0.9822684713530296,False
27162,539.99,1,539.99,1.0,49,49,1,1.0,False
27165,3.99,1,3.99,1.0,140,140,1,0.0,False
27168,67.49,1,67.49,2.0,73,73,2,0.0,False
27173,60.47,1,60.47,3.0,298,298,1,0.0,False
27176,21.49,1,21.49,1.0,315,315,1,0.0,False
27178,25.48,1,25.48,2.0,10,10,1,0.0,False
27179,548.98,1,548.98,2.0,130,130,2,0.9836241757441072,False
27182,1174.48,1,1174.48,2.0,189,189,2,0.9540307199782031,False
27185,588.96,1,588.96,4.0,52,52,2,0.9168534365661505,False
27187,7.28,1,7.28,2.0,14,14,1,0.0,False
27194,77.96,1,77.96,4.0,242,242,2,0.0,False
27196,68.49,1,68.49,2.0,285,285,2,0.0,False
27197,36.27,1,36.27,3.0,218,218,1,0.0,False
27199,4468.1582,2,2234.0791,1.5,70,457,2,0.992169032869069,True
27201,4492.6482,2,2246.3241,2.0,66,454,3,0.9867605925609756,True
27202,96.92,1,96.92,4.0,296,296,1,0.0,False
27204,4.99,1,4.99,1.0,156,156,1,0.0,False
27205,2049.0982,1,2049.0982,1.0,433,433,1,1.0,True
27207,4.99,1,4.99,1.0,299,299,1,0.0,False
27208,39.98,1,39.98,2.0,5,5,1,0.0,False
27210,7.28,1,7.28,2.0,260,260,1,0.0,False
27211,2071.4196,1,2071.4196,1.0,448,448,1,1.0,True
27213,7.28,1,7.28,2.0,79,79,1,0.0,False
27220,38.98,1,38.98,2.0,109,109,1,0.0,False
27222,11.94,1,11.94,2.0,318,318,1,0.0,False
27224,6.28,1,6.28,2.0,272,272,1,0.0,False
27227,2071.4196,1,2071.4196,1.0,434,434,1,1.0,True
27229,93.46,1,93.46,4.0,311,311,2,0.0,False
27230,13.98,1,13.98,2.0,165,165,2,0.0,False
27232,2049.0982,1,2049.0982,1.0,446,446,1,1.0,True
27234,2071.4196,1,2071.4196,1.0,445,445,1,1.0,True
27235,2049.0982,1,2049.0982,1.0,435,435,1,1.0,True
27237,28.99,1,28.99,1.0,245,245,1,0.0,False
27238,68.97,1,68.97,3.0,46,46,1,0.0,False
27240,2049.0982,1,2049.0982,1.0,448,448,1,1.0,True
27241,28.99,1,28.99,1.0,212,212,1,0.0,False
27243,54.98,1,54.98,2.0,257,257,2,0.0,False
27245,33.98,1,33.98,2.0,60,60,1,0.0,False
27246,28.99,1,28.99,1.0,230,230,1,0.0,False
27255,2049.0982,1,2049.0982,1.0,446,446,1,1.0,True
27256,2071.4196,1,2071.4196,1.0,435,435,1,1.0,True
27258,2071.4196,1,2071.4196,1.0,423,423,1,1.0,True
27260,2049.0982,1,2049.0982,1.0,424,424,1,1.0,True
27261,2049.0982,1,2049.0982,1.0,407,407,1,1.0,True
27263,2049.0982,1,2049.0982,1.0,425,425,1,1.0,True
27265,782.99,1,782.99,1.0,575,575,1,1.0,True
27266,2071.4196,1,2071.4196,1.0,423,423,1,1.0,True
27267,782.99,1,782.99,1.0,503,503,1,1.0,True
27268,2049.0982,1,2049.0982,1.0,421,421,1,1.0,True
27269,2049.0982,1,2049.0982,1.0,415,415,1,1.0,True
27272,2049.0982,1,2049.0982,1.0,417,417,1,1.0,True
27280,4447.1482,2,2223.5741,2.0,91,417,2,0.9968564123858072,True
27282,69.99,1,69.99,1.0,83,83,1,0.0,False
27283,119.98,1,119.98,2.0,324,324,1,0.0,False
27284,122.96,1,122.96,4.0,220,220,2,0.0,False
27285,782.99,1,782.99,1.0,469,469,1,1.0,True
27286,2071.4196,1,2071.4196,1.0,405,405,1,1.0,True
27287,4484.479600000001,2,2242.2398000000003,1.5,67,403,2,0.9935354817981557,True
27288,4442.1582,2,2221.0791,1.5,65,415,2,0.9979762089517659,True
27289,2071.4196,1,2071.4196,1.0,427,427,1,1.0,True
27292,2049.0982,1,2049.0982,1.0,425,425,1,1.0,True
27294,4540.4696,2,2270.2348,2.0,87,401,3,0.981283874249483,True
27295,4442.1582,2,2221.0791,1.5,84,408,2,0.9979762089517659,True
27299,1322.98,2,661.49,1.0,245,437,1,1.0,True
27300,7.28,1,7.28,2.0,287,287,1,0.0,False
27303,28.99,1,28.99,1.0,161,161,1,0.0,False
27304,42.97,1,42.97,3.0,91,91,2,0.0,False
27306,28.99,1,28.99,1.0,136,136,1,0.0,False
27308,6.28,1,6.28,2.0,267,267,1,0.0,False
27309,2457.33,1,2457.33,3.0,304,304,2,0.9943108984141326,False
27312,33.98,1,33.98,2.0,82,82,1,0.0,False
27314,68.97,1,68.97,3.0,166,166,1,0.0,False
27320,33.98,1,33.98,2.0,43,43,1,0.0,False
27321,28.99,1,28.99,1.0,310,310,1,0.0,False
27322,36.27,1,36.27,3.0,272,272,1,0.0,False
27324,2364.97,1,2364.97,3.0,21,21,2,0.9809807312566334,False
27325,201.27,1,201.27,4.0,292,292,2,0.0,False
27331,3.99,1,3.99,1.0,331,331,1,0.0,False
27332,7.28,1,7.28,2.0,110,110,1,0.0,False
27335,39.98,1,39.98,2.0,12,12,1,0.0,False
27336,36.27,1,36.27,3.0,262,262,1,0.0,False
27338,1339.92,2,669.96,2.0,274,456,2,0.9873574541763687,True
27339,1336.96,2,668.48,2.0,271,426,2,0.9895434418382001,True
27340,1350.75,2,675.375,2.5,245,409,2,0.9794410512678142,True
27343,132.97,1,132.97,3.0,177,177,1,0.0,False
27348,1382.46,2,691.23,2.0,195,416,3,0.956975247023422,True
27365,1371.95,2,685.975,2.5,194,407,2,0.9643062793833594,True
27370,1322.98,2,661.49,1.0,206,416,1,1.0,True
27371,1350.75,2,675.375,2.5,203,424,2,0.9794410512678142,True
27373,38.98,1,38.98,2.0,220,220,1,0.0,False
27374,6.28,1,6.28,2.0,44,44,1,0.0,False
27380,69.99,1,69.99,1.0,219,219,1,0.0,False
27386,36.27,1,36.27,3.0,151,151,1,0.0,False
27387,33.98,1,33.98,2.0,278,278,1,0.0,False
27390,47.96,1,47.96,4.0,22,22,1,0.0,False
27395,75.47,1,75.47,3.0,88,88,2,0.0,False
27396,88.98,1,88.98,3.0,137,137,2,0.0,False
27398,27.77,1,27.77,3.0,92,92,1,0.0,False
27400,69.99,1,69.99,1.0,330,330,1,0.0,False
27402,128.97,1,128.97,3.0,70,70,1,0.0,False
27403,132.97,1,132.97,3.0,44,44,1,0.0,False
27404,782.99,1,782.99,1.0,463,463,1,1.0,True
27405,2071.4196,1,2071.4196,1.0,426,426,1,1.0,True
27406,1357.97,2,678.985,1.5,84,446,2,0.9742335986803832,True
27408,77.96,1,77.96,4.0,118,118,2,0.0,False
27409,60.47,1,60.47,3.0,194,194,1,0.0,False
27410,23.78,1,23.78,2.0,225,225,1,0.0,False
27412,68.97,1,68.97,3.0,66,66,1,0.0,False
27413,103.48,1,103.48,3.0,214,214,2,0.0,False
27414,4.99,1,4.99,1.0,165,165,1,0.0,False
27416,2049.0982,1,2049.0982,1.0,402,402,1,1.0,True
27417,21.49,1,21.49,1.0,70,70,1,0.0,False
27418,4490.479600000001,2,2245.2398000000003,1.5,79,410,2,0.9922079592567351,True
27419,69.99,1,69.99,1.0,205,205,1,0.0,False
27421,2049.0982,1,2049.0982,1.0,420,420,1,1.0,True
27423,2071.4196,1,2071.4196,1.0,410,410,1,1.0,True
27424,2049.0982,1,2049.0982,1.0,405,405,1,1.0,True
27429,782.99,1,782.99,1.0,433,433,1,1.0,True
27433,27.77,1,27.77,3.0,155,155,1,0.0,False
27435,88.97,1,88.97,3.0,235,235,1,0.0,False
27437,78.98,1,78.98,2.0,272,272,1,0.0,False
27438,27.77,1,27.77,3.0,223,223,1,0.0,False
27439,4462.1582,2,2231.0791,1.5,79,405,2,0.9935031438374373,True
27441,78.98,1,78.98,2.0,327,327,1,0.0,False
27442,27.77,1,27.77,3.0,216,216,1,0.0,False
27445,33.98,1,33.98,2.0,65,65,1,0.0,False
27446,4468.1582,2,2234.0791,1.5,75,414,2,0.992169032869069,True
27448,2071.4196,1,2071.4196,1.0,406,406,1,1.0,True
27453,4468.1582,2,2234.0791,1.5,90,413,2,0.992169032869069,True
27454,7.28,1,7.28,2.0,199,199,1,0.0,False
27456,58.47,1,58.47,3.0,76,76,2,0.0,False
27458,68.97,1,68.97,3.0,181,181,1,0.0,False
27459,4552.1282,2,2276.0641,3.0,72,377,3,0.9738671683279924,True
27462,35.72,1,35.72,4.0,55,55,1,0.0,False
27463,23.78,1,23.78,2.0,294,294,1,0.0,False
27466,66.97,1,66.97,3.0,204,204,2,0.0,False
27468,2071.4196,1,2071.4196,1.0,379,379,1,1.0,True
27472,1345.95,2,672.975,2.5,30,377,3,0.982933987146625,True
27474,60.47,1,60.47,3.0,168,168,1,0.0,False
27481,58.47,1,58.47,3.0,144,144,2,0.0,False
27482,38.98,1,38.98,2.0,299,299,1,0.0,False
27483,1382.46,2,691.23,2.0,15,393,3,0.956975247023422,True
27484,1322.98,2,661.49,1.0,19,384,1,1.0,True
27485,1354.71,2,677.355,2.5,31,377,2,0.9765780130064737,True
27486,1371.95,2,685.975,2.5,23,372,2,0.9643062793833594,True
27487,1322.98,2,661.49,1.0,15,397,1,1.0,True
27489,1383.45,2,691.725,2.5,6,395,2,0.9562904333369475,True
27490,1331.97,2,665.985,1.5,15,395,2,0.9932505987372088,True
27491,38.98,1,38.98,2.0,171,171,1,0.0,False
27497,37.29,1,37.29,2.0,200,200,1,0.0,False
27502,69.99,1,69.99,1.0,334,334,1,0.0,False
27504,2071.4196,1,2071.4196,1.0,388,388,1,1.0,True
27505,25.48,1,25.48,2.0,124,124,1,0.0,False
27508,2071.4196,1,2071.4196,1.0,381,381,1,1.0,True
27509,60.47,1,60.47,3.0,285,285,1,0.0,False
27510,31.73,1,31.73,3.0,64,64,1,0.0,False
27512,539.99,1,539.99,1.0,181,181,1,1.0,False
27517,539.99,1,539.99,1.0,153,153,1,1.0,False
27523,2049.0982,1,2049.0982,1.0,376,376,1,1.0,True
27525,182.78,1,182.78,3.0,297,297,1,0.0,False
27529,58.47,1,58.47,3.0,130,130,2,0.0,False
27532,23.78,1,23.78,2.0,1,1,1,0.0,False
27534,2071.4196,1,2071.4196,1.0,388,388,1,1.0,True
27535,2049.0982,1,2049.0982,1.0,390,390,1,1.0,True
27537,4469.4696,2,2234.7348,2.0,89,390,2,0.9968721120734327,True
27540,4504.4596,2,2252.2298,2.5,58,377,2,0.9891285516247056,True
27541,4490.479600000001,2,2245.2398000000003,1.5,62,388,2,0.9922079592567351,True
27544,2071.4196,1,2071.4196,1.0,376,376,1,1.0,True
27545,782.99,1,782.99,1.0,400,400,1,1.0,True
27548,27.77,1,27.77,3.0,7,7,1,0.0,False
27549,2071.4196,1,2071.4196,1.0,397,397,1,1.0,True
27550,782.99,1,782.99,1.0,398,398,1,1.0,True
27552,2071.4196,1,2071.4196,1.0,388,388,1,1.0,True
27553,2049.0982,1,2049.0982,1.0,396,396,1,1.0,True
27554,2071.4196,1,2071.4196,1.0,379,379,1,1.0,True
27555,2049.0982,1,2049.0982,1.0,385,385,1,1.0,True
27557,782.99,1,782.99,1.0,423,423,1,1.0,True
27558,2049.0982,1,2049.0982,1.0,389,389,1,1.0,True
27560,782.99,1,782.99,1.0,403,403,1,1.0,True
27564,60.47,1,60.47,3.0,218,218,1,0.0,False
27565,33.43,1,33.43,3.0,306,306,1,0.0,False
27566,27.77,1,27.77,3.0,194,194,1,0.0,False
27567,21.49,1,21.49,1.0,50,50,1,0.0,False
27569,4464.479600000001,2,2232.2398000000003,1.5,32,385,2,0.9979863274546041,True
27573,4490.479600000001,2,2245.2398000000003,1.5,49,390,2,0.9922079592567351,True
27576,2071.4196,1,2071.4196,1.0,384,384,1,1.0,True
27578,3578.27,1,3578.27,1.0,1081,1081,1,1.0,True
27579,68.97,1,68.97,3.0,73,73,1,0.0,False
27580,39.98,1,39.98,2.0,85,85,1,0.0,False
27582,561.92,1,561.92,4.0,144,144,2,0.9609730922551252,False
27583,553.97,1,553.97,3.0,144,144,2,0.9747639763886131,False
27586,1120.49,1,1120.49,1.0,44,44,1,1.0,False
27587,1145.48,1,1145.48,2.0,36,36,2,0.9781838181373748,False
27590,1189.46,1,1189.46,4.0,7,7,2,0.9420157046054511,False
27591,4.99,1,4.99,1.0,9,9,1,0.0,False
27592,4.99,1,4.99,1.0,142,142,1,0.0,False
27593,13.98,1,13.98,2.0,106,106,2,0.0,False
27594,39.98,1,39.98,2.0,293,293,1,0.0,False
27596,64.47,1,64.47,3.0,254,254,2,0.0,False
27597,564.21,1,564.21,5.0,93,93,2,0.9570727211499264,False
27599,603.49,1,603.49,2.0,110,110,2,0.8947787038724752,False
27602,782.99,1,782.99,1.0,378,378,1,1.0,True
27603,93.46,1,93.46,4.0,177,177,2,0.0,False
27607,7.28,1,7.28,2.0,284,284,1,0.0,False
27611,3578.27,1,3578.27,1.0,1069,1069,1,1.0,True
27612,3578.27,1,3578.27,1.0,1092,1092,1,1.0,True
27613,782.99,1,782.99,1.0,391,391,1,1.0,True
27619,33.98,1,33.98,2.0,172,172,1,0.0,False
27620,88.97,1,88.97,3.0,99,99,1,0.0,False
27624,28.99,1,28.99,1.0,332,332,1,0.0,False
27625,5971.33,2,2985.665,1.5,51,1084,2,0.9984944727556508,True
27626,33.98,1,33.98,2.0,38,38,1,0.0,False
27627,36.27,1,36.27,3.0,141,141,1,0.0,False
27628,4.99,1,4.99,1.0,147,147,1,0.0,False
27631,33.98,1,33.98,2.0,288,288,1,0.0,False
27632,39.98,1,39.98,2.0,92,92,1,0.0,False
27633,22.26,1,22.26,4.0,171,171,1,0.0,False
27634,567.76,1,567.76,4.0,45,45,2,0.9510884880935607,False
27636,6011.3099999999995,2,3005.6549999999997,2.5,34,1084,2,0.9918536891293247,True
27637,68.97,1,68.97,3.0,179,179,1,0.0,False
27638,36.27,1,36.27,3.0,211,211,1,0.0,False
27642,30.48,1,30.48,2.0,100,100,2,0.0,False
27644,23.78,1,23.78,2.0,103,103,1,0.0,False
27649,3578.27,1,3578.27,1.0,1079,1079,1,1.0,True
27650,23.78,1,23.78,2.0,100,100,1,0.0,False
27651,6021.82,2,3010.91,2.0,41,1070,3,0.9901225875233735,True
27654,21.49,1,21.49,1.0,277,277,1,0.0,False
27655,21.49,1,21.49,1.0,80,80,1,0.0,False
27657,84.96,1,84.96,4.0,32,32,2,0.0,False
27660,21.49,1,21.49,1.0,6,6,1,0.0,False
27663,6047.32,2,3023.66,2.0,44,1070,3,0.9859474940965586,True
27664,60.47,1,60.47,3.0,259,259,1,0.0,False
27667,5997.33,2,2998.665,1.5,32,1076,2,0.9941657370863368,True
27669,5997.33,2,2998.665,1.5,54,1070,2,0.9941657370863368,True
27673,3578.27,1,3578.27,1.0,1067,1067,1,1.0,True
27675,27.77,1,27.77,3.0,199,199,1,0.0,False
27677,84.47,1,84.47,3.0,161,161,2,0.0,False
27678,3578.27,1,3578.27,1.0,1047,1047,1,1.0,True
27680,35.72,1,35.72,4.0,267,267,1,0.0,False
27683,38.98,1,38.98,2.0,120,120,1,0.0,False
27690,574.98,1,574.98,2.0,103,103,2,0.9391457094159796,False
27693,539.99,1,539.99,1.0,111,111,1,1.0,False
27694,1184.46,1,1184.46,4.0,12,12,2,0.9459922665180758,False
27695,1120.49,1,1120.49,1.0,30,30,1,1.0,False
27697,1120.49,1,1120.49,1.0,23,23,1,1.0,False
27698,1179.97,1,1179.97,3.0,22,22,3,0.9495919387781045,False
27702,1155.48,1,1155.48,2.0,24,24,2,0.9697182123446533,False
27705,39.98,1,39.98,2.0,28,28,1,0.0,False
27707,561.48,1,561.48,2.0,106,106,2,0.9617261523117475,False
27708,64.47,1,64.47,3.0,121,121,2,0.0,False
27711,617.47,1,617.47,4.0,91,91,3,0.8745202196058108,False
27713,1158.96,1,1158.96,4.0,22,22,3,0.9668064471595224,False
27714,1155.48,1,1155.48,2.0,18,18,2,0.9697182123446533,False
27717,12.94,1,12.94,2.0,26,26,1,0.0,False
27724,69.99,1,69.99,1.0,95,95,1,0.0,False
27725,119.98,1,119.98,2.0,67,67,1,0.0,False
27726,3578.27,1,3578.27,1.0,1060,1060,1,1.0,True
27727,6.28,1,6.28,2.0,283,283,1,0.0,False
27728,67.49,1,67.49,2.0,37,37,2,0.0,False
27730,3.99,1,3.99,1.0,238,238,1,0.0,False
27732,30.48,1,30.48,2.0,51,51,2,0.0,False
27734,119.98,1,119.98,2.0,208,208,1,0.0,False
27737,23.78,1,23.78,2.0,222,222,1,0.0,False
27739,69.99,1,69.99,1.0,229,229,1,0.0,False
27740,25.48,1,25.48,2.0,288,288,1,0.0,False
27742,21.49,1,21.49,1.0,57,57,1,0.0,False
27743,1155.48,1,1155.48,2.0,21,21,2,0.9697182123446533,False
27745,617.47,1,617.47,4.0,358,358,3,0.8745202196058108,False
27748,23.78,1,23.78,2.0,89,89,1,0.0,False
27749,21.49,1,21.49,1.0,138,138,1,0.0,False
27750,23.78,1,23.78,2.0,105,105,1,0.0,False
27751,75.48,1,75.48,2.0,215,215,2,0.0,False
27753,25.48,1,25.48,2.0,284,284,1,0.0,False
27755,60.47,1,60.47,3.0,238,238,1,0.0,False
27756,69.99,1,69.99,1.0,166,166,1,0.0,False
27757,132.97,1,132.97,3.0,280,280,1,0.0,False
27758,69.99,1,69.99,1.0,280,280,1,0.0,False
27759,3578.27,1,3578.27,1.0,1047,1047,1,1.0,True
27761,1155.48,1,1155.48,2.0,202,202,2,0.9697182123446533,False
27763,785.32,1,785.32,4.0,86,86,3,0.9452834513319411,False
27764,776.33,1,776.33,3.0,77,77,2,0.9562299537567787,False
27767,776.33,1,776.33,3.0,367,367,2,0.9562299537567787,True
27768,742.35,1,742.35,1.0,74,74,1,1.0,False
27770,751.34,1,751.34,2.0,311,311,2,0.9880347113157825,False
27774,771.34,1,771.34,2.0,313,313,2,0.9624160551767055,False
27775,1120.49,1,1120.49,1.0,189,189,1,1.0,False
27780,777.34,1,777.34,2.0,46,46,2,0.9549875215478426,False
27781,574.98,1,574.98,2.0,125,125,2,0.9391457094159796,False
27783,165.28,1,165.28,3.0,272,272,1,0.0,False
27787,69.46,1,69.46,4.0,308,308,2,0.0,False
27792,751.34,1,751.34,2.0,295,295,2,0.9880347113157825,False
27795,1174.48,1,1174.48,2.0,180,180,2,0.9540307199782031,False
27796,1134.47,1,1134.47,3.0,149,149,2,0.987677065061218,False
27797,1120.49,1,1120.49,1.0,214,214,1,1.0,False
27798,1174.48,1,1174.48,2.0,170,170,2,0.9540307199782031,False
27799,1174.48,1,1174.48,2.0,346,346,2,0.9540307199782031,False
27801,777.34,1,777.34,2.0,305,305,2,0.9549875215478426,False
27802,561.48,1,561.48,2.0,104,104,2,0.9617261523117475,False
27804,53.98,1,53.98,2.0,96,96,2,0.0,False
27806,3.99,1,3.99,1.0,314,314,1,0.0,False
27807,4.99,1,4.99,1.0,316,316,1,0.0,False
27808,866.31,1,866.31,5.0,47,47,2,0.8569103438722858,False
27810,578.46,1,578.46,4.0,16,16,3,0.9334958337655153,False
27811,1155.48,1,1155.48,2.0,163,163,2,0.9697182123446533,False
27813,23.78,1,23.78,2.0,134,134,1,0.0,False
27815,110.46,1,110.46,4.0,318,318,2,0.0,False
27820,2419.06,1,2419.06,2.0,366,366,2,0.9855357039511216,True
27823,1164.47,1,1164.47,3.0,178,178,3,0.9622317449139952,False
27824,786.33,1,786.33,3.0,59,59,3,0.9440692838884438,False
27825,901.35,1,901.35,2.0,249,249,2,0.8235979364286903,False
27826,23.78,1,23.78,2.0,253,253,1,0.0,False
27828,27.77,1,27.77,3.0,282,282,1,0.0,False
27829,39.98,1,39.98,2.0,27,27,1,0.0,False
27833,21.49,1,21.49,1.0,42,42,1,0.0,False
27834,13.98,1,13.98,2.0,174,174,2,0.0,False
27839,2419.06,1,2419.06,2.0,292,292,2,0.9855357039511216,False
27840,48.97,1,48.97,3.0,214,214,2,0.0,False
27843,27.77,1,27.77,3.0,174,174,1,0.0,False
27845,751.34,1,751.34,2.0,58,58,2,0.9880347113157825,False
27849,39.98,1,39.98,2.0,53,53,1,0.0,False
27851,39.98,1,39.98,2.0,266,266,1,0.0,False
27853,18.97,1,18.97,3.0,99,99,1,0.0,False
27855,23.78,1,23.78,2.0,58,58,1,0.0,False
27856,578.46,1,578.46,4.0,95,95,3,0.9334958337655153,False
27857,39.98,1,39.98,2.0,291,291,1,0.0,False
27859,777.34,1,777.34,2.0,262,262,2,0.9549875215478426,False
27863,565.47,1,565.47,3.0,12,12,2,0.9549401382920403,False
27868,2419.06,1,2419.06,2.0,92,92,2,0.9855357039511216,False
27872,2393.06,1,2393.06,2.0,13,13,2,0.9962433035527736,False
27876,1214.85,1,1214.85,1.0,186,186,1,1.0,False
27879,1313.34,1,1313.34,3.0,141,141,3,0.9250079948832747,False
27883,778.62,1,778.62,4.0,252,252,2,0.9534175849580027,False
27884,756.33,1,756.33,3.0,259,259,2,0.9815160049184879,False
27889,71.58,1,71.58,3.0,66,66,1,0.0,False
27892,649.46,1,649.46,4.0,89,89,3,0.8314445847319311,False
27893,34.89,1,34.89,2.0,91,91,1,0.0,False
27896,539.99,1,539.99,1.0,64,64,1,1.0,False
27901,2433.04,1,2433.04,4.0,255,255,2,0.9798729161871571,False
27904,156.76,1,156.76,5.0,309,309,2,0.0,False
27906,539.99,1,539.99,1.0,70,70,1,1.0,False
27907,578.46,1,578.46,4.0,67,67,3,0.9334958337655153,False
27908,786.33,1,786.33,3.0,216,216,3,0.9440692838884438,False
27909,548.98,1,548.98,2.0,81,81,2,0.9836241757441072,False
27912,60.47,1,60.47,3.0,11,11,1,0.0,False
27914,39.98,1,39.98,2.0,262,262,1,0.0,False
27918,5998.610000000001,2,2999.3050000000003,2.5,34,1048,2,0.9939535992504931,True
27922,60.47,1,60.47,3.0,72,72,1,0.0,False
27923,28.99,1,28.99,1.0,68,68,1,0.0,False
27925,38.98,1,38.98,2.0,47,47,1,0.0,False
27926,4.99,1,4.99,1.0,288,288,1,0.0,False
27928,1120.49,1,1120.49,1.0,125,125,1,1.0,False
27932,123.48,1,123.48,3.0,143,143,2,0.0,False
27935,113.96,1,113.96,4.0,126,126,2,0.0,False
27936,24.99,1,24.99,1.0,196,196,1,0.0,False
27938,38.98,1,38.98,2.0,171,171,1,0.0,False
27942,29.48,1,29.48,2.0,334,334,2,0.0,False
27945,12.98,1,12.98,2.0,248,248,2,0.0,False
27946,1143.46,1,1143.46,4.0,41,41,3,0.9799118465009707,False
27948,2457.33,1,2457.33,3.0,214,214,2,0.9943108984141326,False
27952,2479.94,1,2479.94,3.0,186,186,2,0.9852456107809061,False
27953,548.98,1,548.98,2.0,321,321,2,0.9836241757441072,False
27954,39.98,1,39.98,2.0,131,131,1,0.0,False
27955,38.98,1,38.98,2.0,193,193,1,0.0,False
27958,38.98,1,38.98,2.0,14,14,1,0.0,False
27961,29.48,1,29.48,2.0,282,282,2,0.0,False
27962,7.28,1,7.28,2.0,153,153,1,0.0,False
27963,7.28,1,7.28,2.0,18,18,1,0.0,False
27966,39.98,1,39.98,2.0,281,281,1,0.0,False
27967,553.97,1,553.97,3.0,256,256,2,0.9747639763886131,False
27968,39.98,1,39.98,2.0,331,331,1,0.0,False
27971,58.98,1,58.98,2.0,61,61,2,0.0,False
27973,539.99,1,539.99,1.0,36,36,1,1.0,False
27976,58.98,1,58.98,2.0,105,105,2,0.0,False
27978,29.48,1,29.48,2.0,329,329,2,0.0,False
27980,29.48,1,29.48,2.0,228,228,2,0.0,False
27981,39.98,1,39.98,2.0,333,333,1,0.0,False
27982,603.49,1,603.49,2.0,58,58,2,0.8947787038724752,False
27984,561.48,1,561.48,2.0,32,32,2,0.9617261523117475,False
27988,7.28,1,7.28,2.0,72,72,1,0.0,False
27990,38.98,1,38.98,2.0,138,138,1,0.0,False
27991,2.29,1,2.29,1.0,106,106,1,0.0,False
27992,2.29,1,2.29,1.0,41,41,1,0.0,False
27993,2.29,1,2.29,1.0,239,239,1,0.0,False
27995,4.99,1,4.99,1.0,303,303,1,0.0,False
27996,67.93,1,67.93,3.0,324,324,1,0.0,False
28000,94.48,1,94.48,2.0,114,114,1,0.0,False
28007,39.98,1,39.98,2.0,137,137,1,0.0,False
28009,7.28,1,7.28,2.0,172,172,1,0.0,False
28010,64.47,1,64.47,3.0,141,141,2,0.0,False
28013,3578.27,1,3578.27,1.0,870,870,1,1.0,True
28020,39.98,1,39.98,2.0,236,236,1,0.0,False
28021,78.98,1,78.98,2.0,174,174,1,0.0,False
28027,119.98,1,119.98,2.0,53,53,1,0.0,False
28029,39.98,1,39.98,2.0,128,128,1,0.0,False
28032,75.47,1,75.47,3.0,312,312,2,0.0,False
28034,69.99,1,69.99,1.0,26,26,1,0.0,False
28035,69.99,1,69.99,1.0,245,245,1,0.0,False
28041,3578.27,1,3578.27,1.0,1037,1037,1,1.0,True
28042,3578.27,1,3578.27,1.0,1052,1052,1,1.0,True
28049,27.77,1,27.77,3.0,320,320,1,0.0,False
28051,3578.27,1,3578.27,1.0,855,855,1,1.0,True
28056,30.48,1,30.48,2.0,33,33,2,0.0,False
28062,5962.34,2,2981.17,1.0,33,1037,1,1.0,True
28068,6021.82,2,3010.91,2.0,34,1058,3,0.9901225875233735,True
28070,5997.33,2,2998.665,1.5,21,1053,2,0.9941657370863368,True
28072,548.98,1,548.98,2.0,62,62,2,0.9836241757441072,False
28074,12.94,1,12.94,2.0,74,74,1,0.0,False
28075,88.42,1,88.42,4.0,37,37,1,0.0,False
28077,21.49,1,21.49,1.0,209,209,1,0.0,False
28078,6011.3099999999995,2,3005.6549999999997,2.5,14,1046,2,0.9918536891293247,True
28079,39.98,1,39.98,2.0,30,30,1,0.0,False
28080,39.98,1,39.98,2.0,305,305,1,0.0,False
28084,60.47,1,60.47,3.0,115,115,1,0.0,False
28085,4.99,1,4.99,1.0,211,211,1,0.0,False
28086,166.28,1,166.28,3.0,266,266,1,0.0,False
28088,3578.27,1,3578.27,1.0,1030,1030,1,1.0,True
28091,1249.84,1,1249.84,2.0,35,35,2,0.9720044165653203,False
28092,3578.27,1,3578.27,1.0,872,872,1,1.0,True
28093,2.29,1,2.29,1.0,101,101,1,0.0,False
28095,2.29,1,2.29,1.0,186,186,1,0.0,False
28097,3578.27,1,3578.27,1.0,1027,1027,1,1.0,True
28098,1249.84,1,1249.84,2.0,49,49,2,0.9720044165653203,False
28101,78.98,1,78.98,2.0,323,323,1,0.0,False
28103,1214.85,1,1214.85,1.0,18,18,1,1.0,False
28104,7.28,1,7.28,2.0,31,31,1,0.0,False
28109,778.62,1,778.62,4.0,293,293,2,0.9534175849580027,False
28111,865.31,1,865.31,5.0,278,278,3,0.8579006367660145,False
28113,901.35,1,901.35,2.0,256,256,2,0.8235979364286903,False
28117,565.47,1,565.47,3.0,266,266,2,0.9549401382920403,False
28119,574.98,1,574.98,2.0,20,20,2,0.9391457094159796,False
28122,39.98,1,39.98,2.0,219,219,1,0.0,False
28123,4.99,1,4.99,1.0,93,93,1,0.0,False
28129,3578.27,1,3578.27,1.0,870,870,1,1.0,True
28130,3578.27,1,3578.27,1.0,869,869,1,1.0,True
28131,6011.3099999999995,2,3005.6549999999997,2.5,21,1032,2,0.9918536891293247,True
28132,548.98,1,548.98,2.0,25,25,2,0.9836241757441072,False
28134,574.98,1,574.98,2.0,22,22,2,0.9391457094159796,False
28137,7.28,1,7.28,2.0,78,78,1,0.0,False
28142,3578.27,1,3578.27,1.0,1010,1010,1,1.0,True
28145,3578.27,1,3578.27,1.0,1034,1034,1,1.0,True
28147,3578.27,1,3578.27,1.0,1006,1006,1,1.0,True
28148,3578.27,1,3578.27,1.0,1017,1017,1,1.0,True
28152,6025.32,2,3012.66,2.0,10,1006,2,0.9895474431233529,True
28154,5971.33,2,2985.665,1.5,23,1018,2,0.9984944727556508,True
28156,5997.33,2,2998.665,1.5,23,1035,2,0.9941657370863368,True
28157,7.28,1,7.28,2.0,111,111,1,0.0,False
28164,3578.27,1,3578.27,1.0,1022,1022,1,1.0,True
28167,3578.27,1,3578.27,1.0,1011,1011,1,1.0,True
28168,3578.27,1,3578.27,1.0,1032,1032,1,1.0,True
28170,3578.27,1,3578.27,1.0,1018,1018,1,1.0,True
28171,3578.27,1,3578.27,1.0,1009,1009,1,1.0,True
28176,3578.27,1,3578.27,1.0,870,870,1,1.0,True
28177,3578.27,1,3578.27,1.0,861,861,1,1.0,True
28179,3578.27,1,3578.27,1.0,1029,1029,1,1.0,True
28181,3578.27,1,3578.27,1.0,1032,1032,1,1.0,True
28182,3578.27,1,3578.27,1.0,1031,1031,1,1.0,True
28184,3578.27,1,3578.27,1.0,1014,1014,1,1.0,True
28185,3578.27,1,3578.27,1.0,1030,1030,1,1.0,True
28186,3578.27,1,3578.27,1.0,1031,1031,1,1.0,True
28188,29.48,1,29.48,2.0,26,26,2,0.0,False
28189,567.76,1,567.76,4.0,9,9,2,0.9510884880935607,False
28192,30.48,1,30.48,2.0,70,70,2,0.0,False
28196,5985.3099999999995,2,2992.6549999999997,2.5,12,978,3,0.9961622706259159,True
28197,3578.27,1,3578.27,1.0,872,872,1,1.0,True
28200,3578.27,1,3578.27,1.0,999,999,1,1.0,True
28202,2419.06,1,2419.06,2.0,365,365,2,0.9855357039511216,False
28203,2384.07,1,2384.07,1.0,359,359,1,1.0,False
28208,2398.05,1,2398.05,3.0,310,310,2,0.9941702633389631,False
28209,574.98,1,574.98,2.0,257,257,2,0.9391457094159796,False
28211,539.99,1,539.99,1.0,263,263,1,1.0,False
28215,589.96,1,589.96,4.0,270,270,3,0.9152993423282934,False
28216,7.28,1,7.28,2.0,303,303,1,0.0,False
28218,18.97,1,18.97,3.0,113,113,1,0.0,False
28219,39.98,1,39.98,2.0,36,36,1,0.0,False
28221,3578.27,1,3578.27,1.0,990,990,1,1.0,True
28223,3578.27,1,3578.27,1.0,989,989,1,1.0,True
28224,6016.33,2,3008.165,1.5,16,990,2,0.9910260906565963,True
28227,60.47,1,60.47,3.0,125,125,1,0.0,False
28228,21.49,1,21.49,1.0,117,117,1,0.0,False
28231,23.78,1,23.78,2.0,142,142,1,0.0,False
28234,5976.32,2,2988.16,2.0,9,995,2,0.9976607678303706,True
28235,30.48,1,30.48,2.0,289,289,2,0.0,False
28236,60.47,1,60.47,3.0,157,157,1,0.0,False
28238,21.49,1,21.49,1.0,1,1,1,0.0,False
28239,7.28,1,7.28,2.0,304,304,1,0.0,False
28244,6026.3099999999995,2,3013.1549999999997,2.5,17,998,3,0.9893848806317631,True
28246,5976.32,2,2988.16,2.0,7,993,2,0.9976607678303706,True
28249,27.96,1,27.96,4.0,77,77,2,0.0,False
28250,6016.33,2,3008.165,1.5,27,996,2,0.9910260906565963,True
28252,4.99,1,4.99,1.0,72,72,1,0.0,False
28253,13.98,1,13.98,2.0,181,181,2,0.0,False
28254,166.28,1,166.28,3.0,192,192,1,0.0,False
28255,6051.3099999999995,2,3025.6549999999997,2.5,16,976,2,0.9852973984145583,True
28257,5976.32,2,2988.16,2.0,25,1002,2,0.9976607678303706,True
28260,7.28,1,7.28,2.0,185,185,1,0.0,False
28261,27.92,1,27.92,4.0,63,63,1,0.0,False
28263,39.98,1,39.98,2.0,41,41,1,0.0,False
28268,5997.33,2,2998.665,1.5,16,994,2,0.9941657370863368,True
28269,13.98,1,13.98,2.0,295,295,2,0.0,False
28271,3578.27,1,3578.27,1.0,998,998,1,1.0,True
28272,111.95,1,111.95,4.0,48,48,2,0.0,False
28273,5962.34,2,2981.17,1.0,8,1001,1,1.0,True
28274,4.99,1,4.99,1.0,334,334,1,0.0,False
28278,39.98,1,39.98,2.0,238,238,1,0.0,False
28281,7.28,1,7.28,2.0,247,247,1,0.0,False
28283,39.98,1,39.98,2.0,9,9,1,0.0,False
28284,563.77,1,563.77,3.0,11,11,2,0.9578196782375792,False
28286,4.99,1,4.99,1.0,249,249,1,0.0,False
28287,103.48,1,103.48,3.0,251,251,2,0.0,False
28290,64.47,1,64.47,3.0,232,232,2,0.0,False
28292,61.96,1,61.96,3.0,245,245,1,0.0,False
28293,3578.27,1,3578.27,1.0,979,979,1,1.0,True
28294,3578.27,1,3578.27,1.0,979,979,1,1.0,True
28297,5971.33,2,2985.665,1.5,24,998,2,0.9984944727556508,True
28298,4828.11,2,2414.055,1.5,358,994,2,0.9927528577435063,True
28299,3578.27,1,3578.27,1.0,990,990,1,1.0,True
28300,2.29,1,2.29,1.0,263,263,1,0.0,False
28301,161.29,1,161.29,2.0,326,326,1,0.0,False
28302,78.98,1,78.98,2.0,299,299,1,0.0,False
28307,561.48,1,561.48,2.0,239,239,2,0.9617261523117475,False
28310,4.99,1,4.99,1.0,53,53,1,0.0,False
28311,2393.06,1,2393.06,2.0,336,336,2,0.9962433035527736,False
28313,647.94,1,647.94,6.0,224,224,3,0.8333950674445164,False
28314,553.97,1,553.97,3.0,233,233,2,0.9747639763886131,False
28317,539.99,1,539.99,1.0,208,208,1,1.0,False
28318,574.98,1,574.98,2.0,187,187,2,0.9391457094159796,False
28322,29.48,1,29.48,2.0,270,270,2,0.0,False
28328,4.99,1,4.99,1.0,28,28,1,0.0,False
28332,94.48,1,94.48,2.0,206,206,1,0.0,False
28333,53.99,1,53.99,1.0,327,327,1,0.0,False
28334,53.99,1,53.99,1.0,114,114,1,0.0,False
28336,138.97,1,138.97,4.0,132,132,1,0.0,False
28339,3578.27,1,3578.27,1.0,993,993,1,1.0,True
28340,3578.27,1,3578.27,1.0,988,988,1,1.0,True
28342,69.99,1,69.99,1.0,177,177,1,0.0,False
28343,53.99,1,53.99,1.0,198,198,1,0.0,False
28347,73.96,1,73.96,4.0,232,232,1,0.0,False
28348,68.49,1,68.49,2.0,99,99,2,0.0,False
28349,39.98,1,39.98,2.0,70,70,1,0.0,False
28350,13.98,1,13.98,2.0,134,134,2,0.0,False
28358,4.99,1,4.99,1.0,78,78,1,0.0,False
28362,3578.27,1,3578.27,1.0,986,986,1,1.0,True
28364,1170.48,1,1170.48,2.0,142,142,2,0.9572910259039027,False
28365,2433.04,1,2433.04,4.0,248,248,2,0.9798729161871571,False
28369,777.34,1,777.34,2.0,233,233,2,0.9549875215478426,False
28370,638.95,1,638.95,5.0,84,84,3,0.8451209014789889,False
28371,539.99,1,539.99,1.0,80,80,1,1.0,False
28376,1134.47,1,1134.47,3.0,157,157,2,0.987677065061218,False
28379,61.08,1,61.08,3.0,264,264,2,0.0,False
28380,34.89,1,34.89,2.0,59,59,1,0.0,False
28383,742.35,1,742.35,1.0,205,205,1,1.0,False
28384,67.59,1,67.59,2.0,145,145,1,0.0,False
28387,583.97,1,583.97,3.0,42,42,3,0.9246879120502766,False
28389,3399.99,1,3399.99,1.0,1097,1097,1,1.0,True
28390,3374.99,1,3374.99,1.0,1071,1071,1,1.0,True
28396,1155.48,1,1155.48,2.0,133,133,2,0.9697182123446533,False
28397,2419.06,1,2419.06,2.0,236,236,2,0.9855357039511216,False
28399,553.97,1,553.97,3.0,62,62,2,0.9747639763886131,False
28405,1155.48,1,1155.48,2.0,145,145,2,0.9697182123446533,False
28407,3374.99,1,3374.99,1.0,961,961,1,1.0,True
28409,28.99,1,28.99,1.0,328,328,1,0.0,False
28413,23.78,1,23.78,2.0,102,102,1,0.0,False
28414,3399.99,1,3399.99,1.0,954,954,1,1.0,True
28415,2428.05,1,2428.05,3.0,227,227,3,0.9818866992030644,False
28419,4564.46,2,2282.23,2.0,106,899,3,0.9903646871700049,True
28422,34.89,1,34.89,2.0,13,13,1,0.0,False
28426,60.47,1,60.47,3.0,80,80,1,0.0,False
28427,539.99,1,539.99,1.0,49,49,1,1.0,False
28429,34.89,1,34.89,2.0,218,218,1,0.0,False
28433,32.6,1,32.6,1.0,8,8,1,0.0,False
28434,751.34,1,751.34,2.0,200,200,2,0.9880347113157825,False
28438,574.98,1,574.98,2.0,26,26,2,0.9391457094159796,False
28440,38.88,1,38.88,3.0,129,129,1,0.0,False
28441,36.59,1,36.59,2.0,102,102,1,0.0,False
28443,3374.99,1,3374.99,1.0,880,880,1,1.0,True
28446,2398.05,1,2398.05,3.0,184,184,2,0.9941702633389631,False
28448,21.49,1,21.49,1.0,88,88,1,0.0,False
28449,3374.99,1,3374.99,1.0,878,878,1,1.0,True
28451,30.48,1,30.48,2.0,55,55,2,0.0,False
28452,69.99,1,69.99,1.0,259,259,1,0.0,False
28454,88.97,1,88.97,3.0,185,185,1,0.0,False
28456,69.99,1,69.99,1.0,329,329,1,0.0,False
28458,3374.99,1,3374.99,1.0,844,844,1,1.0,True
28460,119.98,1,119.98,2.0,290,290,1,0.0,False
28463,21.49,1,21.49,1.0,114,114,1,0.0,False
28464,69.99,1,69.99,1.0,17,17,1,0.0,False
28468,60.47,1,60.47,3.0,232,232,1,0.0,False
28469,60.47,1,60.47,3.0,65,65,1,0.0,False
28476,119.98,1,119.98,2.0,56,56,1,0.0,False
28486,776.33,1,776.33,3.0,205,205,2,0.9562299537567787,False
28490,778.62,1,778.62,4.0,176,176,2,0.9534175849580027,False
28491,3374.99,1,3374.99,1.0,772,772,1,1.0,True
28492,3374.99,1,3374.99,1.0,782,782,1,1.0,True
28496,69.99,1,69.99,1.0,142,142,1,0.0,False
28498,78.98,1,78.98,2.0,316,316,1,0.0,False
28501,786.33,1,786.33,3.0,127,127,3,0.9440692838884438,False
28502,777.34,1,777.34,2.0,152,152,2,0.9549875215478426,False
28503,578.46,1,578.46,4.0,19,19,3,0.9334958337655153,False
28504,3374.99,1,3374.99,1.0,744,744,1,1.0,True
28507,777.34,1,777.34,2.0,132,132,2,0.9549875215478426,False
28515,565.47,1,565.47,3.0,11,11,2,0.9549401382920403,False
28516,563.77,1,563.77,3.0,29,29,2,0.9578196782375792,False
28523,2433.04,1,2433.04,4.0,197,197,2,0.9798729161871571,False
28524,2398.05,1,2398.05,3.0,192,192,2,0.9941702633389631,False
28526,60.47,1,60.47,3.0,9,9,1,0.0,False
28528,751.34,1,751.34,2.0,98,98,2,0.9880347113157825,False
28529,2049.0982,1,2049.0982,1.0,673,673,1,1.0,True
28531,751.34,1,751.34,2.0,119,119,2,0.9880347113157825,False
28533,4.99,1,4.99,1.0,330,330,1,0.0,False
28536,13.98,1,13.98,2.0,310,310,2,0.0,False
28541,2049.0982,1,2049.0982,1.0,696,696,1,1.0,True
28542,78.98,1,78.98,2.0,315,315,1,0.0,False
28544,33.98,1,33.98,2.0,71,71,1,0.0,False
28547,2049.0982,1,2049.0982,1.0,691,691,1,1.0,True
28549,2418.05,1,2418.05,3.0,174,174,2,0.9859473542730715,False
28550,123.98,1,123.98,2.0,49,49,1,0.0,False
28551,69.99,1,69.99,1.0,242,242,1,0.0,False
28552,21.49,1,21.49,1.0,44,44,1,0.0,False
28553,3216.8996,2,1608.4498,1.5,61,658,2,0.9922316506240979,True
28554,1155.48,1,1155.48,2.0,92,92,2,0.9697182123446533,False
28555,1134.47,1,1134.47,3.0,92,92,2,0.987677065061218,False
28558,68.97,1,68.97,3.0,30,30,1,0.0,False
28559,2049.0982,1,2049.0982,1.0,660,660,1,1.0,True
28561,23.78,1,23.78,2.0,37,37,1,0.0,False
28562,3219.1896,2,1609.5948,2.0,52,653,2,0.9915258175535856,True
28568,1145.48,1,1145.48,2.0,37,37,2,0.9781838181373748,False
28569,3204.5782,2,1602.2891,1.5,48,663,2,0.9890812463243993,True
28572,31.27,1,31.27,3.0,236,236,1,0.0,False
28573,3578.27,1,3578.27,1.0,984,984,1,1.0,True
28574,3578.27,1,3578.27,1.0,857,857,1,1.0,True
28575,69.99,1,69.99,1.0,113,113,1,0.0,False
28576,39.98,1,39.98,2.0,62,62,1,0.0,False
28580,4793.12,2,2396.56,1.0,204,985,1,1.0,True
28581,119.98,1,119.98,2.0,28,28,1,0.0,False
28584,3578.27,1,3578.27,1.0,989,989,1,1.0,True
28587,3578.27,1,3578.27,1.0,994,994,1,1.0,True
28592,34.99,1,34.99,1.0,16,16,1,0.0,False
28595,49.99,1,49.99,1.0,265,265,1,0.0,False
28596,7.95,1,7.95,1.0,16,16,1,0.0,False
28599,7.95,1,7.95,1.0,246,246,1,0.0,False
28600,119.98,1,119.98,2.0,275,275,1,0.0,False
28602,144.47,1,144.47,3.0,74,74,1,0.0,False
28604,7.95,1,7.95,1.0,328,328,1,0.0,False
28607,7.95,1,7.95,1.0,335,335,1,0.0,False
28609,63.97,1,63.97,3.0,75,75,2,0.0,False
28610,8.99,1,8.99,1.0,80,80,1,0.0,False
28611,8.99,1,8.99,1.0,289,289,1,0.0,False
28612,8.99,1,8.99,1.0,200,200,1,0.0,False
28613,8.99,1,8.99,1.0,35,35,1,0.0,False
28617,178.98,1,178.98,3.0,13,13,2,0.0,False
28618,3578.27,1,3578.27,1.0,951,951,1,1.0,True
28620,3578.27,1,3578.27,1.0,872,872,1,1.0,True
28621,3578.27,1,3578.27,1.0,959,959,1,1.0,True
28623,27.28,1,27.28,2.0,283,283,1,0.0,False
28624,3578.27,1,3578.27,1.0,866,866,1,1.0,True
28626,3578.27,1,3578.27,1.0,857,857,1,1.0,True
28629,3578.27,1,3578.27,1.0,964,964,1,1.0,True
28636,78.97,1,78.97,3.0,4,4,2,0.0,False
28639,190.27,1,190.27,4.0,187,187,1,0.0,False
28641,83.97,1,83.97,3.0,113,113,1,0.0,False
28642,27.28,1,27.28,2.0,200,200,1,0.0,False
28644,3578.27,1,3578.27,1.0,963,963,1,1.0,True
28646,3578.27,1,3578.27,1.0,863,863,1,1.0,True
28650,3578.27,1,3578.27,1.0,967,967,1,1.0,True
28652,3578.27,1,3578.27,1.0,843,843,1,1.0,True
28655,3578.27,1,3578.27,1.0,967,967,1,1.0,True
28657,3578.27,1,3578.27,1.0,949,949,1,1.0,True
28658,3578.27,1,3578.27,1.0,965,965,1,1.0,True
28661,3578.27,1,3578.27,1.0,946,946,1,1.0,True
28662,4827.1,2,2413.55,2.0,174,973,2,0.9929605767438007,True
28669,2181.5625,1,2181.5625,1.0,707,707,1,1.0,True
28670,3578.27,1,3578.27,1.0,954,954,1,1.0,True
28671,4320.62,2,2160.31,1.0,346,971,1,1.0,True
28672,4355.61,2,2177.805,1.5,354,968,2,0.9919666820491275,True
28674,4430.09,2,2215.045,2.5,312,950,3,0.9752894410723034,True
28675,3578.27,1,3578.27,1.0,967,967,1,1.0,True
28676,3578.27,1,3578.27,1.0,954,954,1,1.0,True
28678,4337.5599999999995,2,2168.7799999999997,2.0,322,951,2,0.9960945785187987,True
28680,31.27,1,31.27,3.0,67,67,1,0.0,False
28682,63.97,1,63.97,3.0,288,288,1,0.0,False
28685,2049.0982,1,2049.0982,1.0,668,668,1,1.0,True
28686,800.31,1,800.31,5.0,103,103,3,0.9275780635003935,False
28689,2049.0982,1,2049.0982,1.0,620,620,1,1.0,True
28691,777.34,1,777.34,2.0,88,88,2,0.9549875215478426,False
28695,2419.06,1,2419.06,2.0,169,169,2,0.9855357039511216,False
28696,2428.05,1,2428.05,3.0,145,145,3,0.9818866992030644,False
28698,765.32,1,765.32,4.0,85,85,3,0.9699864109130821,False
28699,777.34,1,777.34,2.0,91,91,2,0.9549875215478426,False
28702,1193.45,1,1193.45,5.0,42,42,3,0.9388663119527421,False
28704,2419.06,1,2419.06,2.0,123,123,2,0.9855357039511216,False
28705,777.34,1,777.34,2.0,89,89,2,0.9549875215478426,False
28707,2071.4196,1,2071.4196,1.0,625,625,1,1.0,True
28709,2419.06,1,2419.06,2.0,302,302,2,0.9855357039511216,False
28711,2071.4196,1,2071.4196,1.0,635,635,1,1.0,True
28712,2393.06,1,2393.06,2.0,262,262,2,0.9962433035527736,False
28713,3204.5782,2,1602.2891,1.5,17,622,2,0.9890812463243993,True
28714,2433.04,1,2433.04,4.0,308,308,2,0.9798729161871571,False
28715,588.96,1,588.96,4.0,165,165,2,0.9168534365661505,False
28717,29.48,1,29.48,2.0,244,244,2,0.0,False
28718,67.97,1,67.97,3.0,126,126,2,0.0,False
28719,2384.07,1,2384.07,1.0,329,329,1,1.0,False
28720,2419.06,1,2419.06,2.0,331,331,2,0.9855357039511216,False
28721,39.98,1,39.98,2.0,61,61,1,0.0,False
28722,119.98,1,119.98,2.0,159,159,1,0.0,False
28723,2419.06,1,2419.06,2.0,270,270,2,0.9855357039511216,False
28726,778.62,1,778.62,4.0,36,36,2,0.9534175849580027,False
28727,2071.4196,1,2071.4196,1.0,581,581,1,1.0,True
28731,2452.04,1,2452.04,4.0,253,253,3,0.9722802238136411,False
28739,2049.0982,1,2049.0982,1.0,562,562,1,1.0,True
28740,3191.9096,2,1595.9548,1.0,31,569,1,1.0,True
28743,78.98,1,78.98,2.0,84,84,1,0.0,False
28744,776.33,1,776.33,3.0,59,59,2,0.9562299537567787,False
28745,27.77,1,27.77,3.0,35,35,1,0.0,False
28748,23.78,1,23.78,2.0,168,168,1,0.0,False
28750,3213.5681999999997,2,1606.7840999999999,2.0,7,558,3,0.9863142783153008,True
28751,3240.8796,2,1620.4398,2.5,9,561,2,0.9848899045802259,True
28754,68.97,1,68.97,3.0,152,152,1,0.0,False
28756,3218.5582,2,1609.2791,2.5,27,564,2,0.9847851127874588,True
28758,2603.0681999999997,2,1301.5340999999999,2.0,359,559,2,0.9946294146269392,True
28760,28.98,1,28.98,2.0,23,23,1,0.0,False
28761,3578.27,1,3578.27,1.0,970,970,1,1.0,True
28763,3578.27,1,3578.27,1.0,959,959,1,1.0,True
28767,69.99,1,69.99,1.0,218,218,1,0.0,False
28769,4329.61,2,2164.805,1.5,321,952,2,0.9979236005090528,True
28770,4355.61,2,2177.805,1.5,315,962,2,0.9919666820491275,True
28773,127.95,1,127.95,2.0,188,188,1,0.0,False
28774,3578.27,1,3578.27,1.0,968,968,1,1.0,True
28778,3578.27,1,3578.27,1.0,881,881,1,1.0,True
28779,23.97,1,23.97,3.0,97,97,2,0.0,False
28780,7.95,1,7.95,1.0,200,200,1,0.0,False
28783,34.99,1,34.99,1.0,246,246,1,0.0,False
28784,43.98,1,43.98,2.0,9,9,2,0.0,False
28785,34.99,1,34.99,1.0,192,192,1,0.0,False
28788,8.99,1,8.99,1.0,336,336,1,0.0,False
28791,31.27,1,31.27,3.0,307,307,1,0.0,False
28793,24.99,1,24.99,1.0,312,312,1,0.0,False
28795,3578.27,1,3578.27,1.0,959,959,1,1.0,True
28798,2443.35,1,2443.35,1.0,675,675,1,1.0,True
28801,27.28,1,27.28,2.0,188,188,1,0.0,False
28806,63.97,1,63.97,3.0,284,284,1,0.0,False
28809,24.99,1,24.99,1.0,269,269,1,0.0,False
28820,3578.27,1,3578.27,1.0,923,923,1,1.0,True
28822,3578.27,1,3578.27,1.0,914,914,1,1.0,True
28823,3578.27,1,3578.27,1.0,922,922,1,1.0,True
28825,3578.27,1,3578.27,1.0,939,939,1,1.0,True
28826,3578.27,1,3578.27,1.0,916,916,1,1.0,True
28828,4329.61,2,2164.805,1.5,289,935,2,0.9979236005090528,True
28829,3578.27,1,3578.27,1.0,944,944,1,1.0,True
28834,2443.35,1,2443.35,1.0,682,682,1,1.0,True
28838,3578.27,1,3578.27,1.0,933,933,1,1.0,True
28839,3578.27,1,3578.27,1.0,914,914,1,1.0,True
28844,4337.5599999999995,2,2168.7799999999997,2.0,282,918,2,0.9960945785187987,True
28845,4320.62,2,2160.31,1.0,246,938,1,1.0,True
28847,4355.61,2,2177.805,1.5,262,932,2,0.9919666820491275,True
28849,3578.27,1,3578.27,1.0,927,927,1,1.0,True
28852,3578.27,1,3578.27,1.0,936,936,1,1.0,True
28853,3578.27,1,3578.27,1.0,942,942,1,1.0,True
28855,103.46,1,103.46,4.0,168,168,2,0.0,False
28856,3578.27,1,3578.27,1.0,932,932,1,1.0,True
28859,4355.61,2,2177.805,1.5,215,925,2,0.9919666820491275,True
28860,28.98,1,28.98,2.0,229,229,1,0.0,False
28862,24.99,1,24.99,1.0,308,308,1,0.0,False
28865,31.27,1,31.27,3.0,199,199,1,0.0,False
28866,117.96,1,117.96,4.0,246,246,2,0.0,False
28876,2475.95,1,2475.95,2.0,201,201,2,0.9868333366990448,False
28877,12.98,1,12.98,2.0,305,305,2,0.0,False
28880,637.96,1,637.96,4.0,266,266,3,0.8464323782055301,False
28882,7.28,1,7.28,2.0,232,232,1,0.0,False
28883,38.98,1,38.98,2.0,78,78,1,0.0,False
28885,4470.8896,2,2235.4448,2.0,29,524,3,0.9822227773193059,True
28886,48.97,1,48.97,3.0,27,27,2,0.0,False
28887,39.98,1,39.98,2.0,123,123,1,0.0,False
28892,21.49,1,21.49,1.0,138,138,1,0.0,False
28893,15.23,1,15.23,3.0,239,239,1,0.0,False
28894,59.98,1,59.98,2.0,35,35,1,0.0,False
28896,21.49,1,21.49,1.0,286,286,1,0.0,False
28899,60.47,1,60.47,3.0,5,5,1,0.0,False
28900,29.48,1,29.48,2.0,215,215,2,0.0,False
28901,2443.35,1,2443.35,1.0,162,162,1,1.0,False
28904,2848.5782,2,1424.2891,1.5,288,541,2,0.989471940773822,True
28906,4.99,1,4.99,1.0,77,77,1,0.0,False
28909,7.28,1,7.28,2.0,129,129,1,0.0,False
28910,48.97,1,48.97,3.0,102,102,1,0.0,False
28913,23.78,1,23.78,2.0,69,69,1,0.0,False
28916,561.92,1,561.92,4.0,246,246,2,0.9609730922551252,False
28919,4.99,1,4.99,1.0,303,303,1,0.0,False
28920,7.28,1,7.28,2.0,53,53,1,0.0,False
28921,184.48,1,184.48,3.0,283,283,1,0.0,False
28922,29.48,1,29.48,2.0,131,131,2,0.0,False
28924,4.99,1,4.99,1.0,8,8,1,0.0,False
28926,7.28,1,7.28,2.0,47,47,1,0.0,False
28927,2419.06,1,2419.06,2.0,300,300,2,0.9855357039511216,False
28928,2473.05,1,2473.05,3.0,276,276,3,0.9640201370776977,False
28930,15.23,1,15.23,3.0,20,20,1,0.0,False
28933,29.48,1,29.48,2.0,69,69,2,0.0,False
28934,64.47,1,64.47,3.0,135,135,2,0.0,False
28939,14.98,1,14.98,2.0,302,302,1,0.0,False
28940,2393.06,1,2393.06,2.0,280,280,2,0.9962433035527736,False
28941,69.97,1,69.97,3.0,69,69,1,0.0,False
28942,9.99,1,9.99,1.0,258,258,1,0.0,False
28943,49.97,1,49.97,3.0,182,182,1,0.0,False
28944,23.97,1,23.97,3.0,131,131,2,0.0,False
28948,2419.06,1,2419.06,2.0,304,304,2,0.9855357039511216,False
28952,2473.04,1,2473.04,4.0,279,279,2,0.964024035195549,False
28953,2462.55,1,2462.55,3.0,282,282,2,0.9681305963330695,False
28956,14.98,1,14.98,2.0,166,166,1,0.0,False
28957,2419.06,1,2419.06,2.0,245,245,2,0.9855357039511216,False
28958,14.98,1,14.98,2.0,27,27,1,0.0,False
28959,14.98,1,14.98,2.0,251,251,1,0.0,False
28964,69.99,1,69.99,1.0,250,250,1,0.0,False
28967,8.99,1,8.99,1.0,313,313,1,0.0,False
28968,2.29,1,2.29,1.0,134,134,1,0.0,False
28969,62.98,1,62.98,2.0,232,232,1,0.0,False
28970,63.97,1,63.97,3.0,55,55,1,0.0,False
28976,94.48,1,94.48,2.0,230,230,1,0.0,False
28981,27.28,1,27.28,2.0,287,287,1,0.0,False
28982,27.28,1,27.28,2.0,240,240,1,0.0,False
28983,63.97,1,63.97,3.0,141,141,1,0.0,False
28985,53.47,1,53.47,3.0,282,282,2,0.0,False
28986,78.98,1,78.98,2.0,151,151,1,0.0,False
28988,3578.27,1,3578.27,1.0,943,943,1,1.0,True
28989,3578.27,1,3578.27,1.0,923,923,1,1.0,True
28993,3578.27,1,3578.27,1.0,926,926,1,1.0,True
28994,24.99,1,24.99,1.0,156,156,1,0.0,False
28996,78.98,1,78.98,2.0,136,136,1,0.0,False
29000,7.28,1,7.28,2.0,313,313,1,0.0,False
29003,4.99,1,4.99,1.0,113,113,1,0.0,False
29004,4320.62,2,2160.31,1.0,217,937,1,1.0,True
29005,69.99,1,69.99,1.0,300,300,1,0.0,False
29007,24.99,1,24.99,1.0,27,27,1,0.0,False
29017,3578.27,1,3578.27,1.0,929,929,1,1.0,True
29019,4355.61,2,2177.805,1.5,211,924,2,0.9919666820491275,True
29020,13.98,1,13.98,2.0,186,186,2,0.0,False
29021,69.99,1,69.99,1.0,150,150,1,0.0,False
29023,35.23,1,35.23,3.0,79,79,1,0.0,False
29026,24.99,1,24.99,1.0,134,134,1,0.0,False
29027,574.98,1,574.98,2.0,15,15,2,0.9391457094159796,False
29030,39.98,1,39.98,2.0,10,10,1,0.0,False
29035,28.98,1,28.98,2.0,14,14,1,0.0,False
29037,69.99,1,69.99,1.0,237,237,1,0.0,False
29038,6.28,1,6.28,2.0,11,11,1,0.0,False
29044,4320.62,2,2160.31,1.0,209,926,1,1.0,True
29045,89.97,1,89.97,3.0,250,250,2,0.0,False
29049,113.46,1,113.46,4.0,269,269,2,0.0,False
29050,63.47,1,63.47,3.0,20,20,2,0.0,False
29054,751.34,1,751.34,2.0,197,197,2,0.9880347113157825,False
29055,765.32,1,765.32,4.0,213,213,3,0.9699864109130821,False
29058,3578.27,1,3578.27,1.0,938,938,1,1.0,True
29059,3578.27,1,3578.27,1.0,918,918,1,1.0,True
29060,3578.27,1,3578.27,1.0,924,924,1,1.0,True
29061,3.99,1,3.99,1.0,20,20,1,0.0,False
29065,777.34,1,777.34,2.0,200,200,2,0.9549875215478426,False
29067,539.99,1,539.99,1.0,145,145,1,1.0,False
29070,3578.27,1,3578.27,1.0,915,915,1,1.0,True
29071,69.99,1,69.99,1.0,228,228,1,0.0,False
29074,67.49,1,67.49,2.0,205,205,2,0.0,False
29075,67.49,1,67.49,2.0,272,272,2,0.0,False
29077,63.97,1,63.97,3.0,53,53,1,0.0,False
29078,63.97,1,63.97,3.0,134,134,1,0.0,False
29079,102.48,1,102.48,3.0,336,336,2,0.0,False
29080,777.34,1,777.34,2.0,158,158,2,0.9549875215478426,False
29082,742.35,1,742.35,1.0,183,183,1,1.0,False
29084,742.35,1,742.35,1.0,182,182,1,1.0,False
29085,777.34,1,777.34,2.0,166,166,2,0.9549875215478426,False
29086,805.33,1,805.33,3.0,173,173,2,0.9217960339239815,False
29088,756.33,1,756.33,3.0,146,146,2,0.9815160049184879,False
29093,28.48,1,28.48,2.0,133,133,2,0.0,False
29094,796.34,1,796.34,2.0,141,141,2,0.9322023256398021,False
29095,777.34,1,777.34,2.0,144,144,2,0.9549875215478426,False
29098,628.97,1,628.97,3.0,150,150,3,0.8585306135427763,False
29099,548.98,1,548.98,2.0,99,99,2,0.9836241757441072,False
29100,102.96,1,102.96,4.0,31,31,2,0.0,False
29101,7.28,1,7.28,2.0,60,60,1,0.0,False
29102,2384.07,1,2384.07,1.0,273,273,1,1.0,False
29104,78.98,1,78.98,2.0,54,54,1,0.0,False
29105,6.28,1,6.28,2.0,260,260,1,0.0,False
29107,162.99,1,162.99,2.0,255,255,1,0.0,False
29108,3578.27,1,3578.27,1.0,933,933,1,1.0,True
29111,4389.59,2,2194.795,2.5,206,935,2,0.9842878264257028,True
29112,6.28,1,6.28,2.0,233,233,1,0.0,False
29114,2384.07,1,2384.07,1.0,261,261,1,1.0,False
29117,9.99,1,9.99,1.0,210,210,1,0.0,False
29118,73.96,1,73.96,4.0,147,147,2,0.0,False
29120,49.97,1,49.97,3.0,205,205,1,0.0,False
29122,49.97,1,49.97,3.0,153,153,1,0.0,False
29123,23.97,1,23.97,3.0,65,65,2,0.0,False
29124,69.99,1,69.99,1.0,230,230,1,0.0,False
29125,14.23,1,14.23,3.0,49,49,1,0.0,False
29128,4349.61,2,2174.805,1.5,212,937,2,0.9933350346352892,True
29129,24.99,1,24.99,1.0,241,241,1,0.0,False
29130,7.28,1,7.28,2.0,327,327,1,0.0,False
29131,3.99,1,3.99,1.0,20,20,1,0.0,False
29138,4374.61,2,2187.305,1.5,197,914,2,0.9876583283995602,True
29139,3578.27,1,3578.27,1.0,938,938,1,1.0,True
29144,3578.27,1,3578.27,1.0,890,890,1,1.0,True
29145,3578.27,1,3578.27,1.0,895,895,1,1.0,True
29146,3578.27,1,3578.27,1.0,906,906,1,1.0,True
29149,2443.35,1,2443.35,1.0,653,653,1,1.0,True
29151,3578.27,1,3578.27,1.0,910,910,1,1.0,True
29153,3.99,1,3.99,1.0,230,230,1,0.0,False
29155,3578.27,1,3578.27,1.0,886,886,1,1.0,True
29156,3578.27,1,3578.27,1.0,892,892,1,1.0,True
29161,38.98,1,38.98,2.0,62,62,1,0.0,False
29165,2407.04,1,2407.04,4.0,307,307,3,0.9904571590002662,False
29166,4334.6,2,2167.3,2.0,212,901,2,0.9967747889078578,True
29171,24.99,1,24.99,1.0,108,108,1,0.0,False
29172,27.28,1,27.28,2.0,6,6,1,0.0,False
29176,15.23,1,15.23,3.0,256,256,1,0.0,False
29177,28.98,1,28.98,2.0,246,246,1,0.0,False
29178,2452.04,1,2452.04,4.0,250,250,3,0.9722802238136411,False
29179,2393.06,1,2393.06,2.0,275,275,2,0.9962433035527736,False
29181,553.97,1,553.97,3.0,98,98,2,0.9747639763886131,False
29184,2420.34,1,2420.34,4.0,252,252,2,0.9850145020947472,False
29189,23.97,1,23.97,3.0,135,135,2,0.0,False
29190,2447.05,1,2447.05,3.0,257,257,2,0.9742628879671443,False
29191,2393.06,1,2393.06,2.0,258,258,2,0.9962433035527736,False
29199,38.98,1,38.98,2.0,115,115,1,0.0,False
29200,6.28,1,6.28,2.0,159,159,1,0.0,False
29201,4334.6,2,2167.3,2.0,182,892,2,0.9967747889078578,True
29202,4320.62,2,2160.31,1.0,163,900,1,1.0,True
29203,4334.6,2,2167.3,2.0,178,886,2,0.9967747889078578,True
29204,4320.62,2,2160.31,1.0,176,906,1,1.0,True
29205,28.98,1,28.98,2.0,32,32,1,0.0,False
29208,3578.27,1,3578.27,1.0,891,891,1,1.0,True
29210,27.28,1,27.28,2.0,128,128,1,0.0,False
29211,31.27,1,31.27,3.0,25,25,1,0.0,False
29213,68.49,1,68.49,2.0,106,106,2,0.0,False
29214,59.98,1,59.98,2.0,318,318,1,0.0,False
29218,37.97,1,37.97,3.0,122,122,2,0.0,False
29221,4320.62,2,2160.31,1.0,180,894,1,1.0,True
29222,4374.61,2,2187.305,1.5,135,902,2,0.9876583283995602,True
29223,4355.61,2,2177.805,1.5,144,886,2,0.9919666820491275,True
29224,27.28,1,27.28,2.0,300,300,1,0.0,False
29226,38.98,1,38.98,2.0,165,165,1,0.0,False
29227,63.97,1,63.97,3.0,48,48,1,0.0,False
29229,39.98,1,39.98,2.0,114,114,1,0.0,False
29233,63.97,1,63.97,3.0,68,68,1,0.0,False
29234,28.98,1,28.98,2.0,174,174,1,0.0,False
29235,27.28,1,27.28,2.0,136,136,1,0.0,False
29239,4343.59,2,2171.795,2.5,99,892,3,0.9947117476557411,True
29240,68.97,1,68.97,3.0,10,10,2,0.0,False
29241,24.99,1,24.99,1.0,277,277,1,0.0,False
29242,4355.61,2,2177.805,1.5,112,888,2,0.9919666820491275,True
29246,88.46,1,88.46,4.0,91,91,2,0.0,False
29247,2447.05,1,2447.05,3.0,318,318,2,0.9742628879671443,False
29251,12.98,1,12.98,2.0,271,271,2,0.0,False
29253,63.47,1,63.47,3.0,197,197,2,0.0,False
29255,4389.59,2,2194.795,2.5,110,913,2,0.9842878264257028,True
29256,2393.06,1,2393.06,2.0,286,286,2,0.9962433035527736,False
29258,4329.61,2,2164.805,1.5,94,884,2,0.9979236005090528,True
29259,13.98,1,13.98,2.0,86,86,2,0.0,False
29260,97.96,1,97.96,4.0,111,111,2,0.0,False
29261,4320.62,2,2160.31,1.0,78,891,1,1.0,True
29263,38.98,1,38.98,2.0,32,32,1,0.0,False
29265,4320.62,2,2160.31,1.0,82,883,1,1.0,True
29266,39.98,1,39.98,2.0,269,269,1,0.0,False
29270,11.94,1,11.94,2.0,127,127,1,0.0,False
29271,38.98,1,38.98,2.0,233,233,1,0.0,False
29272,38.98,1,38.98,2.0,126,126,1,0.0,False
29274,4479.62,2,2239.81,1.5,88,909,2,0.9645059179126801,True
29275,4329.61,2,2164.805,1.5,91,908,2,0.9979236005090528,True
29276,4329.61,2,2164.805,1.5,70,900,2,0.9979236005090528,True
29277,2419.06,1,2419.06,2.0,303,303,2,0.9855357039511216,False
29278,4355.61,2,2177.805,1.5,72,902,2,0.9919666820491275,True
29279,4397.58,2,2198.79,3.0,77,866,3,0.9824994656151794,True
29284,49.99,1,49.99,1.0,19,19,1,0.0,False
29285,3578.27,1,3578.27,1.0,873,873,1,1.0,True
29289,2433.04,1,2433.04,4.0,271,271,2,0.9798729161871571,False
29292,2393.06,1,2393.06,2.0,267,267,2,0.9962433035527736,False
29297,613.45,1,613.45,5.0,82,82,3,0.8802510392044991,False
29299,548.98,1,548.98,2.0,54,54,2,0.9836241757441072,False
29300,2419.06,1,2419.06,2.0,217,217,2,0.9855357039511216,False
29301,134.98,1,134.98,3.0,249,249,1,0.0,False
29302,22.93,1,22.93,3.0,238,238,1,0.0,False
29303,2419.06,1,2419.06,2.0,221,221,2,0.9855357039511216,False
29304,23.97,1,23.97,3.0,272,272,2,0.0,False
29307,14.98,1,14.98,2.0,335,335,1,0.0,False
29310,2419.06,1,2419.06,2.0,227,227,2,0.9855357039511216,False
29311,603.96,1,603.96,4.0,37,37,3,0.8940823895622226,False
29312,69.97,1,69.97,3.0,229,229,1,0.0,False
29318,2384.07,1,2384.07,1.0,235,235,1,1.0,False
29319,2447.05,1,2447.05,3.0,242,242,2,0.9742628879671443,False
29321,49.97,1,49.97,3.0,219,219,1,0.0,False
29322,49.99,1,49.99,1.0,11,11,1,0.0,False
29323,78.98,1,78.98,2.0,139,139,1,0.0,False
29324,38.98,1,38.98,2.0,271,271,1,0.0,False
29327,53.99,1,53.99,1.0,174,174,1,0.0,False
29328,49.99,1,49.99,1.0,136,136,1,0.0,False
29329,53.99,1,53.99,1.0,45,45,1,0.0,False
29332,165.28,1,165.28,3.0,289,289,1,0.0,False
29334,3578.27,1,3578.27,1.0,869,869,1,1.0,True
29335,3578.27,1,3578.27,1.0,868,868,1,1.0,True
29336,2181.5625,1,2181.5625,1.0,617,617,1,1.0,True
29337,49.99,1,49.99,1.0,229,229,1,0.0,False
29339,73.96,1,73.96,4.0,7,7,2,0.0,False
29340,3578.27,1,3578.27,1.0,857,857,1,1.0,True
29342,801.83,1,801.83,3.0,141,141,3,0.9258196874649239,False
29343,553.97,1,553.97,3.0,11,11,2,0.9747639763886131,False
29346,567.76,1,567.76,4.0,31,31,2,0.9510884880935607,False
29347,47.97,1,47.97,3.0,307,307,2,0.0,False
29348,38.98,1,38.98,2.0,129,129,1,0.0,False
29349,38.98,1,38.98,2.0,158,158,1,0.0,False
29351,119.98,1,119.98,2.0,80,80,1,0.0,False
29352,3578.27,1,3578.27,1.0,875,875,1,1.0,True
29355,567.76,1,567.76,4.0,364,364,2,0.9510884880935607,False
29358,2384.07,1,2384.07,1.0,60,60,1,1.0,False
29362,777.34,1,777.34,2.0,49,49,2,0.9549875215478426,False
29364,2049.0982,1,2049.0982,1.0,525,525,1,1.0,True
29368,2422.54,1,2422.54,4.0,54,54,3,0.9841199732512159,False
29370,97.96,1,97.96,4.0,90,90,2,0.0,False
29372,39.99,1,39.99,2.0,191,191,1,0.0,False
29373,184.48,1,184.48,3.0,234,234,1,0.0,False
29374,742.35,1,742.35,1.0,28,28,1,1.0,False
29375,756.33,1,756.33,3.0,5,5,2,0.9815160049184879,False
29378,39.99,1,39.99,2.0,49,49,1,0.0,False
29380,2071.4196,1,2071.4196,1.0,523,523,1,1.0,True
29381,811.32,1,811.32,4.0,7,7,2,0.9149903860375683,False
29382,2384.07,1,2384.07,1.0,214,214,1,1.0,False
29384,23.78,1,23.78,2.0,199,199,1,0.0,False
29385,3399.99,1,3399.99,1.0,1076,1076,1,1.0,True
29387,21.49,1,21.49,1.0,201,201,1,0.0,False
29388,2639.1796000000004,2,1319.5898000000002,2.5,330,529,2,0.9894777907498226,True
29392,2393.06,1,2393.06,2.0,22,22,2,0.9962433035527736,False
29398,3964.47,2,1982.235,1.5,325,993,2,0.9938226295065924,True
29401,1223.84,1,1223.84,2.0,342,342,2,0.9926542685318342,False
29402,53.99,1,53.99,1.0,90,90,1,0.0,False
29403,3991.9399999999996,2,1995.9699999999998,3.0,271,951,3,0.9807211531235441,True
29404,2049.0982,1,2049.0982,1.0,512,512,1,1.0,True
29406,68.97,1,68.97,3.0,151,151,1,0.0,False
29407,2452.04,1,2452.04,4.0,186,186,3,0.9722802238136411,False
29409,36.27,1,36.27,3.0,262,262,1,0.0,False
29411,1223.84,1,1223.84,2.0,319,319,2,0.9926542685318342,False
29412,2671.8796,2,1335.9398,2.5,283,508,2,0.9773679921804862,True
29415,2049.0982,1,2049.0982,1.0,515,515,1,1.0,True
29416,27.77,1,27.77,3.0,169,169,1,0.0,False
29419,53.99,1,53.99,1.0,84,84,1,0.0,False
29420,53.99,1,53.99,1.0,105,105,1,0.0,False
29422,62.98,1,62.98,2.0,77,77,1,0.0,False
29423,21.49,1,21.49,1.0,38,38,1,0.0,False
29425,23.78,1,23.78,2.0,329,329,1,0.0,False
29427,21.49,1,21.49,1.0,227,227,1,0.0,False
29428,47.96,1,47.96,4.0,328,328,1,0.0,False
29429,60.47,1,60.47,3.0,18,18,1,0.0,False
29430,28.99,1,28.99,1.0,128,128,1,0.0,False
29434,77.96,1,77.96,4.0,271,271,2,0.0,False
29436,28.99,1,28.99,1.0,244,244,1,0.0,False
29437,25.48,1,25.48,2.0,94,94,1,0.0,False
29440,36.27,1,36.27,3.0,27,27,1,0.0,False
29445,182.78,1,182.78,3.0,114,114,1,0.0,False
29446,36.27,1,36.27,3.0,29,29,1,0.0,False
29449,3399.99,1,3399.99,1.0,962,962,1,1.0,True
29450,2049.0982,1,2049.0982,1.0,470,470,1,1.0,True
29451,25.48,1,25.48,2.0,325,325,1,0.0,False
29452,742.35,1,742.35,1.0,142,142,1,1.0,False
29454,742.35,1,742.35,1.0,107,107,1,1.0,False
29455,751.34,1,751.34,2.0,94,94,2,0.9880347113157825,False
29457,756.33,1,756.33,3.0,109,109,2,0.9815160049184879,False
29458,811.32,1,811.32,4.0,107,107,2,0.9149903860375683,False
29461,777.34,1,777.34,2.0,72,72,2,0.9549875215478426,False
29462,854.82,1,854.82,5.0,91,91,3,0.868428441075314,False
29464,756.33,1,756.33,3.0,76,76,2,0.9815160049184879,False
29467,3374.99,1,3374.99,1.0,940,940,1,1.0,True
29469,2393.06,1,2393.06,2.0,197,197,2,0.9962433035527736,False
29470,60.47,1,60.47,3.0,25,25,1,0.0,False
29474,3374.99,1,3374.99,1.0,925,925,1,1.0,True
29475,3399.99,1,3399.99,1.0,915,915,1,1.0,True
29476,3399.99,1,3399.99,1.0,893,893,1,1.0,True
29478,2398.05,1,2398.05,3.0,187,187,2,0.9941702633389631,False
29479,2049.0982,1,2049.0982,1.0,482,482,1,1.0,True
29480,2442.03,1,2442.03,5.0,166,166,3,0.9762656478421644,False
29481,3374.99,1,3374.99,1.0,870,870,1,1.0,True
11001,6383.879999999999,3,2127.9599999999996,3.6666666666666665,20,1080,3,0.9766740602893541,True
11003,8139.29,3,2713.096666666667,3.0,234,1097,3,0.992598863045794,True
11004,8196.01,3,2732.0033333333336,2.0,243,1072,2,0.9887799063202706,True
11006,8119.03,3,2706.3433333333332,1.6666666666666667,230,1071,2,0.9981549520078138,True
11007,8211.0,3,2737.0,2.6666666666666665,286,1086,2,0.9839300937766412,True
11008,8106.3099999999995,3,2702.103333333333,2.3333333333333335,303,1070,2,0.9935531703080687,True
11012,81.26,2,40.63,2.5,76,289,1,0.0,False
11013,38.98,1,38.98,2.0,261,261,1,0.0,False
11019,698.2300000000001,15,46.548666666666676,1.9333333333333333,20,321,2,0.0,False
11020,2316.97,1,2316.97,2.0,366,366,2,0.9905134723367156,True
11021,2371.96,1,2371.96,3.0,341,341,2,0.9675500430024115,False
11023,115.96,1,115.96,4.0,316,316,2,0.0,False
11024,56.510000000000005,2,28.255000000000003,3.0,157,186,1,0.0,False
11025,6576.799999999999,3,2192.2666666666664,2.0,66,1089,3,0.9787936382435228,True
11027,6591.57,3,2197.19,3.0,67,1079,3,0.9766004153790373,True
11033,6495.29,3,2165.096666666667,2.3333333333333335,55,1049,3,0.9910766108980509,True
11036,2354.98,1,2354.98,2.0,342,342,2,0.9851421243492514,False
11038,6437.33,3,2145.7766666666666,1.0,48,1057,1,1.0,True
11040,2350.96,1,2350.96,3.0,271,271,3,0.9868266580460748,False
11041,2380.47,1,2380.47,3.0,350,350,3,0.964091124861897,False
11043,47.980000000000004,2,23.990000000000002,1.5,134,236,2,0.0,False
11045,114.96000000000001,2,57.480000000000004,2.0,62,264,2,0.0,False
11046,6616.8099999999995,3,2205.603333333333,2.0,48,1058,3,0.9728751467852335,True
11048,6498.24,3,2166.08,2.6666666666666665,5,1054,3,0.9867794972177083,True
11051,58.98,1,58.98,2.0,1,1,1,0.0,False
11053,2329.98,1,2329.98,2.0,347,347,2,0.984982703714195,False
11056,8207.5,3,2735.8333333333335,2.6666666666666665,213,1038,3,0.9843496801705758,True
11057,8088.039999999999,3,2696.013333333333,1.3333333333333333,223,1042,2,0.9988884822528079,True
11058,8248.02,3,2749.34,2.0,209,1027,3,0.9825449016854955,True
11059,116.92999999999999,3,38.97666666666667,2.3333333333333335,289,315,2,0.0,False
11061,8129.02,3,2709.6733333333336,2.0,199,1023,2,0.9938528875559416,True
11066,81.25999999999999,2,40.629999999999995,2.5,102,213,1,0.0,False
11068,113.36,3,37.78666666666667,3.0,83,244,2,0.0,False
11069,8104.049999999999,3,2701.35,1.0,209,988,1,1.0,True
11072,8194.0,3,2731.3333333333335,2.3333333333333335,198,1005,3,0.9890224554552113,True
11073,191.89999999999998,3,63.96666666666666,3.3333333333333335,131,282,2,0.0,False
11076,8159.04,3,2719.68,1.3333333333333333,192,984,2,0.9932602364984116,True
11077,8169.03,3,2723.0099999999998,1.6666666666666667,201,990,2,0.9889852283563655,True
11078,793.2700000000002,16,49.57937500000001,1.875,5,318,2,0.0,False
11080,8204.02,3,2734.6733333333336,2.3333333333333335,190,995,3,0.9847672238731745,True
11082,3110.81,2,1555.405,3.0,54,342,3,0.9763823570066962,False
11084,3078.61,2,1539.305,2.5,39,360,2,0.9947151474204269,False
11086,153.45,2,76.725,3.0,9,181,2,0.0,False
11087,200.28,2,100.14,2.0,143,308,1,0.0,False
11089,3188.28,2,1594.14,3.5,42,366,3,0.9526578594100897,True
11090,6704.08,3,2234.693333333333,2.0,39,876,3,0.9868035584300904,True
11094,157.93,2,78.965,2.0,131,267,1,0.0,False
11095,8158.01,3,2719.3366666666666,2.3333333333333335,188,1004,3,0.9872566961795831,True
11098,88.96000000000001,3,29.653333333333336,1.3333333333333333,75,322,2,0.0,False
11099,8215.99,3,2738.6633333333334,3.0,182,998,3,0.9833325016218376,True
11100,8172.51,3,2724.17,2.3333333333333335,145,989,3,0.9885641008698675,True
11102,102.91,3,34.303333333333335,1.6666666666666667,21,167,1,0.0,False
11105,8095.99,3,2698.6633333333334,1.6666666666666667,208,961,2,0.9979076061111736,True
11106,8079.049999999999,3,2693.0166666666664,1.0,198,957,1,1.0,True
11109,8245.01,3,2748.3366666666666,2.6666666666666665,189,965,3,0.9768393246339302,True
11111,8137.0,3,2712.3333333333335,2.6666666666666665,130,955,3,0.9928782106427432,True
11112,8295.02,3,2765.0066666666667,2.0,119,950,2,0.9739638964101354,True
11113,109.88,3,36.626666666666665,2.3333333333333335,253,332,1,0.0,False
11116,148.7,3,49.56666666666666,2.3333333333333335,75,290,2,0.0,False
11119,85.22,2,42.61,2.0,37,330,2,0.0,False
11120,8242.49,3,2747.4966666666664,3.3333333333333335,102,961,3,0.9771379765095258,True
11121,58.16,3,19.386666666666667,2.0,56,189,1,0.0,False
11123,45.88,2,22.94,2.0,76,257,1,0.0,False
11126,4972.37,3,1657.4566666666667,2.6666666666666665,57,947,2,0.9878247193994013,True
11127,43.980000000000004,2,21.990000000000002,1.5,90,264,1,0.0,False
11136,2380.47,1,2380.47,3.0,361,361,3,0.964091124861897,False
11138,38.98,1,38.98,2.0,102,102,1,0.0,False
11140,39.99,1,39.99,2.0,286,286,1,0.0,False
11141,113.96000000000001,2,56.980000000000004,2.5,93,228,1,0.0,False
11142,866.8100000000002,15,57.78733333333334,2.066666666666667,14,320,2,0.0,False
11144,2399.97,1,2399.97,3.0,339,339,3,0.9562577865556654,False
11146,112.93,3,37.64333333333334,2.3333333333333335,106,328,2,0.0,False
11147,8195.5,3,2731.8333333333335,2.3333333333333335,75,962,3,0.9857909828564457,True
11148,126.24000000000001,3,42.080000000000005,2.0,27,298,2,0.0,False
11149,41.26,3,13.753333333333332,1.3333333333333333,31,209,2,0.0,False
11151,8087.3099999999995,3,2695.77,2.0,71,960,3,0.9958873840621912,True
11152,2294.99,1,2294.99,1.0,355,355,1,1.0,False
11153,109.77,2,54.885,2.5,276,276,2,0.0,False
11157,41.28,2,20.64,1.5,110,159,1,0.0,False
11161,93.94999999999999,2,46.974999999999994,3.0,49,212,1,0.0,False
11164,144.76,2,72.38,3.0,147,247,2,0.0,False
11169,81.25999999999999,2,40.629999999999995,2.5,97,218,1,0.0,False
11171,6716.549999999999,3,2238.85,2.6666666666666665,53,863,2,0.9849714511170171,True
11175,6710.549999999999,3,2236.85,2.6666666666666665,57,855,2,0.9895776054123733,True
11176,1106.6799999999998,24,46.11166666666666,2.1666666666666665,39,331,2,0.0,False
11178,144.76,2,72.38,3.0,218,312,2,0.0,False
11185,1381.3700000000003,25,55.25480000000002,2.44,17,312,2,0.0,False
11186,3.99,1,3.99,1.0,73,73,1,0.0,False
11187,107.47999999999999,2,53.739999999999995,2.0,146,271,2,0.0,False
11188,74.98,1,74.98,3.0,59,59,1,0.0,False
11193,41.28,2,20.64,1.5,134,308,1,0.0,False
11196,162.28,2,81.14,2.0,97,302,1,0.0,False
11197,207.56,2,103.78,3.0,163,242,1,0.0,False
11201,180.94,2,90.47,3.0,112,182,2,0.0,False
11202,73.97999999999999,2,36.989999999999995,1.5,100,106,1,0.0,False
11203,801.77,17,47.16294117647059,1.8823529411764706,19,313,2,0.0,False
11206,77.27000000000001,2,38.635000000000005,2.0,214,233,1,0.0,False
11209,2.29,1,2.29,1.0,280,280,1,0.0,False
11210,70.76,2,35.38,2.5,115,238,2,0.0,False
11211,723.5600000000002,16,45.22250000000001,2.0,29,332,2,0.0,False
11214,162.28,2,81.14,2.0,41,138,1,0.0,False
11215,1155.5200000000002,17,67.97176470588236,1.8823529411764706,15,318,2,0.0,False
11216,5948.24,2,2974.12,2.5,328,868,2,0.9873945906688366,True
11218,2.29,1,2.29,1.0,305,305,1,0.0,False
11219,37.29,1,37.29,2.0,62,62,1,0.0,False
11221,46.27,2,23.135,2.0,74,267,1,0.0,False
11222,207.95999999999998,2,103.97999999999999,3.0,32,59,2,0.0,False
11223,1155.9,26,44.45769230769231,2.076923076923077,18,335,2,0.0,False
11226,37.29,2,18.645,1.0,274,312,1,0.0,False
11227,5910.219999999999,2,2955.1099999999997,2.5,323,880,2,0.9937464256829697,True
11231,64.26,2,32.13,2.0,48,323,1,0.0,False
11232,39.58,2,19.79,1.5,47,101,1,0.0,False
11233,179.42999999999998,2,89.71499999999999,3.5,205,325,2,0.0,False
11234,76.27,2,38.135,2.0,102,325,1,0.0,False
11240,7586.23,4,1896.5575,3.25,231,1037,3,0.9853141810886306,True
11241,11469.1882,7,1638.4554571428573,3.5714285714285716,62,476,3,0.955565294499222,True
11243,7164.25,4,1791.0625,3.0,204,1043,3,0.9739079457026208,True
11245,10580.35,4,2645.0875,2.25,19,826,2,0.9945228655006688,True
11247,7131.51,4,1782.8775,3.0,135,1046,3,0.9748734840167091,True
11248,38.47,1,38.47,3.0,169,169,2,0.0,False
11250,7116.25,4,1779.0625,2.75,146,1019,3,0.9804770771122433,True
11252,6685.5599999999995,3,2228.52,2.3333333333333335,12,869,3,0.9932765542452691,True
11256,81.25999999999999,2,40.629999999999995,2.5,75,259,1,0.0,False
11258,49.230000000000004,2,24.615000000000002,2.0,168,223,1,0.0,False
11260,81.25999999999999,2,40.629999999999995,2.5,190,328,1,0.0,False
11261,6650.6,3,2216.866666666667,1.3333333333333333,7,825,2,0.9947388205575437,True
11262,1010.5600000000002,24,42.106666666666676,2.4583333333333335,14,306,2,0.0,False
11263,6754.0599999999995,3,2251.353333333333,3.0,20,854,3,0.9832026958599718,True
11265,2351.96,1,2351.96,3.0,361,361,2,0.9757776492797497,False
11269,42.28,2,21.14,1.5,111,130,1,0.0,False
11271,5973.24,2,2986.62,2.5,342,825,2,0.9874473485076777,True
11272,5975.23,2,2987.615,2.0,351,833,2,0.9871184874891846,True
11274,5888.24,2,2944.12,2.0,309,854,2,0.997455946089154,True
11276,840.15,23,36.528260869565216,2.0869565217391304,6,335,2,0.0,False
11278,5908.25,2,2954.125,1.5,361,836,2,0.9940777726061016,True
11281,5921.1900000000005,2,2960.5950000000003,2.5,353,839,2,0.9961274676205291,True
11283,44.57,2,22.285,2.0,124,215,1,0.0,False
11284,55.480000000000004,2,27.740000000000002,2.5,242,327,1,0.0,False
11290,5933.25,2,2966.625,1.5,337,832,2,0.9941027261618843,True
11291,5873.26,2,2936.63,1.0,345,848,1,1.0,True
11292,5910.219999999999,2,2955.1099999999997,2.5,364,837,2,0.9937464256829697,True
11293,85.22,2,42.61,2.5,290,309,1,0.0,False
11294,2.29,1,2.29,1.0,96,96,1,0.0,False
11295,6058.25,2,3029.125,2.5,355,827,2,0.9735913836503941,True
11297,5948.24,2,2974.12,2.5,313,826,2,0.9873945906688366,True
11299,6015.24,2,3007.62,2.0,309,826,2,0.9763966192537622,True
11300,1390.55,26,53.482692307692304,2.4615384615384617,11,333,2,0.0,False
11302,5938.1900000000005,2,2969.0950000000003,2.5,331,846,2,0.9890656917343501,True
11304,122.21000000000001,2,61.105000000000004,2.5,252,285,1,0.0,False
11305,77.27000000000001,2,38.635000000000005,2.0,148,280,1,0.0,False
11311,77.27000000000001,2,38.635000000000005,2.0,108,256,1,0.0,False
11315,42.28,2,21.14,1.5,13,224,1,0.0,False
11316,2349.98,1,2349.98,2.0,352,352,2,0.976599800849369,False
11318,44.57,2,22.285,2.0,52,74,1,0.0,False
11322,44.57,2,22.285,2.0,223,281,1,0.0,False
11327,5915.54,2,2957.77,2.5,332,826,2,0.9928527235045321,True
11328,4718.04,2,2359.02,2.0,267,359,2,0.9970369051555308,False
11329,5898.26,2,2949.13,1.0,323,827,1,1.0,True
11331,1290.33,26,49.62807692307692,2.1538461538461537,27,326,2,0.0,False
11333,8163.3099999999995,3,2721.103333333333,2.0,169,1015,2,0.9927406897447236,True
11334,8154.0199999999995,3,2718.0066666666667,2.0,156,1032,2,0.9938717344328319,True
11335,5744.25,2,2872.125,2.0,360,799,2,0.9957749053401228,True
11339,4379.0782,2,2189.5391,1.5,339,449,2,0.9920097339207142,True
11340,4413.0581999999995,2,2206.5290999999997,2.5,362,429,3,0.9843713821857144,True
11342,48.97,1,48.97,3.0,171,171,1,0.0,False
11345,4404.0882,2,2202.0441,1.5,364,434,2,0.9920528385421528,True
11346,4503.048199999999,2,2251.5240999999996,3.5,322,455,3,0.9702512622449835,True
11348,67.97,1,67.97,3.0,274,274,2,0.0,False
11352,13.98,1,13.98,2.0,243,243,1,0.0,False
11353,8078.0199999999995,3,2692.673333333333,2.0,144,932,3,0.99703268870342,True
11356,5069.29,3,1689.7633333333333,2.6666666666666665,60,965,3,0.9640067938508156,True
11359,4960.07,3,1653.3566666666666,2.6666666666666665,26,931,2,0.9852340793577512,True
11362,77.27000000000001,2,38.635000000000005,1.5,97,276,2,0.0,False
11363,5035.8099999999995,3,1678.6033333333332,1.6666666666666667,12,936,2,0.97538032610444,True
11369,118.96,2,59.48,2.0,3,178,2,0.0,False
11370,79.97,2,39.985,1.5,90,170,2,0.0,False
11372,4965.8099999999995,3,1655.2699999999998,1.6666666666666667,16,937,3,0.9840952432735043,True
11373,38.47,1,38.47,3.0,125,125,2,0.0,False
11376,78.48,1,78.48,2.0,76,76,1,0.0,False
11377,83.97,1,83.97,3.0,305,305,2,0.0,False
11380,5837.91,2,2918.955,3.0,330,811,2,0.9755169230084055,True
11382,4344.0882,2,2172.0441,1.0,317,422,1,1.0,True
11384,48.97,1,48.97,3.0,150,150,1,0.0,False
11386,68.97,1,68.97,3.0,58,58,1,0.0,False
11389,68.97,1,68.97,3.0,43,43,1,0.0,False
11390,48.97,1,48.97,3.0,53,53,1,0.0,False
11392,28.99,1,28.99,1.0,276,276,1,0.0,False
11394,8161.969999999999,3,2720.6566666666663,2.3333333333333335,150,910,2,0.9929036739904704,True
11398,8114.039999999999,3,2704.68,1.3333333333333333,150,911,2,0.9956877215295956,True
11399,13.98,1,13.98,2.0,261,261,1,0.0,False
11400,6967.78,3,2322.5933333333332,2.6666666666666665,164,899,3,0.9880952039243491,True
11402,5059.3296,3,1686.4432,3.3333333333333335,272,418,3,0.9747140411646636,True
11404,33.98,1,33.98,2.0,323,323,1,0.0,False
11406,4415.0382,2,2207.5191,3.0,324,421,3,0.9895923890307452,True
11411,38.47,1,38.47,3.0,148,148,2,0.0,False
11412,9879.96,4,2469.99,2.75,80,786,3,0.9873562241142678,True
11414,7191.7699999999995,4,1797.9424999999999,2.5,106,870,3,0.9736573889320711,True
11415,13.98,1,13.98,2.0,136,136,1,0.0,False
11416,4928.0581999999995,3,1642.6860666666664,1.6666666666666667,239,418,2,0.9910755924108202,True
11417,11248.458200000001,7,1606.9226,2.4285714285714284,15,421,3,0.9743164801021355,True
11420,11200.7696,7,1600.1099428571429,2.4285714285714284,31,424,3,0.9804575928425492,True
11421,9780.04,4,2445.01,1.0,82,788,1,1.0,True
11424,43.98,1,43.98,2.0,253,253,2,0.0,False
11425,10528.6282,6,1754.7713666666666,2.5,9,403,3,0.9704215977538272,True
11427,9917.99,4,2479.4975,2.25,71,741,3,0.988611603762456,True
11430,84.98,1,84.98,2.0,286,286,2,0.0,False
11431,9912.98,4,2478.245,2.75,91,740,2,0.9865893000893778,True
11433,12909.668200000002,6,2151.611366666667,2.0,107,393,3,0.9911508182681256,True
11434,70.46,2,35.23,2.0,168,198,1,0.0,False
11436,81.76,2,40.88,2.0,194,222,2,0.0,False
11437,53.99,1,53.99,1.0,11,11,1,0.0,False
11439,12489.169600000001,6,2081.5282666666667,2.3333333333333335,71,396,2,0.9864746812310085,True
11446,8237.01,3,2745.67,2.3333333333333335,192,926,3,0.9838582203979358,True
11447,8078.0199999999995,3,2692.673333333333,2.0,213,916,3,0.99703268870342,True
11449,8130.32,3,2710.1066666666666,2.3333333333333335,189,925,3,0.9936939751448897,True
11451,8249.49,3,2749.83,3.0,208,885,3,0.9793393288554809,True
11456,8224.46,3,2741.486666666666,3.6666666666666665,213,897,3,0.9823198118782269,True
11460,8137.5199999999995,3,2712.5066666666667,2.0,203,893,3,0.9928147642033446,True
11461,8089.039999999999,3,2696.3466666666664,1.3333333333333333,162,883,2,0.9956743939948375,True
11464,8128.51,3,2709.5033333333336,2.3333333333333335,182,892,3,0.9908396495790742,True
11465,8158.039999999999,3,2719.3466666666664,1.3333333333333333,170,900,2,0.993381988811038,True
11468,6959.82,3,2319.94,1.3333333333333333,131,875,2,0.992817342977261,True
11469,25.48,1,25.48,2.0,143,143,1,0.0,False
11473,62.98,1,62.98,2.0,211,211,1,0.0,False
11477,34.99,1,34.99,1.0,96,96,1,0.0,False
11478,53.99,1,53.99,1.0,255,255,1,0.0,False
11483,4966.3896,3,1655.4632000000001,1.3333333333333333,164,373,2,0.992954640530014,True
11484,4985.3796,3,1661.7932,2.0,275,728,2,0.9841576757765849,True
11488,8090.33,3,2696.7766666666666,1.6666666666666667,122,794,3,0.9986057429054191,True
11492,4404.0782,2,2202.0391,1.5,314,688,2,0.9920550911198626,True
11493,6958.799999999999,3,2319.6,2.0,109,777,2,0.9929628671610049,True
11495,13.98,1,13.98,2.0,65,65,1,0.0,False
11499,192.21,2,96.105,3.0,184,268,1,0.0,False
11501,603.5300000000001,13,46.42538461538462,2.0,3,278,2,0.0,False
11502,829.3700000000001,14,59.2407142857143,2.5,1,334,2,0.0,False
11503,61.78,2,30.89,1.5,22,218,2,0.0,False
11505,846.77,16,52.923125,2.25,6,311,2,0.0,False
11507,645.7800000000001,15,43.05200000000001,1.9333333333333333,13,316,2,0.0,False
11511,35.0,1,35.0,1.0,292,292,1,0.0,False
11516,5915.54,2,2957.77,2.5,197,837,2,0.9928527235045321,True
11519,717.2800000000001,15,47.81866666666667,2.2666666666666666,64,292,2,0.0,False
11523,2376.96,1,2376.96,3.0,318,318,2,0.9760324111470113,False
11524,42.28,2,21.14,1.5,74,124,1,0.0,False
11529,5944.21,2,2972.105,3.0,329,828,3,0.9922697885841855,True
11530,523.81,15,34.92066666666666,1.6666666666666667,81,336,2,0.0,False
11532,44.57,2,22.285,2.0,3,269,1,0.0,False
11534,5919.73,2,2959.865,2.0,319,834,3,0.9921499798132686,True
11535,5919.21,2,2959.605,3.0,290,850,3,0.992237139753447,True
11537,5873.26,2,2936.63,1.0,281,831,1,1.0,True
11539,5997.73,2,2998.865,3.0,280,829,3,0.9834153921566994,True
11540,5958.18,2,2979.09,2.5,284,839,2,0.9857473255255801,True
11541,5973.24,2,2986.62,2.5,261,840,2,0.9874473485076777,True
11542,34.47,1,34.47,3.0,233,233,2,0.0,False
11543,53.99,1,53.99,1.0,9,9,1,0.0,False
11548,7068.2699999999995,3,2356.0899999999997,3.0,49,759,3,0.977584331102236,True
11549,7023.7699999999995,3,2341.2566666666667,3.0,18,740,3,0.9837779426148637,True
11551,53.99,1,53.99,1.0,304,304,1,0.0,False
11555,34.99,1,34.99,1.0,236,236,1,0.0,False
11558,21.49,1,21.49,1.0,30,30,1,0.0,False
11559,34.99,1,34.99,1.0,31,31,1,0.0,False
11562,84.98,1,84.98,2.0,187,187,2,0.0,False
11564,4369.0882,2,2184.5441,1.0,287,683,1,1.0,True
11566,970.5600000000001,24,40.440000000000005,2.2916666666666665,25,336,2,0.0,False
11567,53.99,1,53.99,1.0,290,290,1,0.0,False
11568,6789.4596,3,2263.1532,1.6666666666666667,101,720,2,0.9979409259611767,True
11570,4391.4096,2,2195.7048,1.0,291,645,1,1.0,True
11572,4450.3696,2,2225.1848,3.0,297,386,3,0.9867516621540828,True
11578,4406.3896,2,2203.1948,2.0,293,396,2,0.9966003913952594,True
11580,34.99,1,34.99,1.0,258,258,1,0.0,False
11584,8.99,1,8.99,1.0,105,105,1,0.0,False
11586,8.99,1,8.99,1.0,63,63,1,0.0,False
11588,4369.0882,2,2184.5441,1.0,232,396,1,1.0,True
11590,4384.0682,2,2192.0341,2.0,221,394,2,0.9965830823525967,True
11591,5895.24,2,2947.62,1.5,221,1084,2,0.9962715682482818,True
11592,5875.55,2,2937.775,1.5,232,1084,2,0.9996102492532614,True
11605,4344.0882,2,2172.0441,1.0,305,662,1,1.0,True
11606,5922.23,2,2961.115,2.5,185,1087,3,0.9959525381486367,True
11608,34.99,1,34.99,1.0,17,17,1,0.0,False
11611,5873.26,2,2936.63,1.0,184,1072,1,1.0,True
11614,4438.0581999999995,2,2219.0290999999997,2.5,269,599,3,0.9844594196624101,True
11616,5253.6496,3,1751.2165333333332,3.3333333333333335,259,696,3,0.977179673345554,True
11618,2369.96,1,2369.96,4.0,324,324,2,0.9789152559536872,False
11621,123.24000000000001,2,61.620000000000005,3.0,61,151,2,0.0,False
11622,133.75,2,66.875,2.5,198,266,2,0.0,False
11623,5948.24,2,2974.12,2.5,248,845,2,0.9873945906688366,True
11624,5898.26,2,2949.13,1.0,250,831,1,1.0,True
11625,5913.25,2,2956.625,2.0,251,828,2,0.9932372214941023,True
11627,50.230000000000004,2,25.115000000000002,2.0,51,125,1,0.0,False
11628,5875.55,2,2937.775,1.5,274,840,2,0.9996102492532614,True
11629,5930.23,2,2965.115,2.0,256,827,2,0.9903932899735762,True
11630,5933.26,2,2966.63,1.5,247,831,2,0.9941010506871433,True
11631,707.5000000000002,16,44.218750000000014,2.0625,5,326,2,0.0,False
11632,924.6100000000001,15,61.640666666666675,2.066666666666667,7,334,2,0.0,False
11633,2.29,1,2.29,1.0,47,47,1,0.0,False
11638,77.27000000000001,2,38.635000000000005,2.0,72,72,1,0.0,False
11640,409.12,5,81.824,3.0,1,290,2,0.0,False
11641,303.20000000000005,5,60.64000000000001,2.2,134,334,2,0.0,False
11642,392.89,4,98.2225,3.0,6,324,2,0.0,False
11645,53.99,1,53.99,1.0,50,50,1,0.0,False
11648,88.99000000000001,2,44.495000000000005,1.0,119,124,2,0.0,False
11649,91.28,2,45.64,1.5,251,269,2,0.0,False
11650,128.97,2,64.485,2.0,13,318,2,0.0,False
11651,226.42999999999998,5,45.285999999999994,1.6,73,301,2,0.0,False
11653,178.96,2,89.48,2.5,79,258,2,0.0,False
11654,5955.23,2,2977.615,2.0,250,804,2,0.9904336188526724,True
11656,74.98,1,74.98,3.0,110,110,1,0.0,False
11658,111.96,2,55.98,2.5,159,251,2,0.0,False
11659,213.52,4,53.38,2.25,30,235,2,0.0,False
11660,324.72,5,64.944,3.0,136,236,2,0.0,False
11665,5930.23,2,2965.115,2.0,319,809,2,0.9903932899735762,True
11666,5948.24,2,2974.12,2.5,326,805,2,0.9873945906688366,True
11667,91.28,2,45.64,1.5,11,179,2,0.0,False
11669,113.21,2,56.605,3.0,133,134,2,0.0,False
11671,5970.23,2,2985.115,2.0,266,801,3,0.9879451880413318,True
11672,113.48,2,56.74,1.5,103,158,2,0.0,False
11673,191.95000000000002,2,95.97500000000001,3.0,302,334,2,0.0,False
11674,96.27000000000001,2,48.135000000000005,2.0,134,214,2,0.0,False
11675,5898.26,2,2949.13,1.0,324,797,1,1.0,True
11678,5900.55,2,2950.275,1.5,328,812,2,0.9996119005855386,True
11683,5897.23,2,2948.615,2.5,326,817,3,0.9959353798308699,True
11685,110.91999999999999,2,55.459999999999994,2.5,17,294,2,0.0,False
11686,128.97,2,64.485,2.0,250,297,2,0.0,False
11688,5967.23,2,2983.615,2.5,319,820,3,0.9842523247805096,True
11690,5904.23,2,2952.115,2.0,248,797,3,0.9947546081368782,True
11691,119.96000000000001,2,59.980000000000004,2.0,225,325,2,0.0,False
11694,128.97,2,64.485,2.0,93,263,2,0.0,False
11695,128.97,2,64.485,2.0,133,265,2,0.0,False
11697,152.96,2,76.48,2.5,87,145,2,0.0,False
11698,225.95,4,56.4875,1.5,79,274,2,0.0,False
11699,122.25,2,61.125,2.5,143,215,2,0.0,False
11703,100.27,2,50.135,2.0,44,320,2,0.0,False
11705,5940.54,2,2970.27,2.5,217,794,2,0.992882801900164,True
11707,6025.219999999999,2,3012.6099999999997,2.5,220,812,3,0.9789285702430784,True
11708,5908.5,2,2954.25,2.0,216,797,2,0.9982669036134383,True
11709,325.89,5,65.178,2.4,77,294,2,0.0,False
11712,127.79999999999998,5,25.559999999999995,1.6,62,329,1,0.0,False
11714,93.98,2,46.99,1.5,230,315,2,0.0,False
11717,192.47,2,96.235,2.5,2,219,2,0.0,False
11718,100.27,2,50.135,2.0,284,299,2,0.0,False
11721,105.25999999999999,2,52.629999999999995,2.5,74,198,2,0.0,False
11722,153.46,2,76.73,2.5,51,153,2,0.0,False
11724,210.08999999999997,5,42.017999999999994,2.6,16,328,2,0.0,False
11725,123.91,2,61.955,2.5,242,273,2,0.0,False
11727,5962.24,2,2981.12,2.0,240,810,3,0.98926913374839,True
11729,124.97,1,124.97,4.0,156,156,2,0.0,False
11730,99.47,1,99.47,4.0,233,233,2,0.0,False
11731,121.44999999999999,2,60.724999999999994,2.5,148,289,2,0.0,False
11734,135.78,2,67.89,2.0,176,192,2,0.0,False
11736,166.45,2,83.225,2.5,26,74,2,0.0,False
11737,77.27000000000001,2,38.635000000000005,2.0,166,319,1,0.0,False
11739,4758.030000000001,2,2379.0150000000003,3.0,258,351,2,0.9886570702580691,False
11740,334.12,4,83.53,2.75,121,298,2,0.0,False
11743,5898.26,2,2949.13,1.0,228,797,1,1.0,True
11744,72.28,2,36.14,1.5,125,261,1,0.0,False
11746,77.27000000000001,2,38.635000000000005,2.0,51,336,1,0.0,False
11749,39.97,2,19.985,1.5,237,266,1,0.0,False
11750,8148.02,3,2716.0066666666667,2.0,90,900,2,0.9915353668744064,True
11752,137.87,3,45.95666666666667,2.6666666666666665,24,306,2,0.0,False
11753,47.92,3,15.973333333333334,1.3333333333333333,76,255,1,0.0,False
11754,8163.53,3,2721.1766666666667,1.6666666666666667,153,898,3,0.9927139362506171,True
11755,46.25,3,15.416666666666666,1.6666666666666667,135,213,2,0.0,False
11756,8078.0199999999995,3,2692.673333333333,2.0,66,886,3,0.99703268870342,True
11757,58.05,3,19.349999999999998,1.6666666666666667,33,310,2,0.0,False
11759,8054.049999999999,3,2684.683333333333,1.0,174,904,1,1.0,True
11761,8149.49,3,2716.4966666666664,2.6666666666666665,154,878,3,0.9913565143340259,True
11762,8228.01,3,2742.67,2.3333333333333335,177,876,3,0.984934388752566,True
11763,76.64999999999999,3,25.549999999999997,2.3333333333333335,48,334,2,0.0,False
11764,8129.02,3,2709.6733333333336,2.0,176,843,2,0.9938528875559416,True
11769,478.95000000000005,5,95.79,3.4,103,246,2,0.0,False
11770,77.27000000000001,2,38.635000000000005,2.0,70,144,1,0.0,False
11771,94.47999999999999,2,47.239999999999995,1.5,159,274,2,0.0,False
11773,5983.74,2,2991.87,2.0,244,799,3,0.9857146199534071,True
11775,5913.25,2,2956.625,2.0,210,819,2,0.9932372214941023,True
11776,6079.24,2,3039.62,2.0,210,817,2,0.9702298313604991,True
11777,5915.530000000001,2,2957.7650000000003,2.5,191,808,2,0.997080565900266,True
11778,5873.26,2,2936.63,1.0,184,795,1,1.0,True
11779,5873.26,2,2936.63,1.0,190,805,1,1.0,True
11781,134.46,2,67.23,2.5,21,299,2,0.0,False
11782,151.75,2,75.875,3.0,105,150,2,0.0,False
11783,109.97,2,54.985,2.0,233,282,1,0.0,False
11785,74.98,2,37.49,1.5,121,253,1,0.0,False
11787,109.97,2,54.985,2.0,55,78,1,0.0,False
11790,146.95,2,73.475,2.5,222,294,2,0.0,False
11791,119.98,2,59.99,1.5,29,92,2,0.0,False
11792,119.98,2,59.99,1.5,183,241,2,0.0,False
11793,101.96000000000001,2,50.980000000000004,2.0,323,329,1,0.0,False
11794,42.28,1,42.28,3.0,32,32,1,0.0,False
11795,74.98,2,37.49,1.5,35,171,1,0.0,False
11796,5995.2,2,2997.6,3.5,214,806,3,0.979660394982653,True
11797,5972.73,2,2986.365,3.0,184,808,3,0.9833459741190378,True
11801,49.99,1,49.99,1.0,18,18,1,0.0,False
11803,229.95,2,114.975,3.0,37,154,2,0.0,False
11804,133.96,2,66.98,2.5,140,215,2,0.0,False
11807,153.46,2,76.73,2.5,109,261,2,0.0,False
11809,5929.23,2,2964.615,2.0,203,801,3,0.9947767248023774,True
11810,5973.24,2,2986.62,2.5,189,802,2,0.9874473485076777,True
11814,101.25999999999999,2,50.629999999999995,2.5,113,190,2,0.0,False
11815,5948.24,2,2974.12,2.5,309,820,2,0.9873945906688366,True
11819,42.28,1,42.28,3.0,318,318,1,0.0,False
11820,232.71,5,46.542,2.0,24,324,2,0.0,False
11821,151.43,2,75.715,3.5,118,153,2,0.0,False
11825,5900.55,2,2950.275,1.5,321,806,2,0.9996119005855386,True
11826,5898.26,2,2949.13,1.0,318,795,1,1.0,True
11830,5930.23,2,2965.115,2.0,334,823,2,0.9903932899735762,True
11831,5933.25,2,2966.625,1.5,323,795,2,0.9941027261618843,True
11832,124.97,2,62.485,2.0,112,315,2,0.0,False
11835,4772.3,2,2386.15,3.5,226,354,2,0.9804622509062717,False
11839,5955.23,2,2977.615,2.0,201,796,2,0.9904336188526724,True
11840,87.28,2,43.64,1.5,240,244,2,0.0,False
11841,307.97,5,61.59400000000001,2.6,54,224,2,0.0,False
11842,98.97,2,49.485,2.0,26,232,2,0.0,False
11848,92.27000000000001,2,46.135000000000005,2.0,24,156,2,0.0,False
11850,149.46,2,74.73,2.5,210,266,2,0.0,False
11851,84.99000000000001,2,42.495000000000005,1.0,25,197,2,0.0,False
11853,89.98,2,44.99,1.5,193,234,2,0.0,False
11856,58.98,1,58.98,2.0,31,31,1,0.0,False
11858,84.99000000000001,2,42.495000000000005,1.0,171,278,2,0.0,False
11860,69.99000000000001,2,34.995000000000005,1.0,48,180,1,0.0,False
11863,47.940000000000005,2,23.970000000000002,1.5,117,118,1,0.0,False
11866,42.95,2,21.475,1.0,247,315,1,0.0,False
11872,5948.24,2,2974.12,2.5,188,801,2,0.9873945906688366,True
11873,5923.23,2,2961.615,2.5,207,815,2,0.9915637245219248,True
11874,64.26,1,64.26,4.0,164,164,1,0.0,False
11876,82.93,2,41.465,2.0,97,194,1,0.0,False
11877,42.95,2,21.475,1.0,2,86,1,0.0,False
11879,107.42,2,53.71,2.5,58,306,2,0.0,False
11881,148.39999999999998,2,74.19999999999999,3.5,13,28,2,0.0,False
11882,47.940000000000005,2,23.970000000000002,1.5,171,316,1,0.0,False
11883,77.27000000000001,2,38.635000000000005,2.0,46,312,1,0.0,False
11884,109.97,2,54.985,2.0,1,316,1,0.0,False
11886,5897.530000000001,2,2948.7650000000003,2.0,196,794,2,0.9958847178395024,True
11889,50.230000000000004,2,25.115000000000002,2.0,301,310,1,0.0,False
11890,130.44,2,65.22,3.0,178,276,2,0.0,False
11892,8119.03,3,2706.3433333333332,1.6666666666666667,161,848,2,0.9981549520078138,True
11894,8223.0,3,2741.0,3.0,177,830,2,0.982494223519397,True
11895,8149.039999999999,3,2716.3466666666664,1.6666666666666667,158,840,2,0.9914112582586415,True
11896,8117.969999999999,3,2705.99,2.0,172,851,2,0.9952056979762183,True
11899,8189.5,3,2729.8333333333335,2.3333333333333335,175,848,3,0.9834605287258076,True
11900,8257.01,3,2752.3366666666666,2.3333333333333335,172,831,3,0.9814751344615061,True
11901,8248.01,3,2749.3366666666666,2.3333333333333335,51,842,2,0.9825460929363569,True
11902,63.040000000000006,3,21.013333333333335,2.0,1,312,2,0.0,False
11904,8214.5,3,2738.1666666666665,2.3333333333333335,182,835,3,0.9835108649339583,True
11906,8151.0,3,2717.0,2.3333333333333335,171,842,2,0.991172862225494,True
11908,8079.049999999999,3,2693.0166666666664,1.0,129,833,1,1.0,True
11909,8105.3099999999995,3,2701.77,2.3333333333333335,151,832,2,0.9936757508349464,True
11910,8113.03,3,2704.3433333333332,1.6666666666666667,149,813,2,0.9958116757857423,True
11911,62.459999999999994,3,20.819999999999997,1.3333333333333333,9,212,2,0.0,False
11912,8095.32,3,2698.44,2.0,38,795,2,0.9979901968050677,True
11913,41.26,3,13.753333333333332,1.3333333333333333,4,27,2,0.0,False
11917,8121.33,3,2707.11,2.0,133,795,2,0.9947939561623527,True
11919,8171.52,3,2723.84,2.6666666666666665,9,817,3,0.9856244615444862,True
11920,8156.32,3,2718.773333333333,2.3333333333333335,19,812,2,0.9905263648311984,True
11921,63.24,3,21.080000000000002,1.6666666666666667,37,102,2,0.0,False
11922,275.5,5,55.1,2.4,68,318,2,0.0,False
11923,35.0,1,35.0,1.0,321,321,1,0.0,False
11926,47.940000000000005,2,23.970000000000002,1.5,195,240,1,0.0,False
11929,4965.78,3,1655.26,2.6666666666666665,13,808,3,0.9841011885343292,True
11930,5035.8099999999995,3,1678.6033333333332,1.6666666666666667,14,808,2,0.97538032610444,True
11931,234.44,2,117.22,3.5,57,317,2,0.0,False
11932,136.25,2,68.125,3.0,158,245,2,0.0,False
11935,35.0,1,35.0,1.0,207,207,1,0.0,False
11938,7.95,1,7.95,1.0,298,298,1,0.0,False
11940,69.99000000000001,2,34.995000000000005,1.0,5,150,1,0.0,False
11941,108.96000000000001,2,54.480000000000004,2.5,58,145,1,0.0,False
11942,4792.29,3,1597.43,2.3333333333333335,11,807,2,0.9822715236348386,True
11943,4734.29,3,1578.0966666666666,2.3333333333333335,17,804,3,0.9837441305876913,True
11945,5910.55,2,2955.275,2.0,93,793,2,0.9936909424672831,True
11946,4697.3099999999995,3,1565.7699999999998,1.6666666666666667,8,801,2,0.9968109407299072,True
11948,82.26,2,41.13,2.0,85,115,2,0.0,False
11950,109.97,2,54.985,2.0,53,316,1,0.0,False
11951,63.519999999999996,3,21.173333333333332,2.6666666666666665,48,132,2,0.0,False
11954,5910.55,2,2955.275,2.0,195,790,2,0.9936909424672831,True
11955,5953.25,2,2976.625,1.5,185,793,2,0.9907630285978247,True
11957,48.97,1,48.97,3.0,321,321,1,0.0,False
11959,138.48,2,69.24,2.0,50,282,2,0.0,False
11962,102.97,2,51.485,2.0,136,141,2,0.0,False
11963,8068.03,3,2689.3433333333332,1.6666666666666667,129,800,2,0.9982672350003657,True
11965,118.74,3,39.58,2.0,29,323,2,0.0,False
11968,8079.049999999999,3,2693.0166666666664,1.0,135,794,1,1.0,True
11971,134.46,2,67.23,2.5,35,259,2,0.0,False
11974,113.45,2,56.725,3.0,25,61,2,0.0,False
11975,208.96,2,104.48,3.0,77,166,1,0.0,False
11976,8087.3099999999995,3,2695.77,2.0,127,797,3,0.9958873840621912,True
11978,74.98,2,37.49,1.5,47,330,1,0.0,False
11979,4813.76,2,2406.88,4.0,236,319,3,0.9772111613374992,False
11980,108.46,2,54.23,2.5,32,98,2,0.0,False
11982,105.25999999999999,2,52.629999999999995,2.5,89,135,2,0.0,False
11984,4730.32,2,2365.16,3.0,238,318,2,0.9891635238207988,False
11985,49.99,1,49.99,1.0,306,306,1,0.0,False
11988,8078.0199999999995,3,2692.673333333333,2.0,146,781,3,0.99703268870342,True
11990,8164.01,3,2721.3366666666666,2.3333333333333335,130,778,2,0.989593349346706,True
11991,8128.0199999999995,3,2709.3399999999997,2.0,11,790,2,0.9939751624626909,True
11994,8169.03,3,2723.0099999999998,1.6666666666666667,129,766,2,0.9889852283563655,True
11998,6962.099999999999,3,2320.7,2.3333333333333335,124,775,2,0.9889013372402006,True
11999,7043.2699999999995,3,2347.7566666666667,3.0,150,781,3,0.9846037422958372,True
12002,8145.33,3,2715.11,2.0,149,767,2,0.9918628220096668,True
12003,8256.5,3,2752.1666666666665,2.6666666666666665,142,785,3,0.978507842306062,True
12005,6984.8099999999995,3,2328.27,2.0,135,770,2,0.9892652770798347,True
12006,144.74,3,48.24666666666667,2.0,154,239,2,0.0,False
12008,55.76,2,27.88,2.0,11,203,2,0.0,False
12010,8203.5,3,2734.5,2.6666666666666665,146,740,3,0.984829645882855,True
12011,4735.8099999999995,3,1578.6033333333332,2.0,15,760,3,0.9834283892301423,True
12014,3949.97,2,1974.985,1.5,215,753,2,0.9974708668673433,True
12015,61.97,1,61.97,3.0,252,252,1,0.0,False
12020,804.47,1,804.47,3.0,79,79,2,0.9565179559212897,False
12022,136.25,2,68.125,3.0,119,136,2,0.0,False
12023,5933.26,2,2966.63,1.5,88,792,2,0.9941010506871433,True
12026,5976.74,2,2988.37,2.5,212,769,3,0.9868690958616236,True
12028,39.99,1,39.99,2.0,95,95,1,0.0,False
12029,54.97,1,54.97,4.0,150,150,1,0.0,False
12030,5970.23,2,2985.115,2.0,157,785,3,0.9879451880413318,True
12040,42.28,1,42.28,3.0,320,320,1,0.0,False
12042,5975.23,2,2987.615,2.0,171,786,2,0.9871184874891846,True
12043,103.97,2,51.985,2.0,17,100,2,0.0,False
12046,43.99,2,21.995,1.0,256,316,2,0.0,False
12047,43.99,2,21.995,1.0,74,242,2,0.0,False
12048,133.96,2,66.98,2.5,34,110,2,0.0,False
12049,171.44,2,85.72,3.0,51,133,2,0.0,False
12050,6023.73,2,3011.865,3.0,327,779,3,0.9791707131627747,True
12051,89.98,2,44.99,1.5,213,310,2,0.0,False
12052,5935.55,2,2967.775,2.0,324,788,2,0.9937175156472442,True
12054,402.53000000000003,5,80.506,2.2,13,335,1,0.0,False
12055,34.98,2,17.49,1.0,299,312,1,0.0,False
12056,213.92,3,71.30666666666666,3.0,18,199,2,0.0,False
12057,87.28,2,43.64,1.5,176,307,2,0.0,False
12058,5936.2,2,2968.1,2.0,330,777,2,0.9893972575048011,True
12062,37.29,1,37.29,2.0,309,309,1,0.0,False
12063,84.99000000000001,2,42.495000000000005,1.0,47,111,2,0.0,False
12066,84.99000000000001,2,42.495000000000005,1.0,103,304,2,0.0,False
12067,133.96,2,66.98,2.5,157,250,2,0.0,False
12068,93.97999999999999,2,46.989999999999995,1.5,34,178,2,0.0,False
12069,5897.530000000001,2,2948.7650000000003,2.0,306,792,2,0.9958847178395024,True
12073,133.96,2,66.98,2.5,249,299,2,0.0,False
12074,261.38,4,65.345,3.25,65,141,2,0.0,False
12076,5873.26,2,2936.63,1.0,290,787,1,1.0,True
12077,144.69,3,48.23,2.6666666666666665,153,335,2,0.0,False
12079,6008.2,2,3004.1,4.0,181,786,3,0.9775406943843417,True
12080,2354.99,1,2354.99,2.0,274,274,2,0.9851379411377543,False
12081,2366.96,1,2366.96,3.0,236,236,3,0.9695939094872749,False
12082,5913.24,2,2956.62,2.0,280,774,2,0.9974667018419683,True
12083,5993.26,2,2996.63,1.5,303,767,2,0.9799775080673957,True
12087,49.99,1,49.99,1.0,81,81,1,0.0,False
12090,2350.96,1,2350.96,3.0,236,236,3,0.9868266580460748,False
12091,83.97,2,41.985,2.0,119,328,2,0.0,False
12092,51.27,2,25.635,2.0,210,242,2,0.0,False
12093,37.29,1,37.29,2.0,55,55,1,0.0,False
12095,56.93,2,28.465,2.0,149,242,2,0.0,False
12096,5900.55,2,2950.275,1.5,163,774,2,0.9996119005855386,True
12097,159.22,3,53.07333333333333,2.6666666666666665,119,223,1,0.0,False
12099,43.99,2,21.995,1.0,55,263,2,0.0,False
12101,92.27000000000001,2,46.135000000000005,2.0,207,291,2,0.0,False
12103,5997.73,2,2998.865,3.0,284,763,3,0.9834153921566994,True
12104,5908.25,2,2954.125,1.5,297,793,2,0.9940777726061016,True
12106,169.54,4,42.385,1.75,79,200,2,0.0,False
12107,222.23000000000002,4,55.557500000000005,2.0,154,305,2,0.0,False
12108,5946.2,2,2973.1,2.5,175,773,2,0.9919377081161078,True
12109,5930.23,2,2965.115,2.0,170,781,2,0.9903932899735762,True
12112,5930.23,2,2965.115,2.0,287,764,2,0.9903932899735762,True
12113,4737.53,2,2368.765,2.5,212,314,3,0.9876581256477532,False
12115,89.98,2,44.99,1.5,192,208,2,0.0,False
12116,5933.25,2,2966.625,1.5,283,771,2,0.9941027261618843,True
12117,159.99,2,79.995,1.5,12,149,1,0.0,False
12118,6004.2,2,3002.1,4.0,155,787,3,0.978191932314047,True
12119,162.28,2,81.14,2.0,55,239,1,0.0,False
12121,5946.2,2,2973.1,2.5,154,770,2,0.9919377081161078,True
12123,5837.8382,4,1459.45955,3.0,40,689,3,0.9680686593883335,True
12125,8595.4096,4,2148.8524,2.5,43,594,2,0.9861623813715639,True
12126,81.76,2,40.88,2.0,137,266,2,0.0,False
12128,8681.1082,4,2170.27705,2.25,26,608,3,0.9738558724564683,True
12129,8557.409599999999,4,2139.3523999999998,2.25,5,584,3,0.9905415302312982,True
12130,7987.909600000001,4,1996.9774000000002,2.5,46,601,3,0.9884901050958315,True
12131,13265.990000000002,5,2653.1980000000003,2.2,81,1043,3,0.9882225148669643,True
12134,97.44999999999999,2,48.724999999999994,2.5,82,178,2,0.0,False
12137,92.27000000000001,2,46.135000000000005,2.0,233,286,2,0.0,False
12138,119.91,2,59.955,2.5,121,124,2,0.0,False
12139,102.93,2,51.465,2.0,10,181,1,0.0,False
12140,118.17,4,29.5425,2.5,62,211,2,0.0,False
12142,5945.21,2,2972.605,3.0,303,764,2,0.9878978202620262,True
12144,50.230000000000004,2,25.115000000000002,2.0,55,283,1,0.0,False
12145,7.95,1,7.95,1.0,32,32,1,0.0,False
12146,227.42000000000002,2,113.71000000000001,3.0,52,184,2,0.0,False
12147,271.45000000000005,4,67.86250000000001,3.25,47,190,2,0.0,False
12148,74.98,1,74.98,3.0,37,37,1,0.0,False
12149,74.98,1,74.98,3.0,243,243,1,0.0,False
12150,42.95,2,21.475,1.0,117,138,1,0.0,False
12151,5895.24,2,2947.62,1.5,299,777,2,0.9962715682482818,True
12152,5937.73,2,2968.865,2.5,298,792,3,0.9933526785488732,True
12153,5938.23,2,2969.115,2.5,301,764,3,0.9890590293740729,True
12154,4798.53,2,2399.265,2.5,160,291,3,0.9803127207707362,False
12157,42.95,2,21.475,1.0,31,234,1,0.0,False
12158,202.2,4,50.55,2.75,18,120,1,0.0,False
12159,218.91000000000003,3,72.97000000000001,3.3333333333333335,2,309,2,0.0,False
12161,206.94,2,103.47,2.0,35,296,1,0.0,False
12164,5908.26,2,2954.13,1.5,304,766,2,0.9940760900840518,True
12165,280.64,4,70.16,3.25,178,334,2,0.0,False
12166,162.22,4,40.555,2.25,49,172,1,0.0,False
12169,5948.24,2,2974.12,2.5,287,793,2,0.9873945906688366,True
12170,5908.26,2,2954.13,1.5,297,768,2,0.9940760900840518,True
12172,5930.23,2,2965.115,2.0,287,771,2,0.9903932899735762,True
12173,5929.23,2,2964.615,2.0,300,779,3,0.9947767248023774,True
12176,120.0,1,120.0,1.0,331,331,1,0.0,False
12177,4811.5,2,2405.75,4.0,165,298,3,0.9724742803699473,False
12178,5933.25,2,2966.625,1.5,303,736,2,0.9941027261618843,True
12179,5913.24,2,2956.62,2.0,175,745,2,0.9974667018419683,True
12186,5913.24,2,2956.62,2.0,297,736,2,0.9974667018419683,True
12187,5908.25,2,2954.125,1.5,294,736,2,0.9940777726061016,True
12189,5950.23,2,2975.115,2.0,288,747,2,0.9870643655791458,True
12190,5890.530000000001,2,2945.2650000000003,2.5,301,752,2,0.9970681755291969,True
12194,82.93,2,41.465,2.0,235,256,1,0.0,False
12195,124.41,2,62.205,2.5,156,221,2,0.0,False
12197,47.940000000000005,2,23.970000000000002,1.5,237,332,1,0.0,False
12198,5969.7,2,2984.85,3.5,174,746,3,0.983845084342597,True
12200,5935.55,2,2967.775,2.0,296,741,2,0.9937175156472442,True
12203,157.91,3,52.63666666666666,3.0,19,180,2,0.0,False
12205,13.98,1,13.98,2.0,65,65,1,0.0,False
12206,5908.25,2,2954.125,1.5,297,733,2,0.9983091439935684,True
12208,5954.219999999999,2,2977.1099999999997,2.5,258,745,3,0.9864029209535423,True
12211,5908.25,2,2954.125,1.5,168,1029,2,0.9940777726061016,True
12212,5898.26,2,2949.13,1.0,176,1009,1,1.0,True
12213,4419.0581999999995,2,2209.5290999999997,2.5,273,600,2,0.9886921606961412,True
12214,6803.9182,3,2267.9727333333335,2.6666666666666665,13,663,3,0.9888652394439428,True
12216,6955.4096,3,2318.469866666667,3.0,13,645,3,0.9741309268112696,True
12220,5950.23,2,2975.115,2.0,154,1027,2,0.9870643655791458,True
12221,5968.25,2,2984.125,2.0,163,1034,2,0.9882729443304151,True
12225,4381.3896,2,2190.6948,2.0,229,590,2,0.9965809933907728,True
12226,4368.0581999999995,2,2184.0290999999997,2.5,242,590,3,0.9945124357546337,True
12228,4401.399600000001,2,2200.6998000000003,1.5,223,556,2,0.9920502560140189,True
12229,4415.6796,2,2207.8398,2.0,221,571,2,0.994503677304848,True
12232,4376.399600000001,2,2188.1998000000003,1.5,203,575,2,0.997717301683329,True
12241,3989.46,2,1994.73,2.0,193,745,3,0.9875973189353948,True
12242,3948.97,2,1974.485,1.5,202,745,2,0.9977234570027121,True
12244,114.96000000000001,2,57.480000000000004,2.0,227,317,2,0.0,False
12248,3939.9799999999996,2,1969.9899999999998,1.0,173,751,1,1.0,True
12251,3924.97,2,1962.485,1.5,164,756,2,0.9974547576159818,True
12256,5953.25,2,2976.625,1.5,136,1006,2,0.9907630285978247,True
12258,49.99,1,49.99,1.0,90,90,1,0.0,False
12264,5662.8982,3,1887.6327333333331,2.3333333333333335,219,629,2,0.9860566096702923,True
12265,5964.219999999999,2,2982.1099999999997,2.5,146,979,3,0.9889407164725649,True
12266,4401.399600000001,2,2200.6998000000003,1.5,203,562,2,0.9920502560140189,True
12269,43.98,1,43.98,2.0,186,186,2,0.0,False
12270,4454.5682,2,2227.2841,2.0,173,555,3,0.9808107102277613,True
12273,49.99,1,49.99,1.0,151,151,1,0.0,False
12274,34.99,1,34.99,1.0,84,84,1,0.0,False
12277,5666.5196000000005,3,1888.839866666667,2.6666666666666665,219,625,3,0.9893656063591487,True
12278,49.99,1,49.99,1.0,191,191,1,0.0,False
12280,5923.23,2,2961.615,2.5,139,962,2,0.9915637245219248,True
12281,5169.358200000001,3,1723.1194000000003,2.3333333333333335,271,626,2,0.9887955143058186,True
12284,5625.2496,3,1875.0832,1.6666666666666667,223,633,3,0.9921799025593461,True
12286,5254.878199999999,3,1751.6260666666665,3.0,256,593,3,0.9727034586643705,True
12287,5720.368199999999,3,1906.7893999999997,3.3333333333333335,218,580,3,0.9717797885807423,True
12288,88.98,1,88.98,3.0,90,90,2,0.0,False
12289,5645.858200000001,3,1881.9527333333335,2.6666666666666665,222,589,2,0.989032668231023,True
12290,5873.26,2,2936.63,1.0,148,969,1,1.0,True
12291,8067.8996,4,2016.9749,2.75,40,525,3,0.9786896207781268,True
12292,5027.8582,3,1675.9527333333333,2.0,53,589,2,0.9714033303484971,True
12294,75.48,2,37.74,1.0,136,222,2,0.0,False
12296,13164.64,5,2632.928,2.4,66,956,3,0.9939314709707218,True
12298,8053.4096,4,2013.3524,2.5,19,496,3,0.9773462410256646,True
12299,4977.3596,3,1659.1198666666667,2.3333333333333335,51,600,3,0.9857434451792474,True
12302,8091.8896,4,2022.9724,3.0,4,494,3,0.9757881026948269,True
12304,123.44999999999999,2,61.724999999999994,2.5,2,119,2,0.0,False
12305,4940.3896,3,1646.7965333333334,1.3333333333333333,62,551,2,0.9981803054560717,True
12308,13269.27,5,2653.8540000000003,2.8,41,941,3,0.9860941860403776,True
12310,103.96000000000001,2,51.980000000000004,2.0,69,79,1,0.0,False
12311,116.43,2,58.215,3.5,9,104,2,0.0,False
12312,34.99,1,34.99,1.0,63,63,1,0.0,False
12314,7997.9196,4,1999.4799,2.0,2,501,2,0.9841271222581434,True
12316,6799.449600000001,3,2266.4832,2.0,286,579,3,0.9964747146592572,True
12318,6808.1482,3,2269.3827333333334,1.3333333333333333,297,567,2,0.9919229137814597,True
12321,13215.650000000001,5,2643.13,3.0,39,942,3,0.9900950766704628,True
12322,49.99,1,49.99,1.0,8,8,1,0.0,False
12324,66.25999999999999,2,33.129999999999995,2.0,46,60,2,0.0,False
12325,132.95,2,66.475,2.5,4,147,2,0.0,False
12326,63.980000000000004,2,31.990000000000002,1.0,30,92,1,0.0,False
12327,13.98,2,6.99,1.0,177,328,2,0.0,False
12328,6792.108200000001,3,2264.036066666667,2.6666666666666665,284,574,2,0.9905846611807511,True
12329,118.96000000000001,2,59.480000000000004,2.0,95,222,2,0.0,False
12330,7933.4096,4,1983.3524,2.5,6,497,3,0.9921294874274488,True
12336,78.98,2,39.49,1.0,14,310,2,0.0,False
12337,8137.01,3,2712.3366666666666,2.3333333333333335,144,756,3,0.9959493720666438,True
12338,8265.0,3,2755.0,2.6666666666666665,135,737,2,0.9744767090139143,True
12339,6865.4596,3,2288.486533333333,1.6666666666666667,149,717,2,0.9868938126152546,True
12341,6840.618200000001,3,2280.206066666667,2.3333333333333335,112,726,3,0.9835599653844153,True
12342,6838.118200000001,3,2279.3727333333336,2.3333333333333335,98,720,2,0.9875755291857928,True
12347,6839.118200000001,3,2279.706066666667,2.0,97,717,3,0.9837756861696002,True
12355,6818.108200000001,3,2272.7027333333335,2.3333333333333335,104,732,3,0.9904738971434922,True
12356,6810.128199999999,3,2270.042733333333,1.6666666666666667,102,721,2,0.9916345187158152,True
12357,93.44999999999999,2,46.724999999999994,2.5,60,62,2,0.0,False
12358,6787.7596,3,2262.5865333333336,1.6666666666666667,117,702,2,0.9945077607050198,True
12361,217.46,3,72.48666666666666,1.6666666666666667,42,103,2,0.0,False
12363,273.9,4,68.475,2.75,90,276,2,0.0,False
12364,5898.26,2,2949.13,1.0,274,735,1,1.0,True
12370,61.53,3,20.51,2.0,211,323,1,0.0,False
12376,75.47,2,37.735,1.5,209,234,2,0.0,False
12379,49.99,1,49.99,1.0,253,253,1,0.0,False
12381,5161.729600000001,3,1720.5765333333336,2.0,256,559,3,0.9897379359042753,True
12382,5606.259599999999,3,1868.7531999999999,1.0,207,550,1,1.0,True
12384,5056.5282,3,1685.5094,2.6666666666666665,264,501,3,0.9708396761240253,True
12385,5118.7496,3,1706.2498666666668,1.3333333333333333,271,577,2,0.9980483514958419,True
12388,4379.0782,2,2189.5391,1.5,132,505,2,0.9920097339207142,True
12389,49.99,1,49.99,1.0,47,47,1,0.0,False
12393,74.48,1,74.48,2.0,94,94,1,0.0,False
12394,5635.9082,3,1878.6360666666667,1.6666666666666667,199,562,2,0.9863429287226504,True
12399,58.96,1,58.96,4.0,129,129,2,0.0,False
12403,67.27,1,67.27,3.0,40,40,1,0.0,False
12406,35.0,1,35.0,1.0,14,14,1,0.0,False
12408,42.28,1,42.28,3.0,91,91,1,0.0,False
12410,39.99,1,39.99,2.0,269,269,1,0.0,False
12412,258.48,2,129.24,2.5,49,66,2,0.0,False
12413,162.28,2,81.14,2.0,139,193,1,0.0,False
12416,39.99,1,39.99,2.0,184,184,1,0.0,False
12418,5969.719999999999,2,2984.8599999999997,2.5,54,740,3,0.9838417882245735,True
12419,35.0,1,35.0,1.0,203,203,1,0.0,False
12421,74.98,1,74.98,3.0,293,293,1,0.0,False
12422,35.0,1,35.0,1.0,78,78,1,0.0,False
12423,5908.25,2,2954.125,1.5,42,742,2,0.9940777726061016,True
12424,99.47,1,99.47,4.0,127,127,2,0.0,False
12429,35.0,1,35.0,1.0,300,300,1,0.0,False
12431,154.54000000000002,3,51.51333333333334,2.3333333333333335,53,284,1,0.0,False
12432,91.97,1,91.97,3.0,65,65,1,0.0,False
12436,42.28,1,42.28,3.0,197,197,1,0.0,False
12439,124.97,1,124.97,4.0,280,280,2,0.0,False
12440,5913.25,2,2956.625,2.0,177,762,2,0.9932372214941023,True
12441,5875.55,2,2937.775,1.5,161,758,2,0.9996102492532614,True
12444,228.42999999999998,3,76.14333333333333,2.6666666666666665,180,302,2,0.0,False
12445,21.98,1,21.98,1.0,144,144,1,0.0,False
12448,5915.54,2,2957.77,2.5,152,735,2,0.9928527235045321,True
12449,2351.96,1,2351.96,3.0,203,203,2,0.9757776492797497,False
12451,2367.92,1,2367.92,4.0,193,193,2,0.9692008175951893,False
12453,21.98,1,21.98,1.0,224,224,1,0.0,False
12457,24.27,1,24.27,2.0,270,270,1,0.0,False
12458,49.99,1,49.99,1.0,117,117,1,0.0,False
12459,5618.5396,3,1872.8465333333334,1.6666666666666667,197,546,2,0.9933648238414124,True
12461,5030.3396,3,1676.7798666666667,3.0,223,502,2,0.9803313478080091,True
12463,5202.2196,3,1734.0732,2.3333333333333335,207,542,3,0.9820345915424257,True
12464,5898.26,2,2949.13,1.0,108,891,1,1.0,True
12465,83.42,2,41.71,2.0,124,275,2,0.0,False
12470,49.99,1,49.99,1.0,37,37,1,0.0,False
12471,83.97,1,83.97,4.0,289,289,2,0.0,False
12472,49.99,1,49.99,1.0,143,143,1,0.0,False
12474,5928.25,2,2964.125,1.5,111,892,2,0.9907240754016784,True
12477,49.99,1,49.99,1.0,21,21,1,0.0,False
12480,5908.25,2,2954.125,1.5,96,904,2,0.9940777726061016,True
12481,8.99,1,8.99,1.0,297,297,1,0.0,False
12484,4441.0382,2,2220.5191,3.0,131,462,2,0.98379883334487,True
12486,5652.3982,3,1884.1327333333331,2.3333333333333335,177,529,3,0.9834654253481294,True
12487,4401.399600000001,2,2200.6998000000003,1.5,137,472,2,0.9920502560140189,True
12493,69.99,1,69.99,2.0,229,229,1,0.0,False
12496,204.58,1,204.58,4.0,132,132,2,0.0,False
12497,42.28,1,42.28,3.0,182,182,1,0.0,False
12498,39.99,1,39.99,2.0,184,184,1,0.0,False
12501,4416.3796,2,2208.1898,2.5,112,458,2,0.9886853023231972,True
12505,36.59,1,36.59,2.0,304,304,1,0.0,False
12508,132.97,1,132.97,3.0,213,213,1,0.0,False
12510,6441.02,3,2147.0066666666667,2.0,101,856,2,0.9956885710648314,True
12511,8.99,1,8.99,1.0,185,185,1,0.0,False
12513,241.76,2,120.88,2.5,80,196,2,0.0,False
12514,8.99,1,8.99,1.0,319,319,1,0.0,False
12515,8.99,1,8.99,1.0,159,159,1,0.0,False
12516,8.99,1,8.99,1.0,14,14,1,0.0,False
12522,5888.24,2,2944.12,2.0,80,859,2,0.997455946089154,True
12523,5933.25,2,2966.625,1.5,66,855,2,0.9941027261618843,True
12526,5229.378199999999,3,1743.1260666666665,3.0,90,538,3,0.9726659662902181,True
12530,337.9,4,84.475,2.75,22,318,2,0.0,False
12532,235.72000000000003,4,58.93000000000001,2.25,6,95,2,0.0,False
12533,271.95,2,135.975,3.5,261,332,2,0.0,False
12535,8.99,1,8.99,1.0,103,103,1,0.0,False
12536,8.99,1,8.99,1.0,39,39,1,0.0,False
12537,8.99,1,8.99,1.0,189,189,1,0.0,False
12539,8.99,1,8.99,1.0,30,30,1,0.0,False
12541,8.99,1,8.99,1.0,198,198,1,0.0,False
12545,119.44999999999999,2,59.724999999999994,2.5,62,156,2,0.0,False
12546,4416.3796,2,2208.1898,2.5,116,450,2,0.9886853023231972,True
12547,5898.26,2,2949.13,1.0,90,869,1,1.0,True
12551,25.48,1,25.48,2.0,143,143,1,0.0,False
12553,9.99,1,9.99,1.0,233,233,1,0.0,False
12554,87.97,2,43.985,1.5,73,156,2,0.0,False
12555,68.97,1,68.97,3.0,118,118,2,0.0,False
12558,14.98,1,14.98,2.0,119,119,1,0.0,False
12559,5633.9082,3,1877.9694,2.0,134,525,2,0.9911304909086024,True
12561,5888.24,2,2944.12,2.0,78,827,2,0.997455946089154,True
12563,118.96000000000001,2,59.480000000000004,2.0,182,182,2,0.0,False
12565,93.46,1,93.46,4.0,86,86,2,0.0,False
12571,2641.3896000000004,2,1320.6948000000002,2.0,148,732,2,0.988649913666655,True
12575,2668.0782,2,1334.0391,1.5,94,715,2,0.9797644611765878,True
12577,2614.0782,2,1307.0391,1.5,101,684,2,0.9904402247798096,True
12579,2589.0882,2,1294.5441,1.0,80,684,1,1.0,True
12580,2589.0882,2,1294.5441,1.0,71,685,1,1.0,True
12582,83.97,2,41.985,1.5,58,152,2,0.0,False
12584,2633.3896000000004,2,1316.6948000000002,1.5,44,689,2,0.9916533429007238,True
12586,2636.4096,2,1318.2048,1.0,37,696,1,1.0,True
12587,77.27000000000001,2,38.635000000000005,1.5,5,57,2,0.0,False
12588,2639.0782,2,1319.5391,1.5,57,701,2,0.990530784574705,True
12589,2665.0582,2,1332.5291,2.0,52,680,3,0.971494055927184,True
12594,37.98,2,18.99,1.0,14,35,2,0.0,False
12596,68.97,1,68.97,3.0,97,97,1,0.0,False
12598,42.97,2,21.485,1.5,88,148,2,0.0,False
12601,55.91,1,55.91,5.0,123,123,1,0.0,False
12605,9.99,1,9.99,1.0,232,232,1,0.0,False
12606,38.88,1,38.88,3.0,118,118,1,0.0,False
12607,6489.51,3,2163.17,2.3333333333333335,110,851,2,0.9921010985421088,True
12608,5689.878199999999,3,1896.6260666666665,2.6666666666666665,96,509,2,0.9813809722675613,True
12609,5636.8982,3,1878.9660666666666,2.3333333333333335,100,509,3,0.9861696987893095,True
12610,101.94999999999999,2,50.974999999999994,2.5,105,175,2,0.0,False
12611,67.46,2,33.73,2.0,26,182,2,0.0,False
12613,5983.74,2,2991.87,2.0,83,853,3,0.9857146199534071,True
12614,5918.24,2,2959.12,2.0,70,832,2,0.9923997674984456,True
12615,5663.2296,3,1887.7432,1.6666666666666667,71,507,2,0.9899403690078186,True
12616,14.98,1,14.98,2.0,224,224,1,0.0,False
12618,5923.23,2,2961.615,2.5,46,849,2,0.9915637245219248,True
12620,6481.02,3,2160.34,2.3333333333333335,95,832,3,0.9895433126267162,True
12622,5135.4082,3,1711.8027333333332,2.0,59,498,3,0.9953324060977277,True
12623,5630.208199999999,3,1876.7360666666664,2.3333333333333335,86,493,2,0.9873414983126202,True
12627,110.94,2,55.47,3.0,183,253,2,0.0,False
12628,14.98,1,14.98,2.0,176,176,1,0.0,False
12629,53.97,1,53.97,3.0,44,44,2,0.0,False
12630,6825.4596,3,2275.1532,2.0,248,508,2,0.9890146591740138,True
12632,10793.269999999999,4,2698.3174999999997,1.5,197,810,2,0.9937377643661283,True
12634,6787.7596,3,2262.5865333333336,1.6666666666666667,250,488,2,0.9945077607050197,True
12635,49.99,1,49.99,1.0,283,283,1,0.0,False
12636,48.97,2,24.485,1.5,169,213,2,0.0,False
12641,8.99,1,8.99,1.0,28,28,1,0.0,False
12642,8.99,1,8.99,1.0,229,229,1,0.0,False
12644,6838.118200000001,3,2279.3727333333336,2.3333333333333335,254,485,2,0.9875755291857928,True
12645,6847.7596,3,2282.5865333333336,2.0,260,471,2,0.9894447229134621,True
12647,6886.5982,3,2295.5327333333335,3.0,254,489,3,0.9806232342697155,True
12649,8.99,1,8.99,1.0,92,92,1,0.0,False
12651,8.99,1,8.99,1.0,86,86,1,0.0,False
12656,8.99,1,8.99,1.0,227,227,1,0.0,False
12657,7384.0982,4,1846.02455,2.0,7,429,2,0.9876829915398472,True
12660,44.98,1,44.98,2.0,30,30,1,0.0,False
12662,14.98,1,14.98,2.0,18,18,1,0.0,False
12663,68.97,1,68.97,3.0,43,43,2,0.0,False
12664,77.96,2,38.98,2.0,82,232,2,0.0,False
12667,6813.118200000001,3,2271.0394,2.3333333333333335,105,698,2,0.987529938934569,True
12668,6839.4596,3,2279.8198666666667,1.6666666666666667,102,689,3,0.9869902002199121,True
12670,6785.128200000001,3,2261.7094,1.6666666666666667,109,676,2,0.991603695859424,True
12671,6802.128199999999,3,2267.3760666666662,2.0,123,690,2,0.9928007825550834,True
12674,6829.469599999999,3,2276.4898666666663,1.3333333333333333,117,679,2,0.992094554458519,True
12676,6859.4596,3,2286.486533333333,1.6666666666666667,115,681,3,0.9841124510741343,True
12678,341.43,3,113.81,2.6666666666666665,217,280,2,0.0,False
12680,6880.0982,3,2293.366066666667,3.3333333333333335,104,678,3,0.9779160128848163,True
12681,6784.128199999999,3,2261.3760666666662,1.6666666666666667,103,673,3,0.9954349329660369,True
12683,6801.4496,3,2267.1498666666666,1.6666666666666667,100,681,2,0.9925060093071925,True
12687,6805.4696,3,2268.489866666667,1.3333333333333333,72,653,2,0.9919197346792938,True
12688,6867.439600000001,3,2289.1465333333335,2.0,89,662,2,0.9866092742919793,True
12690,6.28,1,6.28,2.0,178,178,1,0.0,False
12691,247.45999999999998,3,82.48666666666666,1.6666666666666667,17,250,2,0.0,False
12692,156.26,2,78.13,2.5,80,208,1,0.0,False
12693,6820.469599999999,3,2273.4898666666663,1.6666666666666667,68,668,2,0.9897382432435444,True
12694,6785.128200000001,3,2261.7094,1.6666666666666667,82,658,2,0.991603695859424,True
12695,192.97,3,64.32333333333334,1.3333333333333333,79,234,1,0.0,False
12698,6786.7496,3,2262.2498666666665,2.0,92,657,2,0.9946557627527617,True
12701,6868.439600000001,3,2289.479866666667,2.6666666666666665,91,622,3,0.9864656304177154,True
12703,6891.118200000001,3,2297.0394,2.6666666666666665,88,635,3,0.9799800270440872,True
12704,217.45999999999998,3,72.48666666666666,1.6666666666666667,78,144,2,0.0,False
12710,4774.04,2,2387.02,2.0,157,288,2,0.9853415555797607,False
12711,5963.24,2,2981.62,2.0,56,797,2,0.9849108873699534,True
12712,4441.0581999999995,2,2220.5290999999997,2.0,96,446,3,0.9837944028745222,True
12721,14.98,1,14.98,2.0,240,240,1,0.0,False
12722,39.47,1,39.47,3.0,268,268,2,0.0,False
12723,68.97,1,68.97,3.0,306,306,2,0.0,False
12724,14.98,1,14.98,2.0,332,332,1,0.0,False
12725,127.28,1,127.28,3.0,134,134,1,0.0,False
12729,45.260000000000005,2,22.630000000000003,2.0,146,215,2,0.0,False
12732,14.98,1,14.98,2.0,130,130,1,0.0,False
12733,42.97,2,21.485,1.5,115,264,2,0.0,False
12737,44.98,1,44.98,2.0,267,267,1,0.0,False
12740,44.98,1,44.98,2.0,6,6,1,0.0,False
12741,39.98,1,39.98,2.0,264,264,1,0.0,False
12742,5148.3096000000005,3,1716.1032000000002,3.3333333333333335,206,402,2,0.9578677241943648,True
12743,69.99,1,69.99,2.0,74,74,1,0.0,False
12744,71.97,1,71.97,2.0,123,123,2,0.0,False
12747,4384.0682,2,2192.0341,2.0,81,398,2,0.9965830823525967,True
12749,5915.54,2,2957.77,2.5,57,795,2,0.9928527235045321,True
12753,170.76000000000002,2,85.38000000000001,2.5,195,301,2,0.0,False
12757,106.96,1,106.96,3.0,271,271,2,0.0,False
12758,74.98,1,74.98,3.0,218,218,1,0.0,False
12759,21.98,1,21.98,1.0,187,187,1,0.0,False
12761,5929.23,2,2964.615,2.0,143,738,3,0.9947767248023774,True
12763,589.96,1,589.96,4.0,210,210,2,0.9152993423282934,False
12764,4347.76,2,2173.88,1.0,270,745,1,1.0,True
12765,1750.98,1,1750.98,2.0,287,287,2,0.9714502735610915,False
12767,35.0,1,35.0,1.0,129,129,1,0.0,False
12768,4426.74,2,2213.37,2.0,165,749,2,0.9821584280983298,True
12771,5908.25,2,2954.125,1.5,145,752,2,0.9983091439935684,True
12772,5913.24,2,2956.62,2.0,132,754,2,0.9974667018419683,True
12775,21.98,1,21.98,1.0,205,205,1,0.0,False
12776,48.97,1,48.97,3.0,279,279,1,0.0,False
12777,5900.55,2,2950.275,1.5,147,754,2,0.9996119005855386,True
12778,45.95,1,45.95,4.0,10,10,2,0.0,False
12782,2400.95,1,2400.95,4.0,181,181,3,0.9662800141610615,False
12785,2294.99,1,2294.99,1.0,155,155,1,1.0,False
12788,56.97,1,56.97,2.0,178,178,1,0.0,False
12789,5980.219999999999,2,2990.1099999999997,2.5,94,738,3,0.9821143703743342,True
12796,71.97,1,71.97,2.0,270,270,2,0.0,False
12797,56.97,1,56.97,2.0,190,190,1,0.0,False
12798,14.98,1,14.98,2.0,297,297,1,0.0,False
12799,39.98,1,39.98,2.0,191,191,1,0.0,False
12803,99.96,1,99.96,4.0,238,238,2,0.0,False
12804,5948.23,2,2974.115,2.5,37,819,2,0.9915991816052844,True
12805,6522.219999999999,3,2174.0733333333333,2.3333333333333335,85,798,2,0.9871255492761668,True
12806,4956.048199999999,3,1652.0160666666663,1.6666666666666667,203,407,3,0.9854783494639945,True
12807,5024.8596,3,1674.9532,2.3333333333333335,171,416,3,0.981400475348605,True
12808,5111.4382,3,1703.8127333333332,1.0,3,448,1,1.0,True
12810,7.28,1,7.28,2.0,29,29,1,0.0,False
12811,4.99,1,4.99,1.0,66,66,1,0.0,False
12812,49.97,1,49.97,3.0,228,228,1,0.0,False
12813,4367.0182,2,2183.5091,2.5,37,423,2,0.9947492776650211,True
12816,4494.0182,2,2247.0091,2.5,46,406,2,0.9666378743192452,True
12817,5922.530000000001,2,2961.2650000000003,2.0,52,767,2,0.9959020891409585,True
12818,71.58,1,71.58,3.0,33,33,1,0.0,False
12819,5948.23,2,2974.115,2.5,62,786,2,0.9915991816052844,True
12820,5908.25,2,2954.125,1.5,62,778,2,0.9983091439935684,True
12822,75.97,1,75.97,2.0,34,34,2,0.0,False
12826,4428.3696,2,2214.1848,2.5,44,408,2,0.9916538131776537,True
12827,4461.399600000001,2,2230.6998000000003,2.0,48,387,2,0.9843120979344688,True
12828,54.98,1,54.98,2.0,287,287,2,0.0,False
12831,39.98,1,39.98,2.0,45,45,1,0.0,False
12833,4359.0682,2,2179.5341,2.0,58,371,2,0.9965634857467934,True
12839,4392.0182,2,2196.0091,2.5,204,446,2,0.994779165532602,True
12840,39.98,1,39.98,2.0,307,307,1,0.0,False
12844,56.97,1,56.97,2.0,280,280,1,0.0,False
12845,75.97,1,75.97,2.0,222,222,2,0.0,False
12846,4460.3796,2,2230.1898,2.5,42,374,3,0.9845371905117674,True
12848,73.96,1,73.96,4.0,215,215,2,0.0,False
12851,71.58,1,71.58,3.0,34,34,1,0.0,False
12852,4411.3682,2,2205.6841,2.5,56,390,2,0.9904156719450442,True
12853,4354.0782,2,2177.0391,1.5,186,441,2,0.997705599316062,True
12854,4367.0182,2,2183.5091,2.5,208,455,2,0.9947492776650211,True
12862,117.58,1,117.58,3.0,85,85,2,0.0,False
12863,4478.3496,2,2239.1748,4.0,31,387,2,0.975004184577283,True
12869,32.6,1,32.6,1.0,320,320,1,0.0,False
12870,48.97,1,48.97,3.0,17,17,2,0.0,False
12871,14.98,1,14.98,2.0,51,51,1,0.0,False
12873,5676.2396,3,1892.0798666666667,1.6666666666666667,74,419,2,0.9876714154208713,True
12874,5638.5396,3,1879.5132,1.6666666666666667,86,412,2,0.9898413411869981,True
12875,80.94,1,80.94,5.0,18,18,2,0.0,False
12881,5908.26,2,2954.13,1.5,113,745,2,0.9940760900840518,True
12883,5875.55,2,2937.775,1.5,98,748,2,0.9996102492532614,True
12885,5948.24,2,2974.12,2.5,96,751,2,0.9873945906688366,True
12886,5965.219999999999,2,2982.6099999999997,2.5,105,744,2,0.9887749320226247,True
12889,21.98,1,21.98,1.0,90,90,1,0.0,False
12891,21.98,1,21.98,1.0,13,13,1,0.0,False
12893,48.980000000000004,2,24.490000000000002,1.5,16,162,1,0.0,False
12894,48.980000000000004,2,24.490000000000002,1.5,95,168,1,0.0,False
12897,106.96,1,106.96,3.0,116,116,2,0.0,False
12899,96.46,1,96.46,3.0,13,13,2,0.0,False
12901,5917.24,2,2958.62,2.0,121,756,3,0.9925674807849606,True
12902,2329.98,1,2329.98,2.0,160,160,2,0.9957124095485799,False
12905,71.97,1,71.97,2.0,138,138,2,0.0,False
12907,141.98,1,141.98,2.0,286,286,1,0.0,False
12908,85.48,1,85.48,2.0,299,299,2,0.0,False
12910,56.97,1,56.97,2.0,85,85,1,0.0,False
12913,5922.530000000001,2,2961.2650000000003,2.0,67,736,2,0.9959020891409585,True
12914,2329.98,1,2329.98,2.0,177,177,2,0.9957124095485799,False
12917,5898.26,2,2949.13,1.0,255,740,1,1.0,True
12922,4513.5125,2,2256.75625,2.5,64,713,2,0.9918112556462403,True
12923,4486.5425,2,2243.27125,1.5,89,714,2,0.9977733410527149,True
12925,21.98,1,21.98,1.0,290,290,1,0.0,False
12926,4795.3099999999995,2,2397.6549999999997,2.0,270,708,2,0.993333069186351,True
12927,108.46,2,54.23,2.5,160,247,2,0.0,False
12928,247.41,4,61.8525,2.5,57,286,2,0.0,False
12929,4820.3099999999995,2,2410.1549999999997,2.0,247,730,2,0.9881812580518682,True
12931,155.94,2,77.97,3.0,164,329,2,0.0,False
12932,48.980000000000004,2,24.490000000000002,1.5,64,248,2,0.0,False
12933,142.95000000000002,2,71.47500000000001,3.0,184,191,2,0.0,False
12936,265.21999999999997,4,66.30499999999999,2.25,71,96,2,0.0,False
12937,75.97,1,75.97,2.0,148,148,2,0.0,False
12941,4818.33,2,2409.165,1.5,271,716,2,0.988587332125446,True
12943,8.99,1,8.99,1.0,249,249,1,0.0,False
12944,164.21,4,41.0525,2.5,117,279,2,0.0,False
12945,218.44,3,72.81333333333333,2.6666666666666665,113,227,2,0.0,False
12947,4507.5225,2,2253.76125,2.0,65,731,3,0.9931292633591958,True
12948,76.97,1,76.97,2.0,319,319,1,0.0,False
12949,4558.5225,2,2279.26125,2.0,87,720,2,0.9875025296025194,True
12950,4760.32,2,2380.16,1.5,69,704,2,0.9953826633503631,True
12952,36.96,1,36.96,3.0,139,139,1,0.0,False
12953,81.46,1,81.46,3.0,256,256,2,0.0,False
12955,74.98,1,74.98,3.0,42,42,1,0.0,False
12956,108.46,2,54.23,2.5,65,184,2,0.0,False
12957,43.99,2,21.995,1.0,3,229,2,0.0,False
12959,203.92,4,50.98,2.25,1,174,2,0.0,False
12964,119.95,4,29.9875,1.5,44,261,1,0.0,False
12970,471.10999999999996,4,117.77749999999999,3.75,69,244,2,0.0,False
12971,21.98,1,21.98,1.0,172,172,1,0.0,False
12972,175.71,4,43.9275,2.5,55,223,2,0.0,False
12973,83.97,2,41.985,2.0,6,67,2,0.0,False
12978,50.23,1,50.23,4.0,178,178,1,0.0,False
12979,180.98,1,180.98,2.0,313,313,1,0.0,False
12981,4809.8099999999995,2,2404.9049999999997,2.0,249,710,3,0.9903384956994145,True
12982,57.97,2,28.985,2.0,88,122,2,0.0,False
12984,200.2,4,50.05,2.75,62,330,2,0.0,False
12985,43.99,2,21.995,1.0,160,164,2,0.0,False
12988,6915.4382000000005,3,2305.1460666666667,2.3333333333333335,70,639,2,0.9765336634777532,True
12989,6817.118200000001,3,2272.3727333333336,2.6666666666666665,85,639,2,0.9869504976457649,True
12990,6829.469599999999,3,2276.4898666666663,1.3333333333333333,90,622,2,0.992094554458519,True
12992,158.51,3,52.836666666666666,3.0,144,282,2,0.0,False
12995,6850.5782,3,2283.526066666667,2.3333333333333335,65,623,3,0.9821299755398749,True
12996,6808.1482,3,2269.3827333333334,1.3333333333333333,89,618,2,0.9919229137814597,True
12998,5694.8982,3,1898.2993999999999,2.0,116,639,3,0.9805158940330138,True
13000,6799.4496,3,2266.4832,2.0,68,630,2,0.992797946469079,True
13002,294.94,3,98.31333333333333,2.3333333333333335,40,308,2,0.0,False
13005,223.97,2,111.985,2.0,50,137,1,0.0,False
13010,5716.5196000000005,3,1905.5065333333334,2.6666666666666665,79,612,3,0.9763387498925047,True
13013,256.24,3,85.41333333333334,2.3333333333333335,57,94,2,0.0,False
13014,74.98,1,74.98,3.0,238,238,1,0.0,False
13015,155.0,2,77.5,1.0,236,336,1,0.0,False
13017,42.28,1,42.28,3.0,133,133,1,0.0,False
13018,2642.3796,2,1321.1898,2.0,46,640,3,0.9882795038229936,True
13019,4835.29,2,2417.645,3.0,74,718,2,0.9851198170120098,True
13021,2668.3796,2,1334.1898,2.0,24,622,2,0.9786499641954991,True
13022,2644.0182,2,1322.0091,2.0,21,639,2,0.9886801081777729,True
13023,58.98,1,58.98,2.0,114,114,1,0.0,False
13024,2665.0582,2,1332.5291,2.0,29,623,3,0.971494055927184,True
13025,2690.3996,2,1345.1998,1.5,5,628,2,0.9799323490830136,True
13026,155.94,2,77.97,2.5,24,186,2,0.0,False
13029,2961.0425,2,1480.52125,1.5,170,710,2,0.9966261882428233,True
13031,21.98,1,21.98,1.0,280,280,1,0.0,False
13034,94.71,2,47.355,2.5,112,206,2,0.0,False
13042,84.47,2,42.235,1.5,69,221,2,0.0,False
13045,62.27,2,31.135,1.5,166,264,1,0.0,False
13046,64.97,2,32.485,1.5,181,286,1,0.0,False
13047,241.93,3,80.64333333333333,2.3333333333333335,102,127,2,0.0,False
13048,190.23000000000002,3,63.410000000000004,2.3333333333333335,54,216,2,0.0,False
13050,5651.2496,3,1883.7498666666668,1.6666666666666667,54,620,2,0.9876151285195403,True
13051,6831.7396,3,2277.2465333333334,2.6666666666666665,66,628,2,0.9917649086039523,True
13053,76.97,1,76.97,2.0,298,298,1,0.0,False
13054,75.97,1,75.97,2.0,18,18,2,0.0,False
13055,3084.0225,2,1542.01125,2.5,115,717,2,0.9568842315514886,True
13056,3291.8199999999997,2,1645.9099999999999,2.0,80,724,2,0.976007193588957,True
13060,2808.0025,2,1404.00125,3.0,325,726,3,0.9781161163496117,True
13063,4773.33,2,2386.665,1.5,64,722,2,0.9926696876184969,True
13064,4579.4725,2,2289.73625,3.0,91,711,2,0.9829849398593399,True
13065,1700.99,1,1700.99,1.0,206,206,1,1.0,False
13068,2815.5225,2,1407.76125,2.5,268,721,3,0.9755036587347466,True
13070,56.97,1,56.97,2.0,287,287,1,0.0,False
13071,93.97999999999999,3,31.326666666666664,1.0,40,216,1,0.0,False
13073,21.98,1,21.98,1.0,54,54,1,0.0,False
13074,56.97,1,56.97,2.0,242,242,1,0.0,False
13075,6843.939600000001,3,2281.3132,2.3333333333333335,73,618,3,0.9863441226161611,True
13076,6862.138199999999,3,2287.3794,1.6666666666666667,75,618,3,0.9841186526963273,True
13079,6752.128199999999,3,2250.7093999999997,2.0,59,615,2,0.9964500081618712,True
13080,6844.4082,3,2281.4694,3.0,58,604,2,0.9866679488812488,True
13083,4532.5225,2,2266.26125,2.0,250,719,3,0.9931671602292103,True
13091,6864.949600000001,3,2288.3165333333336,2.0,59,554,3,0.983325442039662,True
13095,328.89,4,82.2225,3.0,8,324,2,0.0,False
13097,21.98,1,21.98,1.0,266,266,1,0.0,False
13099,216.95999999999998,2,108.47999999999999,2.5,77,241,1,0.0,False
13100,2376.96,1,2376.96,3.0,257,257,2,0.9760324111470113,False
13101,4736.030000000001,2,2368.0150000000003,2.0,165,271,2,0.987970937684094,False
13107,5650.8982,3,1883.6327333333331,2.0,39,575,2,0.9837264808628123,True
13109,5682.8982,3,1894.2993999999999,2.3333333333333335,21,560,2,0.9781871862494389,True
13111,5707.1996,3,1902.3998666666666,2.6666666666666665,24,549,3,0.9779331355433936,True
13112,5717.888199999999,3,1905.962733333333,3.0,18,568,3,0.9722012752890133,True
13114,6807.449600000001,3,2269.149866666667,1.6666666666666667,37,578,2,0.9916312270604252,True
13115,6779.4182,3,2259.8060666666665,2.3333333333333335,56,552,2,0.9924388791946778,True
13116,230.25,3,76.75,2.0,41,291,1,0.0,False
13118,5669.8982,3,1889.9660666666666,2.0,7,556,3,0.9804299837340996,True
13122,6871.4296,3,2290.4765333333335,2.3333333333333335,33,566,3,0.9823981315329202,True
13124,87.92999999999999,2,43.964999999999996,1.5,51,61,1,0.0,False
13126,6815.0782,3,2271.6927333333333,2.3333333333333335,37,571,2,0.9909142641972913,True
13128,6817.138199999999,3,2272.3794,1.6666666666666667,61,549,3,0.9869476021477752,True
13130,6797.1482,3,2265.7160666666664,1.6666666666666667,41,553,3,0.9935281681808851,True
13134,5648.9182,3,1882.9727333333333,1.6666666666666667,22,561,2,0.9840712864279041,True
13135,6773.138199999999,3,2257.7127333333333,1.6666666666666667,43,570,2,0.9933590606493162,True
13139,6854.4496,3,2284.816533333333,2.3333333333333335,39,569,3,0.9848317507506366,True
13140,69.99,1,69.99,1.0,160,160,1,0.0,False
13142,4798.34,2,2399.17,1.5,69,730,2,0.9927058107595543,True
13143,2404.97,1,2404.97,3.0,150,150,3,0.9646648398940529,False
13144,281.47,4,70.3675,2.75,115,299,1,0.0,False
13145,2337.27,1,2337.27,4.0,56,56,2,0.9819105195377514,False
13146,30.97,1,30.97,2.0,226,226,2,0.0,False
13149,64.97,2,32.485,1.5,32,267,1,0.0,False
13150,89.24000000000001,2,44.620000000000005,2.5,147,181,1,0.0,False
13159,208.18,3,69.39333333333333,2.6666666666666665,15,156,2,0.0,False
13161,4523.532499999999,2,2261.7662499999997,1.5,40,721,2,0.9951409656059729,True
13162,85.48,1,85.48,2.0,167,167,2,0.0,False
13163,30.97,1,30.97,2.0,214,214,2,0.0,False
13164,100.46,1,100.46,4.0,183,183,2,0.0,False
13166,71.97,1,71.97,2.0,283,283,2,0.0,False
13168,74.98,1,74.98,3.0,95,95,1,0.0,False
13170,230.95999999999998,2,115.47999999999999,2.0,250,277,2,0.0,False
13171,191.97,2,95.985,1.5,207,334,2,0.0,False
13173,4598.0125,2,2299.00625,2.5,255,721,3,0.9790213706465567,True
13174,4558.5225,2,2279.26125,2.0,265,713,2,0.9875025296025194,True
13175,166.92,3,55.63999999999999,2.6666666666666665,49,188,2,0.0,False
13177,4498.532499999999,2,2249.2662499999997,1.5,253,703,2,0.9951139621643281,True
13180,201.45999999999998,2,100.72999999999999,2.0,126,230,2,0.0,False
13181,185.96,2,92.98,2.0,58,288,2,0.0,False
13182,165.95,2,82.975,2.5,24,99,2,0.0,False
13184,220.45999999999998,2,110.22999999999999,2.5,27,74,2,0.0,False
13185,149.83999999999997,4,37.459999999999994,2.0,162,288,1,0.0,False
13186,21.98,1,21.98,1.0,235,235,1,0.0,False
13187,29.93,1,29.93,2.0,244,244,1,0.0,False
13188,56.97,1,56.97,2.0,79,79,1,0.0,False
13189,4765.63,2,2382.815,1.5,260,710,2,0.9995194759139925,True
13190,4501.5525,2,2250.77625,1.0,245,720,1,1.0,True
13191,46.47,1,46.47,2.0,122,122,2,0.0,False
13193,71.97,1,71.97,2.0,177,177,2,0.0,False
13194,56.97,1,56.97,2.0,102,102,1,0.0,False
13195,71.97,1,71.97,2.0,265,265,2,0.0,False
13196,56.97,1,56.97,2.0,83,83,1,0.0,False
13197,105.19,3,35.06333333333333,2.6666666666666665,50,267,1,0.0,False
13199,105.19,3,35.06333333333333,2.6666666666666665,84,336,1,0.0,False
13200,24.27,1,24.27,2.0,50,50,1,0.0,False
13201,73.16,3,24.386666666666667,2.3333333333333335,24,167,1,0.0,False
13203,4491.532499999999,2,2245.7662499999997,2.0,268,702,2,0.9966648354431367,True
13207,85.48,1,85.48,2.0,85,85,2,0.0,False
13210,4501.5525,2,2250.77625,1.0,50,730,1,1.0,True
13214,4501.5525,2,2250.77625,1.0,52,719,1,1.0,True
13216,96.46,1,96.46,3.0,236,236,2,0.0,False
13217,2351.96,1,2351.96,3.0,104,104,2,0.9757776492797497,False
13218,85.48,1,85.48,2.0,58,58,2,0.0,False
13219,21.98,1,21.98,1.0,86,86,1,0.0,False
13220,4682.532499999999,2,2341.2662499999997,2.0,273,730,2,0.9613499746130968,True
13221,4795.3099999999995,2,2397.6549999999997,2.0,250,712,2,0.9881196419001067,True
13223,56.97,1,56.97,2.0,66,66,1,0.0,False
13225,4503.842500000001,2,2251.9212500000003,1.5,32,721,2,0.9994915452749513,True
13228,56.97,1,56.97,2.0,157,157,1,0.0,False
13229,21.98,1,21.98,1.0,180,180,1,0.0,False
13230,4905.32,2,2452.66,2.0,235,716,2,0.9710559148027041,True
13233,4587.5125,2,2293.75625,2.5,57,680,3,0.9758125999656678,True
13234,36.96,1,36.96,3.0,333,333,1,0.0,False
13235,56.97,1,56.97,2.0,315,315,1,0.0,False
13236,21.98,1,21.98,1.0,71,71,1,0.0,False
13242,56.97,1,56.97,2.0,82,82,1,0.0,False
13243,4511.5425,2,2255.77125,1.5,217,694,2,0.9977856797314888,True
13244,81.46,1,81.46,3.0,81,81,2,0.0,False
13247,4548.5225,2,2274.26125,2.0,43,686,3,0.9841772795451711,True
13248,4491.532499999999,2,2245.7662499999997,2.0,54,700,2,0.9966648354431367,True
13253,6774.449600000001,3,2258.149866666667,2.0,217,423,2,0.9964617051693765,True
13255,7393.0581999999995,4,1848.2645499999999,3.0,28,393,2,0.9864859713940846,True
13256,7494.8796,4,1873.7199,3.25,5,382,2,0.9760623239364649,True
13257,8941.28,4,2235.32,2.25,24,1082,3,0.9866954172109587,True
13260,7239.5599999999995,4,1809.8899999999999,2.0,139,1078,3,0.9918558586433431,True
13265,7259.5599999999995,4,1814.8899999999999,2.0,55,1084,2,0.9891233077486791,True
13266,29.93,1,29.93,2.0,285,285,1,0.0,False
13267,109.95,3,36.65,2.0,52,263,1,0.0,False
13271,2319.99,1,2319.99,1.0,106,106,1,1.0,False
13273,4657.532499999999,2,2328.7662499999997,2.0,230,674,2,0.9611425148402079,True
13274,4837.8099999999995,2,2418.9049999999997,3.0,235,699,3,0.9794390436995253,True
13280,4558.5225,2,2279.26125,2.0,241,677,2,0.9875025296025194,True
13282,56.97,1,56.97,2.0,33,33,1,0.0,False
13283,4498.532499999999,2,2249.2662499999997,1.5,228,694,2,0.9951139621643281,True
13284,4767.53,2,2383.765,2.5,181,271,3,0.9814432211228876,False
13286,4516.532499999999,2,2258.2662499999997,2.0,218,689,2,0.9966832963119385,True
13289,42.28,2,21.14,1.5,171,174,1,0.0,False
13290,111.89,3,37.29666666666667,2.6666666666666665,44,253,2,0.0,False
13291,81.46,1,81.46,3.0,219,219,2,0.0,False
13293,21.98,1,21.98,1.0,163,163,1,0.0,False
13296,21.98,1,21.98,1.0,278,278,1,0.0,False
13297,21.98,1,21.98,1.0,157,157,1,0.0,False
13299,4835.299999999999,2,2417.6499999999996,3.0,242,674,2,0.9851177796620687,True
13300,45.95,1,45.95,4.0,122,122,2,0.0,False
13304,4612.5125,2,2306.25625,2.5,221,673,3,0.9759436966295486,True
13305,71.97,1,71.97,2.0,240,240,2,0.0,False
13306,71.97,1,71.97,2.0,14,14,2,0.0,False
13308,29.93,1,29.93,2.0,247,247,1,0.0,False
13309,21.98,1,21.98,1.0,255,255,1,0.0,False
13310,29.93,1,29.93,2.0,292,292,1,0.0,False
13311,29.93,1,29.93,2.0,5,5,1,0.0,False
13313,76.97,1,76.97,2.0,292,292,1,0.0,False
13317,56.97,1,56.97,2.0,37,37,1,0.0,False
13318,214.26,4,53.565,3.0,88,321,2,0.0,False
13323,141.98,1,141.98,2.0,17,17,1,0.0,False
13325,4558.5225,2,2279.26125,2.0,217,695,2,0.9875025296025194,True
13326,4511.5525,2,2255.77625,1.5,224,695,2,0.9922421383769777,True
13327,30.97,1,30.97,2.0,163,163,2,0.0,False
13328,4708.02,2,2354.01,3.0,176,261,2,0.9938487941852415,False
13331,65.96,1,65.96,3.0,171,171,2,0.0,False
13332,56.97,1,56.97,2.0,74,74,1,0.0,False
13339,30.97,1,30.97,2.0,324,324,2,0.0,False
13341,141.98,1,141.98,2.0,318,318,1,0.0,False
13343,4720.27,2,2360.135,3.0,159,238,2,0.9912695672069606,False
13344,80.96,1,80.96,3.0,242,242,2,0.0,False
13345,4759.51,2,2379.755,3.0,174,222,3,0.983096999481039,False
13346,4498.532499999999,2,2249.2662499999997,1.5,242,681,2,0.9951139621643281,True
13348,4615.032499999999,2,2307.5162499999997,3.0,221,694,3,0.9699937107701843,True
13350,53.97,2,26.985,2.0,168,256,2,0.0,False
13351,4476.5525,2,2238.27625,1.0,236,680,1,1.0,True
13354,4498.532499999999,2,2249.2662499999997,1.5,235,674,2,0.9951139621643281,True
13356,30.97,1,30.97,2.0,75,75,2,0.0,False
13358,2386.94,1,2386.94,5.0,101,101,2,0.9614778754388467,False
13359,4637.842500000001,2,2318.9212500000003,2.0,53,700,2,0.9652230536073616,True
13361,4765.63,2,2382.815,1.5,52,674,2,0.9995194759139925,True
13362,4476.5525,2,2238.27625,1.0,37,695,1,1.0,True
13367,4516.532499999999,2,2258.2662499999997,2.0,241,672,2,0.9966832963119385,True
13370,2329.99,1,2329.99,2.0,42,42,2,0.9849784763024734,False
13371,71.97,1,71.97,2.0,146,146,2,0.0,False
13372,76.97,1,76.97,2.0,329,329,1,0.0,False
13373,71.95,1,71.95,4.0,274,274,1,0.0,False
13376,30.97,1,30.97,2.0,95,95,2,0.0,False
13377,2319.99,1,2319.99,1.0,243,243,1,1.0,False
13379,24.27,1,24.27,2.0,166,166,1,0.0,False
13385,4548.5025000000005,2,2274.2512500000003,3.0,47,676,2,0.9841816070234107,True
13387,2337.27,1,2337.27,4.0,58,58,2,0.9819105195377514,False
13389,115.95,1,115.95,4.0,30,30,2,0.0,False
13391,2405.47,1,2405.47,3.0,89,89,3,0.964464325059136,False
13393,2351.96,1,2351.96,3.0,234,234,2,0.9757776492797497,False
13394,2318.96,1,2318.96,4.0,232,232,3,0.9896634698313039,False
13396,2362.27,1,2362.27,4.0,215,215,2,0.9821019612491376,False
13399,2294.99,1,2294.99,1.0,52,52,1,1.0,False
13400,4568.5025000000005,2,2284.2512500000003,3.0,53,673,2,0.9798730546825795,True
13406,7300.55,4,1825.1375,2.25,43,1067,2,0.983569731047661,True
13407,6904.0982,3,2301.366066666667,2.6666666666666665,219,368,3,0.9781376226659119,True
13408,6792.118200000001,3,2264.0394,2.6666666666666665,217,381,3,0.9905832027481501,True
13409,108.95,1,108.95,5.0,69,69,2,0.0,False
13410,14.98,1,14.98,2.0,206,206,1,0.0,False
13412,45.260000000000005,2,22.630000000000003,2.0,10,21,2,0.0,False
13413,56.97,1,56.97,2.0,60,60,1,0.0,False
13415,2325.96,1,2325.96,3.0,218,218,3,0.9866850676709833,False
13416,106.96,1,106.96,3.0,295,295,2,0.0,False
13418,4768.049999999999,2,2384.0249999999996,2.0,138,239,3,0.9813361856524156,False
13420,4798.33,2,2399.165,1.5,240,678,2,0.9927078796164499,True
13424,4807.3099999999995,2,2403.6549999999997,2.5,220,697,3,0.9856530991344433,True
13425,4810.3099999999995,2,2405.1549999999997,2.0,219,676,3,0.9850383862994279,True
13426,4498.532499999999,2,2249.2662499999997,1.5,235,665,2,0.9951139621643281,True
13428,2316.97,1,2316.97,2.0,233,233,2,0.9905134723367156,False
13429,4587.032499999999,2,2293.5162499999997,2.0,202,659,3,0.9813648584351649,True
13432,56.97,1,56.97,2.0,278,278,1,0.0,False
13433,4533.5225,2,2266.76125,2.0,203,652,2,0.9874336126047683,True
13434,2354.99,1,2354.99,2.0,78,78,2,0.9851379411377543,False
13436,4498.532499999999,2,2249.2662499999997,1.5,209,658,2,0.9951139621643281,True
13437,80.96,1,80.96,3.0,303,303,2,0.0,False
13438,4501.5525,2,2250.77625,1.0,202,668,1,1.0,True
13439,56.97,1,56.97,2.0,226,226,1,0.0,False
13441,46.47,1,46.47,2.0,31,31,2,0.0,False
13443,4536.5425,2,2268.27125,1.5,201,660,2,0.9922870776588117,True
13445,75.97,1,75.97,2.0,46,46,2,0.0,False
13446,4536.5525,2,2268.27625,1.5,194,669,2,0.9922848903434932,True
13448,21.98,1,21.98,1.0,212,212,1,0.0,False
13450,4773.33,2,2386.665,1.5,206,611,2,0.9926696876184969,True
13452,4800.299999999999,2,2400.1499999999996,2.5,213,640,2,0.992300481219924,True
13454,2344.26,1,2344.26,3.0,199,199,2,0.9896470528013105,False
13456,4582.5125,2,2291.25625,2.5,214,625,3,0.9823328359715333,True
13459,56.97,1,56.97,2.0,49,49,1,0.0,False
13461,4476.5525,2,2238.27625,1.0,198,640,1,1.0,True
13463,106.96,1,106.96,3.0,47,47,2,0.0,False
13466,133.45,3,44.48333333333333,2.0,14,105,2,0.0,False
13467,21.98,1,21.98,1.0,234,234,1,0.0,False
13471,30.97,1,30.97,2.0,224,224,2,0.0,False
13474,339.48,4,84.87,3.5,70,237,2,0.0,False
13476,75.97,1,75.97,2.0,196,196,2,0.0,False
13479,75.97,1,75.97,2.0,129,129,2,0.0,False
13483,56.97,1,56.97,2.0,162,162,1,0.0,False
13488,141.98,1,141.98,2.0,201,201,1,0.0,False
13491,54.959999999999994,2,27.479999999999997,2.0,123,334,1,0.0,False
13492,4500.5225,2,2250.26125,2.5,187,580,3,0.994673951746714,True
13493,48.959999999999994,2,24.479999999999997,2.0,250,279,1,0.0,False
13494,39.98,1,39.98,2.0,226,226,1,0.0,False
13495,57.95,2,28.975,2.5,256,282,2,0.0,False
13496,36.59,1,36.59,2.0,257,257,1,0.0,False
13498,100.09,1,100.09,3.0,133,133,2,0.0,False
13499,133.49,1,133.49,2.0,320,320,1,0.0,False
13500,39.98,1,39.98,2.0,40,40,1,0.0,False
13503,101.25,2,50.625,2.5,222,255,1,0.0,False
13505,127.93,2,63.965,3.5,154,206,2,0.0,False
13507,43.97,2,21.985,1.5,249,255,1,0.0,False
13509,48.959999999999994,2,24.479999999999997,2.0,206,227,1,0.0,False
13510,94.48,1,94.48,2.0,331,331,1,0.0,False
13511,6012.23,2,3006.115,2.5,14,758,3,0.981043639381727,True
13513,5918.24,2,2959.12,2.0,26,1094,2,0.9923997674984456,True
13515,5948.24,2,2974.12,2.5,3,1053,2,0.9873945906688366,True
13516,43.97,2,21.985,1.5,136,161,1,0.0,False
13517,5666.378199999999,3,1888.792733333333,3.0,58,373,3,0.9810390347753352,True
13518,2638.3581999999997,2,1319.1790999999998,2.0,17,561,2,0.9908010974400671,True
13522,59.980000000000004,2,29.990000000000002,1.0,188,250,1,0.0,False
13525,4607.229600000001,2,2303.6148000000003,3.0,224,572,3,0.9799315406377839,True
13527,4529.0382,2,2264.5191,2.0,169,540,2,0.9919210219953543,True
13530,186.28,1,186.28,3.0,107,107,1,0.0,False
13531,69.99,1,69.99,1.0,116,116,1,0.0,False
13532,7.28,1,7.28,2.0,96,96,1,0.0,False
13533,137.94,2,68.97,3.0,22,265,2,0.0,False
13534,86.24000000000001,2,43.120000000000005,3.0,28,145,1,0.0,False
13535,59.2,2,29.6,3.0,72,162,1,0.0,False
13540,6528.18,3,2176.06,3.0,156,1055,3,0.98622433817695,True
13541,6536.6900000000005,3,2178.896666666667,3.0,183,1036,2,0.9849403903198716,True
13545,5908.25,2,2954.125,1.5,18,1053,2,0.9940777726061016,True
13547,83.94999999999999,2,41.974999999999994,2.5,90,136,1,0.0,False
13548,5908.25,2,2954.125,1.5,3,1063,2,0.9983091439935684,True
13549,94.48,1,94.48,2.0,243,243,1,0.0,False
13552,5922.530000000001,2,2961.2650000000003,2.0,14,737,2,0.9959020891409585,True
13553,5603.2396,3,1867.7465333333332,1.3333333333333333,42,395,2,0.9960772692997102,True
13565,4775.63,2,2387.815,2.0,9,707,2,0.992191606133641,True
13566,13.98,1,13.98,2.0,190,190,2,0.0,False
13567,5935.55,2,2967.775,2.0,8,1031,2,0.9937175156472442,True
13568,119.98,1,119.98,2.0,315,315,1,0.0,False
13573,119.98,1,119.98,2.0,231,231,1,0.0,False
13574,39.98,1,39.98,2.0,334,334,1,0.0,False
13577,9450.3225,4,2362.580625,2.75,136,709,3,0.9845137560120304,True
13581,8374.79,3,2791.596666666667,2.6666666666666665,204,1091,3,0.9889597231691781,True
13587,78.48,1,78.48,3.0,63,63,2,0.0,False
13590,8306.300000000001,3,2768.766666666667,2.0,161,1092,2,0.9941044749166297,True
13591,8355.27,3,2785.09,3.0,173,1093,3,0.9912701803771753,True
13592,9695.73,4,2423.9325,1.75,141,728,2,0.989173584660464,True
13597,58.96,1,58.96,4.0,133,133,2,0.0,False
13599,51.25,2,25.625,2.5,91,243,1,0.0,False
13602,8376.28,3,2792.0933333333337,2.6666666666666665,183,1059,3,0.9887838037887942,True
13604,132.94,1,132.94,6.0,81,81,2,0.0,False
13605,9614.73,4,2403.6825,1.75,151,709,2,0.9949067732531232,True
13613,105.22,3,35.07333333333333,1.3333333333333333,181,320,2,0.0,False
13615,146.91,3,48.97,1.6666666666666667,68,335,2,0.0,False
13617,116.91999999999999,2,58.459999999999994,2.0,37,256,2,0.0,False
13618,6763.1482,3,2254.3827333333334,1.3333333333333333,32,537,2,0.9948263739067554,True
13619,6808.0982,3,2269.366066666667,2.6666666666666665,38,528,3,0.988258101212465,True
13621,167.39999999999998,3,55.79999999999999,2.0,112,160,2,0.0,False
13622,6841.4296,3,2280.4765333333335,2.3333333333333335,59,546,2,0.986705994899078,True
13623,99.2,3,33.06666666666667,2.0,12,186,1,0.0,False
13625,6962.138199999999,3,2320.7127333333333,2.0,62,527,3,0.9699833594225407,True
13626,6909.0882,3,2303.0294,3.0,47,535,3,0.9738127528897376,True
13627,214.25,3,71.41666666666667,2.0,40,288,2,0.0,False
13630,6824.7296,3,2274.9098666666664,2.6666666666666665,28,547,2,0.9891204480833939,True
13632,6838.4596,3,2279.486533333333,1.6666666666666667,13,526,2,0.990790323598607,True
13634,234.93,3,78.31,2.3333333333333335,6,118,2,0.0,False
13638,6832.118200000001,3,2277.3727333333336,2.3333333333333335,22,534,3,0.9847836356226977,True
13639,188.96,3,62.98666666666667,1.6666666666666667,192,319,1,0.0,False
13643,6799.4496,3,2266.4832,2.0,28,541,3,0.9964747146592572,True
13645,6817.118200000001,3,2272.3727333333336,2.6666666666666665,14,529,2,0.9869504976457649,True
13647,6793.1482,3,2264.3827333333334,1.6666666666666667,9,547,2,0.9941131859893768,True
13649,6812.128199999999,3,2270.7093999999997,2.3333333333333335,15,528,3,0.9876734557050763,True
13651,6812.118200000001,3,2270.706066666667,2.3333333333333335,10,542,3,0.9913448360305904,True
13654,56.97,1,56.97,2.0,175,175,1,0.0,False
13655,21.98,1,21.98,1.0,54,54,1,0.0,False
13656,56.97,1,56.97,2.0,169,169,1,0.0,False
13657,4819.299999999999,2,2409.6499999999996,2.5,207,609,3,0.9832008797958212,True
13660,4750.01,2,2375.005,3.0,138,224,2,0.9850631893406541,False
13662,3021.0425,2,1510.52125,1.5,347,718,2,0.9768325007013308,True
13663,15.23,1,15.23,3.0,331,331,1,0.0,False
13664,210.25,2,105.125,3.0,65,156,1,0.0,False
13665,14.98,1,14.98,2.0,150,150,1,0.0,False
13667,3001.0425,2,1500.52125,1.5,317,727,2,0.9833424551634974,True
13670,178.45000000000002,3,59.48333333333334,1.6666666666666667,28,311,2,0.0,False
13672,119.98,1,119.98,2.0,186,186,1,0.0,False
13674,148.47,1,148.47,3.0,239,239,1,0.0,False
13675,215.23,2,107.615,4.0,52,197,2,0.0,False
13678,5933.25,2,2966.625,1.5,130,1041,2,0.9941027261618843,True
13679,5933.26,2,2966.63,1.5,151,1041,2,0.9941010506871433,True
13684,39.98,1,39.98,2.0,31,31,1,0.0,False
13685,6509.6900000000005,3,2169.896666666667,3.0,127,976,3,0.9851851624270896,True
13686,6493.24,3,2164.4133333333334,1.3333333333333333,115,997,2,0.9915311924401378,True
13687,5873.26,2,2936.63,1.0,124,1055,1,1.0,True
13688,27.28,1,27.28,2.0,184,184,1,0.0,False
13689,5898.26,2,2949.13,1.0,128,1043,1,1.0,True
13690,7162.08,3,2387.36,2.0,54,1041,2,0.9931626008087037,True
13691,5976.74,2,2988.37,2.5,124,1039,3,0.9868690958616236,True
13694,105.56,2,52.78,2.5,91,269,1,0.0,False
13695,35.0,1,35.0,1.0,195,195,1,0.0,False
13696,48.97,1,48.97,3.0,312,312,2,0.0,False
13699,75.97,1,75.97,2.0,76,76,2,0.0,False
13701,154.54000000000002,3,51.51333333333334,2.6666666666666665,99,244,1,0.0,False
13702,4478.842500000001,2,2239.4212500000003,1.5,26,592,2,0.9994887071827152,True
13704,2736.5325000000003,2,1368.2662500000001,2.0,206,596,2,0.9945259192061489,True
13705,3018.33,2,1509.165,1.5,129,594,2,0.9966902227390644,True
13709,2332.28,1,2332.28,3.0,49,49,2,0.9840113536968117,False
13710,2341.46,1,2341.46,3.0,61,61,3,0.9801534085570542,False
13711,2380.47,1,2380.47,3.0,44,44,3,0.964091124861897,False
13712,4503.842500000001,2,2251.9212500000003,1.5,13,605,2,0.9994915452749513,True
13717,74.98,1,74.98,3.0,227,227,1,0.0,False
13718,3062.33,2,1531.165,1.5,98,578,2,0.98236963357966,True
13719,1129.48,1,1129.48,2.0,218,218,2,0.9920405850479866,False
13721,2786.5225,2,1393.26125,2.5,91,560,2,0.9766842004685053,True
13722,3102.8,2,1551.4,3.0,74,557,3,0.9695565295861805,True
13723,74.98,1,74.98,3.0,59,59,1,0.0,False
13729,4883.82,2,2441.91,2.5,30,554,3,0.9753307861469097,True
13730,4571.0225,2,2285.51125,2.5,15,579,3,0.9848020874979286,True
13735,4516.532499999999,2,2258.2662499999997,2.0,2,575,2,0.9966832963119385,True
13736,4478.842500000001,2,2239.4212500000003,1.5,11,569,2,0.9994887071827152,True
13737,39.25,1,39.25,4.0,182,182,1,0.0,False
13739,71.97,1,71.97,2.0,128,128,2,0.0,False
13740,56.97,1,56.97,2.0,123,123,1,0.0,False
13743,2349.98,1,2349.98,2.0,53,53,2,0.976599800849369,False
13747,3045.5325000000003,2,1522.7662500000001,2.0,344,518,2,0.9689775105010373,True
13749,21.98,1,21.98,1.0,189,189,1,0.0,False
13754,56.97,1,56.97,2.0,12,12,1,0.0,False
13755,45.95,1,45.95,4.0,27,27,2,0.0,False
13757,86.96,1,86.96,3.0,146,146,1,0.0,False
13758,284.13,4,71.0325,2.5,13,329,1,0.0,False
13764,74.98,1,74.98,3.0,288,288,1,0.0,False
13766,3001.0425,2,1500.52125,1.5,304,716,2,0.9833424551634974,True
13767,5910.219999999999,2,2955.1099999999997,2.5,17,995,2,0.9937464256829697,True
13769,5085.532499999999,3,1695.1774999999998,1.6666666666666667,38,713,3,0.9913499717089607,True
13771,6535.6900000000005,3,2178.5633333333335,3.3333333333333335,76,966,3,0.9812659413160663,True
13772,5928.25,2,2964.125,1.5,101,1030,2,0.9907240754016784,True
13775,68.97,1,68.97,3.0,11,11,2,0.0,False
13777,7147.07,3,2382.3566666666666,2.3333333333333335,3,1010,3,0.9917504655754037,True
13781,109.96000000000001,2,54.980000000000004,2.5,195,210,1,0.0,False
13782,6512.1900000000005,3,2170.73,3.0,76,972,2,0.9848069543425486,True
13785,121.83000000000001,2,60.915000000000006,4.0,196,245,1,0.0,False
13786,4.99,1,4.99,1.0,148,148,1,0.0,False
13787,59.98,1,59.98,2.0,228,228,1,0.0,False
13788,200.81,2,100.405,3.5,73,275,1,0.0,False
13789,4397.75,2,2198.875,1.5,357,966,2,0.9886328236029789,True
13791,107.85,2,53.925,3.0,111,208,1,0.0,False
13792,7216.08,3,2405.36,2.3333333333333335,8,1034,3,0.9857304797064335,True
13794,7212.0599999999995,3,2404.02,3.0,18,1006,2,0.982813509593653,True
13795,4357.75,2,2178.875,1.5,302,970,2,0.9977075325569389,True
13798,36.27,1,36.27,3.0,25,25,1,0.0,False
13799,3010.0325000000003,2,1505.0162500000001,2.0,267,714,2,0.9804055271828461,True
13801,3262.83,2,1631.415,1.5,223,690,2,0.984678944351989,True
13802,79.46,1,79.46,5.0,311,311,2,0.0,False
13805,28.98,1,28.98,2.0,215,215,1,0.0,False
13806,3075.5025,2,1537.75125,3.5,216,687,3,0.9595350678466368,True
13807,4506.76,2,2253.38,1.5,272,916,2,0.9647196655690563,True
13808,4406.74,2,2203.37,2.0,221,939,2,0.9866159564666852,True
13809,113.96,1,113.96,4.0,256,256,2,0.0,False
13815,114.54999999999998,2,57.27499999999999,3.0,93,324,2,0.0,False
13816,260.83,2,130.415,4.5,122,251,2,0.0,False
13817,35.0,1,35.0,1.0,200,200,1,0.0,False
13818,39.99,1,39.99,2.0,333,333,1,0.0,False
13819,35.0,1,35.0,1.0,191,191,1,0.0,False
13820,5908.26,2,2954.13,1.5,97,1008,2,0.9940760900840518,True
13822,6523.21,3,2174.403333333333,2.3333333333333335,74,930,2,0.9869757374053573,True
13824,4.99,1,4.99,1.0,71,71,1,0.0,False
13826,48.97,1,48.97,3.0,54,54,2,0.0,False
13827,29.48,1,29.48,2.0,166,166,2,0.0,False
13828,166.28,1,166.28,3.0,60,60,1,0.0,False
13829,4380.04,2,2190.02,2.0,239,931,2,0.9926302042903719,True
13830,88.97,1,88.97,3.0,19,19,1,0.0,False
13832,24.27,1,24.27,2.0,285,285,1,0.0,False
13833,106.96,1,106.96,3.0,42,42,2,0.0,False
13834,21.98,1,21.98,1.0,51,51,1,0.0,False
13837,89.97,1,89.97,3.0,48,48,2,0.0,False
13838,140.55,2,70.275,3.0,6,110,1,0.0,False
13839,3242.83,2,1621.415,1.5,194,696,2,0.9907519049718919,True
13840,3010.0325000000003,2,1505.0162500000001,2.0,155,674,2,0.9804055271828461,True
13844,4355.71,2,2177.855,1.5,211,918,2,0.9981748096177202,True
13845,5917.24,2,2958.62,2.0,97,1011,3,0.9925674807849606,True
13846,5933.25,2,2966.625,1.5,105,1006,2,0.9941027261618843,True
13848,61.45,1,61.45,4.0,324,324,2,0.0,False
13849,3084.5425,2,1542.27125,2.0,354,540,2,0.9567229175801598,True
13852,2294.99,1,2294.99,1.0,32,32,1,1.0,False
13853,2329.98,1,2329.98,2.0,17,17,2,0.984982703714195,False
13854,3247.8199999999997,2,1623.9099999999999,2.0,324,524,2,0.9892296986901985,True
13855,3095.5225,2,1547.76125,2.5,307,526,2,0.9533293652364021,True
13856,2982.0225,2,1491.01125,2.0,317,536,3,0.989614431145305,True
13858,71.95,1,71.95,4.0,142,142,1,0.0,False
13860,93.85000000000001,3,31.283333333333335,2.3333333333333335,87,332,1,0.0,False
13861,21.98,1,21.98,1.0,153,153,1,0.0,False
13865,4533.5225,2,2266.76125,2.0,205,517,2,0.9929480883794005,True
13869,21.98,1,21.98,1.0,58,58,1,0.0,False
13870,3282.83,2,1641.415,1.5,313,492,2,0.9786799803827796,True
13876,21.98,1,21.98,1.0,172,172,1,0.0,False
13878,2366.96,1,2366.96,3.0,15,15,3,0.9695939094872749,False
13880,71.97,1,71.97,2.0,176,176,2,0.0,False
13882,3282.81,2,1641.405,2.5,328,505,2,0.9786859428355588,True
13883,3021.0425,2,1510.52125,1.5,334,499,2,0.9768325007013308,True
13884,3043.0025,2,1521.50125,3.0,322,508,2,0.9697831335991346,True
13888,21.98,1,21.98,1.0,62,62,1,0.0,False
13891,85.48,1,85.48,2.0,237,237,2,0.0,False
13892,3021.0425,2,1510.52125,1.5,302,488,2,0.9768325007013308,True
13895,4558.5225,2,2279.26125,2.0,212,469,2,0.9875025296025194,True
13896,4775.63,2,2387.815,2.0,207,445,2,0.992191606133641,True
13898,4835.29,2,2417.645,3.0,203,437,2,0.9851198170120098,True
13899,21.98,1,21.98,1.0,261,261,1,0.0,False
13902,21.98,1,21.98,1.0,171,171,1,0.0,False
13904,4501.5525,2,2250.77625,1.0,188,432,1,1.0,True
13906,3021.0425,2,1510.52125,1.5,282,450,2,0.9768325007013308,True
13908,4715.33,2,2357.665,2.5,135,237,2,0.9923080675159534,False
13909,4764.02,2,2382.01,3.0,118,239,2,0.9821663217198922,False
13912,4548.0225,2,2274.01125,2.0,214,419,3,0.9897823724486853,True
13915,3045.5325000000003,2,1522.7662500000001,2.0,303,408,2,0.9689775105010373,True
13917,3282.81,2,1641.405,2.5,304,398,2,0.9786859428355588,True
13920,266.96999999999997,4,66.74249999999999,3.0,62,267,2,0.0,False
13922,56.97,1,56.97,2.0,46,46,1,0.0,False
13923,56.97,1,56.97,2.0,264,264,1,0.0,False
13925,3220.79,2,1610.395,1.5,297,425,2,0.9975316614867782,True
13926,56.97,1,56.97,2.0,239,239,1,0.0,False
13928,85.48,1,85.48,2.0,19,19,2,0.0,False
13930,140.47,1,140.47,3.0,63,63,2,0.0,False
13931,21.98,1,21.98,1.0,154,154,1,0.0,False
13933,56.97,1,56.97,2.0,307,307,1,0.0,False
13934,30.97,1,30.97,2.0,24,24,2,0.0,False
13937,85.48,1,85.48,2.0,147,147,2,0.0,False
13939,3084.0225,2,1542.01125,2.5,296,405,2,0.9568842315514886,True
13941,286.82,4,71.705,2.75,11,241,2,0.0,False
13948,4562.032499999999,2,2281.0162499999997,2.0,195,385,3,0.9812627376065384,True
13951,56.97,1,56.97,2.0,95,95,1,0.0,False
13954,128.46,3,42.82,1.3333333333333333,87,174,2,0.0,False
13956,82.26,2,41.13,2.0,70,141,2,0.0,False
13957,5645.2396,3,1881.7465333333332,1.6666666666666667,9,530,3,0.9886665572175184,True
13958,6838.638199999999,3,2279.5460666666663,1.6666666666666667,27,546,3,0.9875004353937017,True
13959,6858.4182,3,2286.1394,2.6666666666666665,20,544,3,0.9846524377880602,True
13960,6871.7396,3,2290.5798666666665,2.3333333333333335,7,536,3,0.9859919022542708,True
13961,49.99,1,49.99,1.0,90,90,1,0.0,False
13963,74.48,1,74.48,2.0,243,243,1,0.0,False
13964,6806.4496,3,2268.816533333333,1.6666666666666667,13,540,2,0.9954499038676494,True
13968,5181.6996,3,1727.2332,3.0,8,529,3,0.9859235375203922,True
13970,6843.138199999999,3,2281.0460666666663,1.6666666666666667,20,539,2,0.986851061987905,True
13975,5138.7182,3,1712.9060666666667,1.6666666666666667,12,494,3,0.9898262566723351,True
13976,4511.5425,2,2255.77125,1.5,198,371,2,0.9922443377181973,True
13977,4788.57,2,2394.285,3.0,190,397,2,0.9895104383981023,True
13981,124.21000000000001,2,62.105000000000004,2.5,163,239,2,0.0,False
13982,59.980000000000004,2,29.990000000000002,1.0,55,291,1,0.0,False
13983,180.41,2,90.205,4.0,157,297,2,0.0,False
13984,3282.83,2,1641.415,1.5,296,386,2,0.9786799803827796,True
13988,195.51999999999998,4,48.879999999999995,2.5,89,155,1,0.0,False
13992,1802.2075,2,901.10375,2.0,262,726,2,0.9820886329681793,True
13993,1804.9175,2,902.45875,1.5,268,723,2,0.9806140723883502,True
13994,4528.7496,2,2264.3748,2.0,111,506,2,0.9969130552062319,True
13997,4586.3496,2,2293.1748,2.5,5,510,2,0.9843928164569051,True
13998,245.25,2,122.625,3.0,69,329,2,0.0,False
14000,84.92,1,84.92,3.0,156,156,1,0.0,False
14001,106.96,1,106.96,3.0,144,144,2,0.0,False
14002,85.48,1,85.48,2.0,290,290,2,0.0,False
14005,3319.3975,2,1659.69875,2.5,212,676,3,0.9927788100099493,True
14006,3295.4275,2,1647.71375,1.0,211,695,1,1.0,True
14010,3861.3896000000004,2,1930.6948000000002,2.0,306,505,3,0.9769564821949074,True
14012,5249.9182,3,1749.9727333333333,2.3333333333333335,24,492,3,0.9736224461554468,True
14013,138.45,2,69.225,2.5,18,238,2,0.0,False
14015,59.980000000000004,2,29.990000000000002,1.0,68,209,1,0.0,False
14017,1848.9075,2,924.45375,2.0,274,701,2,0.9572828819181057,True
14019,24.99,1,24.99,1.0,154,154,1,0.0,False
14025,1586.3775,2,793.18875,3.0,25,701,3,0.9710346370898477,True
14028,91.95,1,91.95,4.0,164,164,1,0.0,False
14030,6905.469599999999,3,2301.8232,1.6666666666666667,20,493,2,0.9775554728385163,True
14031,6964.4182,3,2321.4727333333335,2.6666666666666665,20,499,2,0.9696658078344577,True
14034,104.24000000000001,2,52.120000000000005,2.5,21,160,2,0.0,False
14035,65.96,1,65.96,3.0,156,156,2,0.0,False
14036,1839.9175,2,919.95875,1.5,272,651,2,0.9619602509351642,True
14037,1898.8975,2,949.44875,2.5,251,647,2,0.9320816421107511,True
14038,6819.118200000001,3,2273.0394,2.0,13,507,3,0.9903271950910018,True
14040,31.97,1,31.97,2.0,201,201,1,0.0,False
14041,4765.02,2,2382.51,2.5,115,240,2,0.9819602016360897,False
14042,21.98,1,21.98,1.0,18,18,1,0.0,False
14044,3357.7175,2,1678.85875,2.0,209,646,2,0.9888942414005943,True
14049,5290.6795999999995,3,1763.5598666666665,3.0,10,517,2,0.9656150034109041,True
14051,5606.9082,3,1868.9694,2.0,140,509,3,0.9959032680435183,True
14054,210.77,2,105.385,2.0,15,31,2,0.0,False
14055,5177.3982,3,1725.7993999999999,2.0,2,508,3,0.9872600102499361,True
14058,5652.5196000000005,3,1884.1732000000002,2.3333333333333335,149,511,2,0.9873932325683578,True
14059,106.75,2,53.375,2.5,179,288,2,0.0,False
14060,99.47,2,49.735,1.5,67,292,2,0.0,False
14062,5647.9182,3,1882.6394,1.6666666666666667,136,498,3,0.9886719322528432,True
14063,5676.2496,3,1892.0832,1.6666666666666667,150,501,2,0.9876696754138508,True
14064,5694.2096,3,1898.0698666666667,2.6666666666666665,133,490,3,0.9801640599952628,True
14068,77.27000000000001,2,38.635000000000005,1.5,133,242,2,0.0,False
14069,173.94,2,86.97,3.0,6,125,2,0.0,False
14071,5617.9182,3,1872.6394,1.6666666666666667,152,504,2,0.9939514961253798,True
14072,74.98,2,37.49,1.0,134,160,2,0.0,False
14073,156.84,2,78.42,3.5,70,320,2,0.0,False
14076,71.97,1,71.97,2.0,241,241,2,0.0,False
14077,180.73,4,45.1825,2.0,72,151,2,0.0,False
14078,839.48,1,839.48,2.0,346,346,2,0.9166269595463858,False
14084,138.68,4,34.67,2.25,125,240,2,0.0,False
14085,36.96,1,36.96,3.0,250,250,1,0.0,False
14087,341.97,3,113.99000000000001,1.6666666666666667,175,325,2,0.0,False
14088,2755.4175,2,1377.70875,1.5,222,658,2,0.9804058731571532,True
14090,85.48,1,85.48,2.0,244,244,2,0.0,False
14092,56.97,1,56.97,2.0,113,113,1,0.0,False
14095,1802.2075,2,901.10375,2.0,263,610,2,0.9820886329681793,True
14096,174.73000000000002,4,43.682500000000005,2.0,135,202,2,0.0,False
14097,56.97,1,56.97,2.0,158,158,1,0.0,False
14098,1845.8975,2,922.94875,2.0,262,628,3,0.9588438686330091,True
14102,3667.2296,3,1222.4098666666666,2.0,151,501,3,0.977102606283501,True
14105,1784.9075,2,892.45375,2.0,263,633,2,0.991607408227037,True
14106,1839.8975,2,919.94875,2.5,246,613,2,0.9619707076073531,True
14112,3361.3875,2,1680.69375,2.5,210,605,3,0.9803771508045414,True
14113,21.98,1,21.98,1.0,237,237,1,0.0,False
14115,3297.7175,2,1648.85875,1.5,204,603,2,0.9993055802991009,True
14117,3352.3975,2,1676.19875,2.0,200,583,2,0.9830061918373344,True
14120,3376.8875,2,1688.44375,2.5,186,587,3,0.9758771946059798,True
14122,30.97,1,30.97,2.0,258,258,2,0.0,False
14123,61.58,2,30.79,1.5,168,284,1,0.0,False
14124,57.59,2,28.795,1.0,46,246,1,0.0,False
14126,135.55,2,67.775,3.0,32,306,1,0.0,False
14128,3836.3796,2,1918.1898,2.5,300,504,2,0.9833254248354362,True
14131,3807.3996,2,1903.6998,1.5,275,509,2,0.9908100006103904,True
14132,3804.0782,2,1902.0391,1.5,235,501,2,0.9858073369785091,True
14133,3764.0681999999997,2,1882.0340999999999,2.0,239,506,2,0.9962859333951496,True
14136,71.95,1,71.95,4.0,221,221,1,0.0,False
14138,4444.22,2,2222.11,2.5,210,939,3,0.978295403917898,True
14139,4397.75,2,2198.875,1.5,187,914,2,0.9886328236029789,True
14141,3282.81,2,1641.405,2.5,158,680,2,0.9786859428355588,True
14142,29.48,1,29.48,2.0,62,62,2,0.0,False
14143,90.58,1,90.58,3.0,262,262,2,0.0,False
14144,56.97,1,56.97,2.0,66,66,1,0.0,False
14146,6750.5599999999995,3,2250.1866666666665,2.6666666666666665,75,986,3,0.9800090659145317,True
14147,4397.75,2,2198.875,1.5,145,884,2,0.9886328236029789,True
14148,4406.74,2,2203.37,2.0,144,856,2,0.9866159564666852,True
14149,4417.75,2,2208.875,1.5,129,872,2,0.9841570935430932,True
14150,6705.59,3,2235.1966666666667,1.6666666666666667,89,996,2,0.9865813448182785,True
14151,85.48,1,85.48,2.0,105,105,2,0.0,False
14152,71.97,1,71.97,2.0,158,158,2,0.0,False
14154,3018.0025,2,1509.00125,3.0,128,674,2,0.9778164531010165,True
14155,5993.26,2,2996.63,1.5,86,977,2,0.9799775080673957,True
14159,5930.23,2,2965.115,2.0,78,998,2,0.9903932899735762,True
14162,6473.700000000001,3,2157.9,2.3333333333333335,11,873,3,0.9906622178970297,True
14163,6567.02,3,2189.0066666666667,2.3333333333333335,26,864,2,0.9765845086508036,True
14165,5910.55,2,2955.275,2.0,83,985,2,0.9936909424672831,True
14166,71.97,1,71.97,2.0,319,319,2,0.0,False
14169,3262.83,2,1631.415,1.5,134,686,2,0.984678944351989,True
14170,3291.8199999999997,2,1645.9099999999999,2.0,151,663,2,0.976007193588957,True
14172,75.74000000000001,2,37.870000000000005,3.0,103,265,2,0.0,False
14174,38.88,1,38.88,3.0,311,311,1,0.0,False
14175,108.96,1,108.96,4.0,135,135,2,0.0,False
14177,46.83,1,46.83,4.0,22,22,1,0.0,False
14180,32.6,1,32.6,1.0,235,235,1,0.0,False
14181,8326.31,3,2775.4366666666665,1.6666666666666667,185,859,3,0.9947179482868161,True
14183,8321.31,3,2773.77,1.6666666666666667,156,995,3,0.9923113067533839,True
14187,36.59,1,36.59,2.0,23,23,1,0.0,False
14191,8301.31,3,2767.103333333333,1.6666666666666667,168,994,3,0.9947020410031671,True
14196,68.97,1,68.97,3.0,261,261,2,0.0,False
14197,107.08,1,107.08,3.0,83,83,2,0.0,False
14200,9421.9125,4,2355.478125,2.5,93,661,2,0.990135760653689,True
14201,32.6,1,32.6,1.0,46,46,1,0.0,False
14202,32.6,1,32.6,1.0,246,246,1,0.0,False
14207,8361.3,3,2787.1,2.0,196,824,3,0.9905552964251971,True
14208,117.43,2,58.715,3.5,165,328,2,0.0,False
14211,5662.8982,3,1887.6327333333331,2.3333333333333335,147,510,3,0.9860566096702923,True
14213,86.25999999999999,2,43.129999999999995,2.0,49,238,2,0.0,False
14215,5665.888199999999,3,1888.6293999999998,2.6666666666666665,152,503,2,0.9811238774531416,True
14218,5651.878199999999,3,1883.9593999999997,3.0,134,500,3,0.9835559089012218,True
14219,5744.2196,3,1914.7398666666668,2.6666666666666665,125,502,3,0.9759828123562687,True
14220,5696.1896,3,1898.7298666666666,3.0,132,506,3,0.9798233541945306,True
14221,82.26,2,41.13,2.0,124,298,2,0.0,False
14224,5621.218199999999,3,1873.7393999999997,1.6666666666666667,150,478,2,0.9933679856085288,True
14227,114.96000000000001,2,57.480000000000004,2.0,18,307,2,0.0,False
14228,49.99,1,49.99,1.0,245,245,1,0.0,False
14229,74.98,2,37.49,1.0,54,227,2,0.0,False
14230,5661.8982,3,1887.2993999999999,2.3333333333333335,95,481,3,0.9862307662119395,True
14231,83.97,2,41.985,1.5,158,325,2,0.0,False
14234,5687.7196,3,1895.9065333333335,2.0,99,488,3,0.9856779156272051,True
14236,5710.2296,3,1903.4098666666666,2.3333333333333335,65,465,3,0.9774142181603347,True
14239,3295.4275,2,1647.71375,1.0,211,603,1,1.0,True
14240,3391.3875,2,1695.69375,3.0,186,583,3,0.9790764104662179,True
14241,84.92,1,84.92,3.0,152,152,1,0.0,False
14248,56.97,1,56.97,2.0,97,97,1,0.0,False
14249,96.46,1,96.46,3.0,214,214,2,0.0,False
14250,30.97,1,30.97,2.0,122,122,2,0.0,False
14252,96.46,1,96.46,3.0,10,10,2,0.0,False
14253,3394.8975,2,1697.44875,3.0,202,577,3,0.9707001463225328,True
14255,3379.9075,2,1689.95375,2.0,202,569,3,0.9824018852586943,True
14256,3342.4075,2,1671.20375,1.5,203,567,2,0.9934239017833703,True
14257,85.48,1,85.48,2.0,133,133,2,0.0,False
14260,3716.2296,3,1238.7432000000001,2.0,120,481,3,0.9642191106814285,True
14262,5652.5396,3,1884.1798666666666,2.0,23,483,3,0.9918125297167311,True
14263,5647.9282,3,1882.6427333333334,1.6666666666666667,19,485,3,0.9842437798695812,True
14265,161.23,4,40.3075,2.0,9,181,1,0.0,False
14267,2786.4075000000003,2,1393.2037500000001,2.0,79,576,3,0.9695019482972251,True
14269,85.48,1,85.48,2.0,98,98,2,0.0,False
14271,21.98,1,21.98,1.0,297,297,1,0.0,False
14273,71.97,1,71.97,2.0,115,115,2,0.0,False
14274,121.56,3,40.52,2.0,1,246,1,0.0,False
14275,5158.3682,3,1719.4560666666666,2.0,95,467,2,0.9860556677594284,True
14276,5259.3582,3,1753.1193999999998,3.6666666666666665,123,479,3,0.9718748953056671,True
14278,177.46,2,88.73,2.5,128,164,2,0.0,False
14279,5137.7082,3,1712.5694,2.3333333333333335,97,480,3,0.9900208423670306,True
14280,56.97,1,56.97,2.0,254,254,1,0.0,False
14281,4746.3,2,2373.15,3.5,107,236,3,0.985833175315509,False
14283,1799.9175,2,899.95875,1.5,221,557,2,0.9833381252196282,True
14284,1769.9275,2,884.96375,1.0,224,568,1,1.0,True
14290,3377.3975,2,1688.69875,2.0,190,526,2,0.9831319825398107,True
14292,3319.6975,2,1659.84875,2.0,187,527,2,0.9926890929068085,True
14294,81.46,1,81.46,3.0,249,249,2,0.0,False
14295,56.97,1,56.97,2.0,216,216,1,0.0,False
14297,3335.4175,2,1667.70875,2.0,185,532,2,0.9880104964371028,True
14298,3365.6675,2,1682.83375,2.5,192,533,2,0.9865583870064408,True
14303,3636.9082,3,1212.3027333333332,1.6666666666666667,101,467,3,0.9791113781755614,True
14305,3652.1982,3,1217.3994,2.3333333333333335,86,467,3,0.975012309025288,True
14307,196.26,3,65.42,1.6666666666666667,168,314,1,0.0,False
14311,138.45,2,69.225,2.5,141,299,2,0.0,False
14314,122.94999999999999,2,61.474999999999994,2.5,143,193,2,0.0,False
14315,109.71000000000001,2,54.855000000000004,2.5,86,252,2,0.0,False
14319,138.45,2,69.225,2.5,25,182,2,0.0,False
14324,5121.4282,3,1707.1427333333334,1.3333333333333333,105,482,2,0.9931679214012998,True
14326,5207.6996,3,1735.8998666666666,2.6666666666666665,78,482,3,0.9810012082878209,True
14327,32.22,1,32.22,3.0,42,42,1,0.0,False
14329,91.95,1,91.95,4.0,336,336,1,0.0,False
14330,806.76,1,806.76,4.0,230,230,2,0.9538028657841242,False
14334,1848.9075,2,924.45375,2.0,232,524,2,0.9572828819181057,True
14335,1804.9175,2,902.45875,1.5,215,548,2,0.9806140723883502,True
14336,1893.9075,2,946.95375,2.0,230,542,2,0.9345374576107861,True
14337,1815.1475,2,907.57375,3.0,231,514,2,0.9750874240247693,True
14338,828.74,1,828.74,5.0,227,227,2,0.9285059246567078,False
14339,71.95,1,71.95,4.0,321,321,1,0.0,False
14342,1804.9175,2,902.45875,1.5,224,517,2,0.9806140723883502,True
14346,3583.2596000000003,3,1194.4198666666668,1.0,29,460,1,1.0,True
14347,2900.3896000000004,2,1450.1948000000002,2.0,167,464,3,0.9794924102610216,True
14348,2989.3796,2,1494.6898,2.5,160,482,2,0.9503341763622126,True
14349,56.97,1,56.97,2.0,110,110,1,0.0,False
14351,56.97,1,56.97,2.0,285,285,1,0.0,False
14358,45.95,1,45.95,4.0,154,154,2,0.0,False
14359,256.24,3,85.41333333333334,2.6666666666666665,46,323,2,0.0,False
14362,1845.8975,2,922.94875,2.0,231,505,3,0.9588438686330091,True
14366,1897.8775,2,948.93875,2.0,186,471,2,0.9325825823847956,True
14373,75.97,1,75.97,2.0,192,192,2,0.0,False
14374,3362.7075,2,1681.35375,2.5,213,459,2,0.9874267981975834,True
14375,39.98,1,39.98,2.0,181,181,1,0.0,False
14376,71.97,1,71.97,2.0,153,153,2,0.0,False
14377,3320.4275,2,1660.21375,1.0,207,474,1,1.0,True
14380,3330.4275,2,1665.21375,1.5,188,468,2,0.9894908386385832,True
14381,3330.4175,2,1665.20875,1.5,196,484,2,0.989493809710044,True
14384,93.97,1,93.97,3.0,85,85,2,0.0,False
14386,1918.3975,2,959.19875,2.5,190,446,2,0.9226072802951422,True
14387,898.46,1,898.46,4.0,242,242,2,0.8564543774903723,False
14388,81.46,1,81.46,3.0,216,216,2,0.0,False
14389,7.28,1,7.28,2.0,61,61,1,0.0,False
14390,39.98,1,39.98,2.0,57,57,1,0.0,False
14394,3344.6975,2,1672.34875,2.0,161,437,2,0.9927437384098263,True
14396,76.96,1,76.96,3.0,166,166,2,0.0,False
14399,4.99,1,4.99,1.0,262,262,1,0.0,False
14401,15.23,1,15.23,3.0,222,222,1,0.0,False
14403,7.28,1,7.28,2.0,17,17,1,0.0,False
14404,4.99,1,4.99,1.0,311,311,1,0.0,False
14405,64.47,1,64.47,3.0,100,100,2,0.0,False
14406,1851.3875,2,925.69375,2.5,205,450,3,0.9560005671422109,True
14408,65.96,1,65.96,3.0,24,24,2,0.0,False
14410,56.97,1,56.97,2.0,34,34,1,0.0,False
14411,3360.4175,2,1680.20875,2.0,155,453,2,0.988099692969698,True
14413,1889.9075,2,944.95375,2.0,210,434,2,0.9365154114685507,True
14415,1769.9275,2,884.96375,1.0,186,442,1,1.0,True
14416,769.49,1,769.49,1.0,224,224,1,1.0,False
14417,1848.9075,2,924.45375,2.0,197,454,2,0.9572828819181057,True
14418,1928.9275,2,964.46375,1.5,208,455,2,0.9175707744329427,True
14421,3369.4075,2,1684.70375,2.5,160,420,3,0.9854633195895719,True
14423,141.91,2,70.955,4.5,229,270,2,0.0,False
14424,6998.862499999999,3,2332.9541666666664,2.3333333333333335,96,666,2,0.9887181667020892,True
14426,8319.300000000001,3,2773.1000000000004,2.0,197,831,2,0.9925510559782674,True
14428,8321.31,3,2773.77,1.6666666666666667,170,854,2,0.9923113067533839,True
14429,8394.29,3,2798.096666666667,2.0,136,1005,2,0.986662362153321,True
14432,21.98,1,21.98,1.0,109,109,1,0.0,False
14433,3342.4075,2,1671.20375,1.5,176,420,2,0.9934239017833703,True
14434,3396.3975,2,1698.19875,2.0,178,413,3,0.9776321823343705,True
14436,4776.01,2,2388.005,3.0,96,227,2,0.9849351236701767,False
14441,141.98,1,141.98,2.0,251,251,1,0.0,False
14442,3370.4075,2,1685.20375,2.5,166,407,2,0.9777534318921378,True
14444,30.97,1,30.97,2.0,189,189,2,0.0,False
14445,100.46,1,100.46,4.0,268,268,2,0.0,False
14446,146.75,3,48.916666666666664,2.0,38,332,2,0.0,False
14448,3370.4075,2,1685.20375,2.5,160,414,2,0.9777534318921378,True
14449,3355.4175,2,1677.70875,1.5,181,415,2,0.9895720875271111,True
14450,180.98,1,180.98,2.0,221,221,1,0.0,False
14452,3377.3975,2,1688.69875,2.0,175,413,2,0.9831319825398107,True
14453,3401.3875,2,1700.69375,2.5,159,421,3,0.9761979486312572,True
14457,3359.8975,2,1679.94875,2.5,157,395,3,0.9882526178253952,True
14460,96.46,1,96.46,3.0,26,26,2,0.0,False
14461,3310.4075,2,1655.20375,2.0,170,375,2,0.9954748773376089,True
14462,21.98,1,21.98,1.0,104,104,1,0.0,False
14469,64.47,1,64.47,3.0,274,274,2,0.0,False
14470,3382.3975,2,1691.19875,2.5,173,378,2,0.981678676146136,True
14472,3503.6975,2,1751.84875,2.5,156,370,2,0.9476924020980693,True
14473,3413.9175,2,1706.95875,2.0,159,388,3,0.9652920728166396,True
14475,7.28,1,7.28,2.0,257,257,1,0.0,False
14476,7.28,1,7.28,2.0,126,126,1,0.0,False
14479,81.96,1,81.96,3.0,18,18,1,0.0,False
14481,3360.4175,2,1680.20875,2.0,155,377,2,0.988099692969698,True
14484,3345.3975,2,1672.69875,2.5,181,393,2,0.9850630605182197,True
14488,67.93,1,67.93,3.0,82,82,1,0.0,False
14490,39.98,1,39.98,2.0,26,26,1,0.0,False
14492,7.28,1,7.28,2.0,254,254,1,0.0,False
14494,1769.9275,2,884.96375,1.0,204,394,1,1.0,True
14495,1839.9175,2,919.95875,1.5,190,377,2,0.9619602509351642,True
14496,804.48,1,804.48,2.0,209,209,2,0.9565060660302307,False
14501,2994.0881999999997,2,1497.0440999999998,1.0,170,1097,1,1.0,True
14502,122.26,3,40.75333333333334,1.6666666666666667,92,287,2,0.0,False
14503,39.98,1,39.98,2.0,226,226,1,0.0,False
14504,112.27,2,56.135,2.0,72,161,2,0.0,False
14507,39.98,1,39.98,2.0,321,321,1,0.0,False
14509,163.99,1,163.99,2.0,92,92,1,0.0,False
14511,89.97,1,89.97,3.0,269,269,2,0.0,False
14518,126.94999999999999,2,63.474999999999994,2.5,151,316,2,0.0,False
14520,1503.5782,2,751.7891,1.5,206,1091,2,0.9767288458957439,True
14521,117.96000000000001,2,58.980000000000004,2.0,47,165,2,0.0,False
14522,126.94999999999999,2,63.474999999999994,2.5,97,230,2,0.0,False
14523,3807.3996,2,1903.6998,1.5,210,470,2,0.9908100006103904,True
14524,3001.0425,2,1500.52125,1.5,147,666,2,0.9833424551634974,True
14525,6665.58,3,2221.86,2.0,65,997,2,0.9925032780343197,True
14528,4.99,1,4.99,1.0,156,156,1,0.0,False
14530,72.86000000000001,2,36.43000000000001,2.5,46,285,1,0.0,False
14531,190.54,2,95.27,3.5,277,309,2,0.0,False
14533,68.97,1,68.97,3.0,117,117,1,0.0,False
14535,123.47,2,61.735,1.5,288,297,2,0.0,False
14536,68.49,1,68.49,2.0,180,180,2,0.0,False
14537,42.28,1,42.28,3.0,176,176,1,0.0,False
14538,3017.0125,2,1508.50625,2.5,106,666,3,0.9781373129875996,True
14539,3271.8199999999997,2,1635.9099999999999,2.0,93,668,2,0.9819733359414639,True
14541,4397.75,2,2198.875,1.5,102,844,2,0.9886328236029789,True
14543,42.28,1,42.28,3.0,178,178,1,0.0,False
14548,124.99,1,124.99,2.0,59,59,1,0.0,False
14553,147.95,2,73.975,2.5,248,285,2,0.0,False
14555,3021.0225,2,1510.51125,2.5,73,642,2,0.9768389676012015,True
14557,63.97,1,63.97,3.0,335,335,1,0.0,False
14558,1528.0682000000002,2,764.0341000000001,2.0,202,1070,3,0.9610750357870153,True
14559,1547.5682000000002,2,773.7841000000001,2.0,210,1079,2,0.9489650924592532,True
14560,1538.5782,2,769.2891,1.5,212,1090,2,0.9545099495105286,True
14561,158.84,3,52.946666666666665,2.6666666666666665,49,332,1,0.0,False
14562,7.28,1,7.28,2.0,225,225,1,0.0,False
14563,39.98,1,39.98,2.0,159,159,1,0.0,False
14564,124.99,1,124.99,2.0,11,11,1,0.0,False
14566,401.49,3,133.83,4.333333333333333,92,257,2,0.0,False
14567,161.27999999999997,3,53.75999999999999,3.3333333333333335,24,336,2,0.0,False
14568,54.96,1,54.96,4.0,267,267,1,0.0,False
14569,7.28,1,7.28,2.0,69,69,1,0.0,False
14573,39.98,1,39.98,2.0,95,95,1,0.0,False
14576,1476.5382,2,738.2691,1.5,172,1054,2,0.9946157844070678,True
14577,1505.8582000000001,2,752.9291000000001,2.5,174,1038,2,0.9752499936581014,True
14579,124.99,1,124.99,2.0,302,302,1,0.0,False
14580,1468.5882000000001,2,734.2941000000001,1.0,182,1020,1,1.0,True
14581,1563.0482000000002,2,781.5241000000001,3.0,182,1030,3,0.939566802866348,True
14582,111.79,3,37.263333333333335,3.0,36,323,1,0.0,False
14584,3040.0382,2,1520.0191,3.0,165,1029,3,0.9848850583522275,True
14585,3016.0681999999997,2,1508.0340999999999,1.5,160,1010,2,0.9927123663848185,True
14587,7.28,1,7.28,2.0,217,217,1,0.0,False
14588,39.98,1,39.98,2.0,101,101,1,0.0,False
14589,1468.5882000000001,2,734.2941000000001,1.0,168,1007,1,1.0,True
14594,163.99,1,163.99,2.0,246,246,1,0.0,False
14596,3056.0481999999997,2,1528.0240999999999,2.5,161,993,2,0.9879059499127011,True
14597,4803.3099999999995,2,2401.6549999999997,3.5,70,185,2,0.9793371654130173,False
14598,4839.0,2,2419.5,4.0,78,210,3,0.9721140731556107,False
14599,3054.0782,2,1527.0391,1.5,175,983,2,0.9885431879249196,True
14600,39.98,1,39.98,2.0,111,111,1,0.0,False
14601,3076.0582,2,1538.0291,2.0,172,976,2,0.9814795441776752,True
14602,3150.5382,2,1575.2691,3.0,177,999,3,0.9582769699475475,True
14604,137.95,3,45.98333333333333,2.0,239,329,2,0.0,False
14607,4.99,1,4.99,1.0,50,50,1,0.0,False
14608,39.98,1,39.98,2.0,253,253,1,0.0,False
14610,1468.5882000000001,2,734.2941000000001,1.0,157,1000,1,1.0,True
14613,1601.5582,2,800.7791,2.5,176,977,2,0.9169746063552358,True
14615,28.96,1,28.96,4.0,61,61,2,0.0,False
14617,1538.5582,2,769.2791,2.5,170,963,2,0.954522357360287,True
14620,4.99,1,4.99,1.0,151,151,1,0.0,False
14623,64.47,1,64.47,3.0,299,299,2,0.0,False
14624,39.98,1,39.98,2.0,63,63,1,0.0,False
14627,7.28,1,7.28,2.0,184,184,1,0.0,False
14628,4.99,1,4.99,1.0,82,82,1,0.0,False
14630,4.99,1,4.99,1.0,58,58,1,0.0,False
14636,1538.5782,2,769.2891,1.5,173,952,2,0.9545099495105286,True
14637,39.98,1,39.98,2.0,97,97,1,0.0,False
14641,119.86,3,39.95333333333333,2.0,75,266,1,0.0,False
14642,7.28,1,7.28,2.0,218,218,1,0.0,False
14643,1613.0582,2,806.5291,2.5,132,941,2,0.9104372055515417,True
14646,1538.5582,2,769.2791,2.5,150,919,2,0.954522357360287,True
14648,3024.0182,2,1512.0091,2.0,181,929,2,0.9901025727953622,True
14649,1601.5582,2,800.7791,2.5,150,924,2,0.9169746063552358,True
14650,1538.5782,2,769.2891,1.5,132,917,2,0.9545099495105286,True
14652,1528.0682000000002,2,764.0341000000001,2.0,125,922,3,0.9610750357870153,True
14655,174.95999999999998,3,58.31999999999999,1.6666666666666667,234,312,2,0.0,False
14657,3076.0582,2,1538.0291,2.0,175,913,2,0.9814795441776752,True
14658,92.82,3,30.939999999999998,2.0,55,209,1,0.0,False
14659,39.98,1,39.98,2.0,217,217,1,0.0,False
14661,195.01999999999998,3,65.00666666666666,3.3333333333333335,148,242,2,0.0,False
14667,5295.4082,3,1765.1360666666667,2.3333333333333335,72,462,3,0.9652585800656502,True
14668,5216.6896,3,1738.8965333333333,2.3333333333333335,65,482,2,0.9841029452854547,True
14670,2919.8896000000004,2,1459.9448000000002,2.0,179,478,2,0.9729510321212146,True
14673,5117.7496,3,1705.9165333333333,1.3333333333333333,32,477,2,0.9982433685305745,True
14676,5188.4082,3,1729.4694,1.6666666666666667,47,472,2,0.9851650068705081,True
14677,81.26,2,40.63,2.0,4,233,2,0.0,False
14679,37.97,1,37.97,3.0,5,5,2,0.0,False
14683,98.95,3,32.983333333333334,1.6666666666666667,94,304,1,0.0,False
14684,38.55,2,19.275,2.5,12,75,1,0.0,False
14685,146.74,3,48.913333333333334,2.0,69,151,2,0.0,False
14686,203.45999999999998,3,67.82,1.6666666666666667,51,261,2,0.0,False
14687,80.96,1,80.96,3.0,113,113,2,0.0,False
14688,74.98,1,74.98,3.0,310,310,1,0.0,False
14689,4.99,1,4.99,1.0,1,1,1,0.0,False
14693,39.98,1,39.98,2.0,85,85,1,0.0,False
14695,48.98,1,48.98,3.0,57,57,2,0.0,False
14696,42.28,1,42.28,3.0,262,262,1,0.0,False
14699,78.98,1,78.98,2.0,177,177,2,0.0,False
14702,6729.57,3,2243.19,2.3333333333333335,85,968,3,0.9867807304181397,True
14704,95.94,1,95.94,5.0,329,329,2,0.0,False
14706,24.99,1,24.99,1.0,115,115,1,0.0,False
14707,37.29,1,37.29,2.0,321,321,1,0.0,False
14708,2966.0325000000003,2,1483.0162500000001,2.0,64,621,2,0.9949494821786344,True
14710,39.99,1,39.99,2.0,81,81,1,0.0,False
14712,6660.59,3,2220.1966666666667,1.6666666666666667,87,955,2,0.9932468444987607,True
14716,5300.26,3,1766.7533333333333,2.0,21,630,2,0.9958624671242544,True
14717,113.96,2,56.98,2.5,235,292,2,0.0,False
14718,63.97,1,63.97,3.0,299,299,1,0.0,False
14719,5512.26,3,1837.42,3.3333333333333335,7,632,3,0.9620972160239178,True
14723,87.57000000000001,3,29.19,1.6666666666666667,193,285,1,0.0,False
14724,81.53,2,40.765,3.5,191,224,1,0.0,False
14725,318.83000000000004,3,106.27666666666669,3.3333333333333335,21,287,2,0.0,False
14727,1563.0682000000002,2,781.5341000000001,2.0,139,906,2,0.9395547807830777,True
14728,1563.0682000000002,2,781.5341000000001,2.0,129,890,2,0.9395547807830777,True
14730,2588.0682,2,1294.0341,2.5,3,857,2,0.9273666744948995,True
14733,1854.5782,2,927.2891,1.5,308,882,2,0.981133176266172,True
14737,1873.5782,2,936.7891,1.5,230,859,2,0.9711834819598136,True
14739,1500.8682,2,750.4341,2.0,105,829,2,0.9784924485707672,True
14740,1533.5582,2,766.7791,2.5,117,852,3,0.9576344738660717,True
14742,7.28,1,7.28,2.0,135,135,1,0.0,False
14745,902.46,1,902.46,4.0,155,155,2,0.8526582895640804,False
14747,1503.5782,2,751.7891,1.5,93,837,2,0.9767288458957439,True
14750,1613.0582,2,806.5291,2.5,99,837,2,0.9104372055515417,True
14751,7.28,1,7.28,2.0,183,183,1,0.0,False
14752,1528.0682000000002,2,764.0341000000001,2.0,101,794,3,0.9610750357870153,True
14754,1500.8682,2,750.4341,2.0,97,817,2,0.9784924485707672,True
14755,1592.5682000000002,2,796.2841000000001,2.0,93,799,2,0.922150900664725,True
14758,39.98,1,39.98,2.0,240,240,1,0.0,False
14763,4.99,1,4.99,1.0,133,133,1,0.0,False
14766,4.99,1,4.99,1.0,35,35,1,0.0,False
14768,106.96,1,106.96,3.0,212,212,2,0.0,False
14770,6679.59,3,2226.53,1.6666666666666667,80,916,2,0.9904215677908376,True
14772,4380.04,2,2190.02,2.0,67,835,2,0.9926302042903719,True
14773,7015.612499999999,3,2338.5375,1.6666666666666667,184,637,2,0.9779078448246679,True
14774,6434.74,3,2144.9133333333334,1.3333333333333333,23,851,2,0.9966603157237123,True
14775,8404.28,3,2801.4266666666667,2.6666666666666665,208,847,3,0.9825148614753436,True
14776,5908.25,2,2954.125,1.5,84,922,2,0.9940777726061016,True
14778,6673.530000000001,3,2224.51,2.3333333333333335,43,931,2,0.9913209350973174,True
14779,3262.83,2,1631.415,1.5,75,624,2,0.984678944351989,True
14780,7.28,1,7.28,2.0,64,64,1,0.0,False
14784,156.25,2,78.125,2.5,25,179,2,0.0,False
14787,163.45,2,81.725,2.5,31,155,2,0.0,False
14788,4.99,1,4.99,1.0,302,302,1,0.0,False
14789,4382.74,2,2191.37,2.0,75,832,2,0.9920186915034888,True
14792,5913.24,2,2956.62,2.0,63,914,2,0.9974667018419683,True
14794,5873.26,2,2936.63,1.0,48,923,1,1.0,True
14795,4380.04,2,2190.02,2.0,78,850,2,0.9926302042903719,True
14796,3071.0125,2,1535.50625,3.0,35,615,3,0.9609379642707416,True
14797,4397.75,2,2198.875,1.5,66,829,2,0.9886328236029789,True
14800,4390.69,2,2195.345,2.5,62,849,2,0.9902224935032992,True
14802,3287.3199999999997,2,1643.6599999999999,2.0,56,611,2,0.9773432461701327,True
14803,4355.71,2,2177.855,1.5,61,807,2,0.9981748096177202,True
14806,242.94,2,121.47,3.0,200,252,2,0.0,False
14811,36.93,1,36.93,3.0,288,288,1,0.0,False
14812,63.97,1,63.97,3.0,215,215,1,0.0,False
14814,128.46,2,64.23,2.0,297,323,2,0.0,False
14816,63.97,1,63.97,3.0,21,21,1,0.0,False
14817,63.97,1,63.97,3.0,126,126,1,0.0,False
14818,2973.9825,2,1486.99125,2.5,28,601,2,0.9922897999567921,True
14821,29.99,1,29.99,1.0,289,289,1,0.0,False
14823,4392.74,2,2196.37,2.0,33,820,2,0.9897603773499002,True
14824,4441.25,2,2220.625,2.0,51,804,3,0.9789496200394033,True
14826,39.98,1,39.98,2.0,137,137,1,0.0,False
14829,90.47,1,90.47,3.0,200,200,2,0.0,False
14832,5938.24,2,2969.12,2.0,50,930,2,0.9890573637980278,True
14833,6679.6,3,2226.5333333333333,1.6666666666666667,52,933,2,0.9904200850350321,True
14834,4397.75,2,2198.875,1.5,21,782,2,0.9886328236029789,True
14839,156.25,2,78.125,2.5,205,212,2,0.0,False
14843,6690.58,3,2230.193333333333,2.0,34,927,2,0.992531290261831,True
14846,6744.57,3,2248.19,2.3333333333333335,50,894,3,0.9845861189075065,True
14848,2746.5525,2,1373.27625,1.0,321,598,1,1.0,True
14850,39.98,1,39.98,2.0,135,135,1,0.0,False
14851,2802.4925,2,1401.24625,3.5,310,604,3,0.9711185667758258,True
14852,1468.5882000000001,2,734.2941000000001,1.0,109,818,1,1.0,True
14854,72.96,2,36.48,2.0,129,154,2,0.0,False
14855,3759.0782,2,1879.5391,1.5,204,478,2,0.9976084562433418,True
14859,31.27,1,31.27,3.0,320,320,1,0.0,False
14862,32.28,1,32.28,2.0,125,125,1,0.0,False
14863,32.28,1,32.28,2.0,290,290,1,0.0,False
14868,1597.5582,2,798.7791,2.5,64,823,2,0.919270546763179,True
14873,21.98,1,21.98,1.0,109,109,1,0.0,False
14878,125.46,1,125.46,4.0,253,253,2,0.0,False
14880,1819.5882000000001,2,909.7941000000001,1.0,192,812,1,1.0,True
14882,1854.5782,2,927.2891,1.5,46,775,2,0.981133176266172,True
14884,1883.5582,2,941.7791,2.5,60,764,2,0.9660376833590807,True
14887,86.95,1,86.95,4.0,267,267,2,0.0,False
14888,1898.0682000000002,2,949.0341000000001,2.0,24,770,2,0.9586526975163484,True
14892,1468.5882000000001,2,734.2941000000001,1.0,77,778,1,1.0,True
14894,1503.5782,2,751.7891,1.5,87,763,2,0.9767288458957439,True
14896,1588.5682000000002,2,794.2841000000001,2.0,73,775,2,0.924472868083347,True
14898,41.95,1,41.95,4.0,28,28,1,0.0,False
14900,839.48,1,839.48,2.0,79,79,2,0.9166269595463858,False
14901,7.28,1,7.28,2.0,323,323,1,0.0,False
14903,61.96,1,61.96,3.0,260,260,1,0.0,False
14904,468.12,3,156.04,4.0,29,168,2,0.0,False
14913,1533.5582,2,766.7791,2.5,73,748,3,0.9576344738660717,True
14916,26.97,1,26.97,2.0,321,321,1,0.0,False
14917,64.47,1,64.47,3.0,175,175,2,0.0,False
14918,12.94,1,12.94,2.0,148,148,1,0.0,False
14921,7.28,1,7.28,2.0,313,313,1,0.0,False
14922,4.99,1,4.99,1.0,36,36,1,0.0,False
14923,15.23,1,15.23,3.0,64,64,1,0.0,False
14926,3058.31,2,1529.155,2.5,291,583,2,0.9836609107644421,True
14930,2721.5525,2,1360.77625,1.0,275,604,1,1.0,True
14931,6980.8525,3,2326.9508333333333,3.3333333333333335,185,581,3,0.9863583996367208,True
14932,98.96,1,98.96,4.0,140,140,2,0.0,False
14934,178.45,2,89.225,2.5,40,50,2,0.0,False
14937,6652.89,3,2217.63,1.6666666666666667,51,907,2,0.9943964202023482,True
14938,107.97,2,53.985,1.5,93,297,2,0.0,False
14941,6865.57,3,2288.523333333333,2.3333333333333335,34,900,3,0.967233601871367,True
14942,4.99,1,4.99,1.0,181,181,1,0.0,False
14943,36.96,1,36.96,3.0,268,268,1,0.0,False
14944,3040.31,2,1520.155,2.0,211,549,2,0.9894846249231165,True
14945,4260.24,2,2130.12,2.0,353,791,2,0.9666732390663437,True
14948,2786.5225,2,1393.26125,2.5,196,564,2,0.9766842004685053,True
14949,6795.6,3,2265.2000000000003,1.6666666666666667,26,896,2,0.9771925952086644,True
14950,6709.59,3,2236.53,2.0,13,901,2,0.989719192976024,True
14953,202.46,2,101.23,2.5,283,293,2,0.0,False
14954,70.95,1,70.95,4.0,164,164,2,0.0,False
14957,2807.0325000000003,2,1403.5162500000001,2.0,197,577,3,0.96954791225253,True
14960,2803.5225,2,1401.76125,2.0,211,566,2,0.9796791358014784,True
14961,151.27,1,151.27,4.0,267,267,1,0.0,False
14965,2753.8225,2,1376.91125,2.5,160,560,2,0.988281742922792,True
14967,4194.23,2,2097.115,2.0,219,776,3,0.9818870209788211,True
14974,158.95,2,79.475,3.0,9,274,2,0.0,False
14975,5957.219999999999,2,2978.6099999999997,3.0,56,903,3,0.9901027660553078,True
14976,7040.612499999999,3,2346.870833333333,1.6666666666666667,204,560,2,0.9779862902552867,True
14979,4183.23,2,2091.615,2.5,211,751,2,0.9844689390733956,True
14983,71.27000000000001,2,35.635000000000005,2.0,44,239,1,0.0,False
14984,6699.57,3,2233.19,2.3333333333333335,2,899,3,0.9911994351876315,True
14986,68.97,1,68.97,3.0,95,95,1,0.0,False
14991,6706.57,3,2235.523333333333,2.0,21,895,3,0.9901648681814997,True
14992,69.99,1,69.99,2.0,117,117,1,0.0,False
14993,152.94,2,76.47,3.5,166,304,2,0.0,False
14997,4143.25,2,2071.625,1.5,153,755,2,0.9939685029867857,True
15001,30.97,1,30.97,2.0,164,164,2,0.0,False
15004,3073.31,2,1536.655,2.5,148,551,2,0.9788599262684209,True
15008,170.53,3,56.843333333333334,3.0,65,279,2,0.0,False
15009,36.96,1,36.96,3.0,231,231,1,0.0,False
15010,80.96,1,80.96,3.0,7,7,2,0.0,False
15011,89.97,1,89.97,3.0,174,174,2,0.0,False
15012,39.98,1,39.98,2.0,10,10,1,0.0,False
15014,3860.8696,2,1930.4348,3.0,201,478,3,0.9770880632694772,True
15016,1498.5782,2,749.2891,1.5,82,756,2,0.979987697672367,True
15017,1307.0582,2,653.5291,2.5,344,740,3,0.9479977249674115,True
15022,2999.9096,2,1499.9548,1.5,115,454,2,0.946998402885207,True
15025,128.94,2,64.47,3.0,122,145,2,0.0,False
15026,29.979999999999997,2,14.989999999999998,1.0,141,255,1,0.0,False
15027,2853.5681999999997,2,1426.7840999999999,2.0,107,450,2,0.9877416632271135,True
15033,3797.3996,2,1898.6998,1.5,152,431,2,0.9934191808520758,True
15034,103.44999999999999,2,51.724999999999994,2.5,36,283,2,0.0,False
15035,3772.4096,2,1886.2048,1.0,127,443,1,1.0,True
15038,3750.0882,2,1875.0441,1.0,126,432,1,1.0,True
15039,78.96,2,39.48,2.0,100,188,2,0.0,False
15043,3846.8896000000004,2,1923.4448000000002,2.0,118,444,2,0.9806389037002778,True
15044,3803.5582,2,1901.7791,2.5,123,442,3,0.9859421107319984,True
15047,6669.57,3,2223.19,2.3333333333333335,11,895,2,0.9956578909884747,True
15048,6690.58,3,2230.193333333333,2.0,29,882,2,0.992531290261831,True
15049,71.97,1,71.97,2.0,34,34,2,0.0,False
15057,114.96000000000001,2,57.480000000000004,2.5,78,267,1,0.0,False
15060,24.99,1,24.99,1.0,1,1,1,0.0,False
15062,6684.59,3,2228.1966666666667,1.6666666666666667,10,878,3,0.9934206884790242,True
15073,4143.26,2,2071.63,1.0,131,759,1,1.0,True
15075,74.97999999999999,2,37.489999999999995,1.5,43,310,1,0.0,False
15077,6673.530000000001,3,2224.51,2.3333333333333335,11,877,2,0.9913209350973174,True
15079,2731.5425,2,1365.77125,1.5,105,554,2,0.9963427257675838,True
15080,8305.3,3,2768.433333333333,2.0,174,733,3,0.9972342961723237,True
15081,5900.55,2,2950.275,1.5,10,881,2,0.9996119005855386,True
15082,7068.0825,3,2356.0275,2.6666666666666665,209,568,3,0.9706483335473236,True
15085,7229.370000000001,3,2409.7900000000004,2.0,170,518,3,0.9852047965452039,True
15088,5896.1900000000005,2,2948.0950000000003,2.5,3,834,2,0.9961110479818325,True
15089,5895.24,2,2947.62,1.5,18,829,2,0.9962715682482818,True
15092,36.59,1,36.59,2.0,256,256,1,0.0,False
15093,7265.65,3,2421.883333333333,2.3333333333333335,50,529,2,0.9884442548154674,True
15098,38.88,1,38.88,3.0,158,158,1,0.0,False
15100,6952.5825,3,2317.5275,2.0,176,726,2,0.9903690463219963,True
15103,107.85,2,53.925,3.0,26,302,1,0.0,False
15106,8421.28,3,2807.0933333333337,2.6666666666666665,138,827,3,0.9835001329964093,True
15107,69.99,1,69.99,1.0,279,279,1,0.0,False
15109,119.98,1,119.98,2.0,200,200,1,0.0,False
15114,6918.8724999999995,3,2306.290833333333,2.3333333333333335,161,729,2,0.9915809982045486,True
15116,7212.860000000001,3,2404.286666666667,2.3333333333333335,174,729,3,0.9874598980154892,True
15117,6974.5625,3,2324.8541666666665,3.0,154,711,3,0.9836634914376352,True
15118,8301.31,3,2767.103333333333,1.6666666666666667,132,852,3,0.9947020410031671,True
15121,5202.729600000001,3,1734.2432000000001,2.0,17,432,3,0.986743497105827,True
15124,122.44,2,61.22,3.0,221,222,2,0.0,False
15125,81.26,2,40.63,2.0,26,318,2,0.0,False
15126,86.25999999999999,2,43.129999999999995,2.0,63,313,2,0.0,False
15128,77.27000000000001,2,38.635000000000005,1.5,234,257,2,0.0,False
15129,5177.729600000001,3,1725.9098666666669,2.0,27,445,2,0.9866794897902742,True
15130,5215.3982,3,1738.4660666666666,2.3333333333333335,24,449,3,0.9800667185872789,True
15135,4381.3896,2,2190.6948,2.0,92,435,2,0.9965809933907728,True
15137,161.94,2,80.97,3.0,241,318,2,0.0,False
15139,59.980000000000004,2,29.990000000000002,1.0,250,286,1,0.0,False
15141,63.97,2,31.985,1.5,6,109,1,0.0,False
15143,4366.4096,2,2183.2048,1.0,83,457,1,1.0,True
15147,97.44999999999999,2,48.724999999999994,2.5,146,255,2,0.0,False
15148,90.75,2,45.375,2.5,206,284,2,0.0,False
15149,63.97,2,31.985,1.5,43,188,1,0.0,False
15151,4344.0882,2,2172.0441,1.0,69,442,1,1.0,True
15152,4464.5682,2,2232.2841,2.5,70,452,3,0.9730141875758557,True
15153,113.97,2,56.985,1.5,122,310,2,0.0,False
15155,3148.9399999999996,2,1574.4699999999998,3.0,181,715,3,0.9774654328123116,True
15157,213.94,3,71.31333333333333,2.3333333333333335,32,332,2,0.0,False
15162,154.96,3,51.653333333333336,1.6666666666666667,40,132,2,0.0,False
15163,7.28,1,7.28,2.0,108,108,1,0.0,False
15164,4.99,1,4.99,1.0,165,165,1,0.0,False
15165,39.98,1,39.98,2.0,175,175,1,0.0,False
15166,3124.96,2,1562.48,1.5,165,713,2,0.9929663099687676,True
15170,4391.4096,2,2195.7048,1.0,84,441,1,1.0,True
15172,215.45000000000002,4,53.862500000000004,3.0,47,330,1,0.0,False
15173,45.95,1,45.95,4.0,253,253,2,0.0,False
15174,99.9,1,99.9,5.0,98,98,1,0.0,False
15176,4703.03,2,2351.515,2.5,68,208,2,0.9949032857540778,False
15178,4445.0581999999995,2,2222.5290999999997,2.0,78,439,3,0.9829091101664317,True
15179,4444.8896,2,2222.4448,2.5,71,450,3,0.9823437684481523,True
15184,4441.3796,2,2220.6898,2.5,90,439,2,0.9887489914169914,True
15186,59.48,1,59.48,2.0,274,274,2,0.0,False
15187,4725.32,2,2362.66,3.0,65,193,2,0.9902101868233264,False
15188,1631.46,2,815.73,2.0,76,718,2,0.951589373935003,True
15189,1552.48,2,776.24,1.0,76,706,1,1.0,True
15192,4384.0782,2,2192.0391,2.0,83,457,2,0.9908783561388116,True
15193,3209.9300000000003,2,1604.9650000000001,3.5,125,715,2,0.9666815164193614,True
15195,3154.95,2,1577.475,2.0,127,720,2,0.975603416852882,True
15197,156.92000000000002,2,78.46000000000001,4.0,5,177,1,0.0,False
15199,3080.2700000000004,2,1540.1350000000002,1.5,133,729,2,0.9992565586782977,True
15203,3211.45,2,1605.725,3.0,133,700,3,0.9584393342571115,True
15204,4444.0682,2,2222.0341,2.5,76,449,2,0.9831280717069104,True
15208,2951.5582,2,1475.7791,2.5,107,451,2,0.9549492197036809,True
15209,2916.5582,2,1458.2791,2.5,93,435,3,0.966409036514341,True
15210,2926.3896000000004,2,1463.1948000000002,2.0,89,454,3,0.9707899453989312,True
15211,2910.8996,2,1455.4498,1.5,41,451,2,0.9759558866269383,True
15213,2818.5882,2,1409.2941,1.0,37,452,1,1.0,True
15214,4490.8796,2,2245.4398,3.0,87,413,3,0.9778506642663055,True
15215,4468.5581999999995,2,2234.2790999999997,3.0,79,410,3,0.9777400236165662,True
15216,101.74,2,50.87,3.0,267,322,2,0.0,False
15218,4399.0782,2,2199.5391,1.5,91,399,2,0.9874996539047658,True
15220,4384.0782,2,2192.0391,2.0,67,401,2,0.9908783561388116,True
15222,123.44999999999999,2,61.724999999999994,2.5,65,195,2,0.0,False
15223,4366.4096,2,2183.2048,1.0,82,421,1,1.0,True
15224,71.92,2,35.96,2.0,35,239,1,0.0,False
15225,4401.4096,2,2200.7048,1.5,67,427,2,0.9920480020764257,True
15228,4375.0581999999995,2,2187.5290999999997,2.0,78,406,3,0.9929212370249156,True
15231,59.48,1,59.48,2.0,90,90,2,0.0,False
15232,39.97,2,19.985,1.5,133,191,1,0.0,False
15234,59.980000000000004,2,29.990000000000002,1.0,154,280,1,0.0,False
15235,190.89,2,95.445,3.5,125,189,2,0.0,False
15237,66.26,2,33.13,2.0,71,209,1,0.0,False
15238,98.96000000000001,2,49.480000000000004,2.0,78,202,1,0.0,False
15239,123.44999999999999,2,61.724999999999994,2.5,147,164,2,0.0,False
15241,51.91,2,25.955,2.5,146,158,1,0.0,False
15242,37.27,2,18.635,1.5,129,140,1,0.0,False
15244,179.19,4,44.7975,3.0,64,293,1,0.0,False
15246,21.98,1,21.98,1.0,217,217,1,0.0,False
15247,7.28,1,7.28,2.0,235,235,1,0.0,False
15249,46.47,1,46.47,2.0,117,117,2,0.0,False
15250,56.97,1,56.97,2.0,239,239,1,0.0,False
15251,75.25,2,37.625,2.5,134,238,1,0.0,False
15256,1631.46,2,815.73,2.0,43,685,2,0.951589373935003,True
15260,45.95,1,45.95,4.0,270,270,2,0.0,False
15261,70.74,2,35.37,3.0,155,266,2,0.0,False
15262,3772.4096,2,1886.2048,1.0,108,415,1,1.0,True
15265,2897.5681999999997,2,1448.7840999999999,2.0,62,425,2,0.9727426605523902,True
15267,2853.5782,2,1426.7891,1.5,5,405,2,0.9877382018127276,True
15268,2840.9096,2,1420.4548,1.0,18,426,1,1.0,True
15269,7.28,1,7.28,2.0,247,247,1,0.0,False
15270,39.98,1,39.98,2.0,146,146,1,0.0,False
15271,39.98,1,39.98,2.0,118,118,1,0.0,False
15273,103.48,1,103.48,3.0,268,268,2,0.0,False
15275,13.98,1,13.98,2.0,306,306,2,0.0,False
15276,1346.76,2,673.38,2.0,344,680,2,0.9823428079242033,True
15277,96.44,1,96.44,5.0,191,191,2,0.0,False
15280,3114.9399999999996,2,1557.4699999999998,2.5,133,675,2,0.9881346029136999,True
15281,39.98,1,39.98,2.0,285,285,1,0.0,False
15282,7.28,1,7.28,2.0,85,85,1,0.0,False
15283,865.95,1,865.95,4.0,81,81,3,0.888607887291414,False
15284,1683.93,2,841.965,3.0,44,699,3,0.9219385603914652,True
15285,39.98,1,39.98,2.0,289,289,1,0.0,False
15287,1681.45,2,840.725,2.5,53,674,2,0.9232983436914568,True
15289,1574.46,2,787.23,1.5,61,678,2,0.9860396580414872,True
15290,1676.46,2,838.23,2.0,55,657,2,0.9260465504694415,True
15294,59.98,1,59.98,2.0,252,252,1,0.0,False
15296,7.28,1,7.28,2.0,86,86,1,0.0,False
15298,7.28,1,7.28,2.0,40,40,1,0.0,False
15299,7.28,1,7.28,2.0,35,35,1,0.0,False
15301,15.23,1,15.23,3.0,312,312,1,0.0,False
15302,3134.95,2,1567.475,2.0,143,647,2,0.9818274613630202,True
15303,3077.9799999999996,2,1538.9899999999998,1.0,124,669,1,1.0,True
15304,4843.0,2,2421.5,4.0,72,210,2,0.9713111707619246,False
15307,39.98,1,39.98,2.0,275,275,1,0.0,False
15308,1622.47,2,811.235,1.5,60,661,2,0.9568620683279198,True
15309,1622.47,2,811.235,1.5,60,648,2,0.9568620683279198,True
15310,94.44,3,31.48,2.6666666666666665,107,205,1,0.0,False
15313,7.28,1,7.28,2.0,135,135,1,0.0,False
15315,4.99,1,4.99,1.0,266,266,1,0.0,False
15316,7.28,1,7.28,2.0,61,61,1,0.0,False
15320,3152.96,2,1576.48,2.5,136,652,2,0.97621917182584,True
15323,804.47,1,804.47,3.0,40,40,2,0.9565179559212897,False
15325,1584.76,2,792.38,2.0,47,659,2,0.9796309851333956,True
15326,172.98,1,172.98,3.0,139,139,2,0.0,False
15327,39.98,1,39.98,2.0,35,35,1,0.0,False
15329,3134.95,2,1567.475,2.0,138,647,2,0.9818274613630202,True
15330,39.98,1,39.98,2.0,324,324,1,0.0,False
15333,1631.46,2,815.73,2.0,60,640,2,0.951589373935003,True
15338,1597.7,2,798.85,3.0,51,625,2,0.9716968141703699,True
15344,4.99,1,4.99,1.0,257,257,1,0.0,False
15345,3101.95,2,1550.975,2.5,150,634,3,0.9922726027176456,True
15346,3247.25,2,1623.625,2.5,141,634,2,0.9555716375394565,True
15347,1631.46,2,815.73,2.0,48,619,2,0.951589373935003,True
15348,3198.45,2,1599.225,2.5,140,629,3,0.962334880957964,True
15351,3114.9399999999996,2,1557.4699999999998,2.5,138,622,2,0.9881346029136999,True
15354,8297.29,3,2765.763333333334,2.0,145,849,3,0.9951839697057715,True
15355,35.0,1,35.0,1.0,57,57,1,0.0,False
15357,7232.370000000001,3,2410.7900000000004,2.3333333333333335,168,721,2,0.9882528133931202,True
15367,3177.96,2,1588.98,2.5,146,586,2,0.9764062480333296,True
15372,3105.2700000000004,2,1552.6350000000002,1.5,135,580,2,0.9992625439977845,True
15374,3177.96,2,1588.98,2.5,131,601,2,0.9764062480333296,True
15377,97.91,2,48.955,3.0,201,309,1,0.0,False
15378,170.91,3,56.97,3.0,67,311,2,0.0,False
15379,3184.4399999999996,2,1592.2199999999998,2.5,139,595,3,0.9744193641582195,True
15380,3145.26,2,1572.63,2.5,136,589,2,0.9865575500912485,True
15385,7.28,1,7.28,2.0,260,260,1,0.0,False
15386,4.99,1,4.99,1.0,125,125,1,0.0,False
15389,3152.96,2,1576.48,2.5,130,580,2,0.97621917182584,True
15392,39.98,1,39.98,2.0,202,202,1,0.0,False
15393,7.28,1,7.28,2.0,5,5,1,0.0,False
15395,4780.02,2,2390.01,3.0,47,187,3,0.9788787494612993,False
15396,3147.95,2,1573.975,2.5,126,586,2,0.9777728362902843,True
15397,39.98,1,39.98,2.0,315,315,1,0.0,False
15398,3132.9700000000003,2,1566.4850000000001,1.5,139,609,2,0.9824479647108016,True
15400,4.99,1,4.99,1.0,243,243,1,0.0,False
15401,39.98,1,39.98,2.0,72,72,1,0.0,False
15403,39.98,1,39.98,2.0,191,191,1,0.0,False
15404,3114.9399999999996,2,1557.4699999999998,2.5,141,573,2,0.9881346029136999,True
15407,39.98,1,39.98,2.0,59,59,1,0.0,False
15408,39.98,1,39.98,2.0,121,121,1,0.0,False
15409,1567.46,2,783.73,2.0,40,573,2,0.9904431373049392,True
15414,4.99,1,4.99,1.0,324,324,1,0.0,False
15415,89.97,1,89.97,3.0,126,126,2,0.0,False
15418,232.23,3,77.41,2.6666666666666665,187,257,2,0.0,False
15419,3102.9799999999996,2,1551.4899999999998,1.0,152,564,1,1.0,True
15420,4.99,1,4.99,1.0,303,303,1,0.0,False
15421,4.99,1,4.99,1.0,63,63,1,0.0,False
15427,1574.46,2,787.23,1.5,18,569,2,0.9860396580414872,True
15429,3170.2,2,1585.1,3.0,151,558,2,0.9787962904548609,True
15430,39.98,1,39.98,2.0,330,330,1,0.0,False
15432,1587.47,2,793.735,1.5,26,557,2,0.9779586385884458,True
15434,32.28,2,16.14,1.0,86,243,1,0.0,False
15436,3772.4096,2,1886.2048,1.0,98,424,1,1.0,True
15437,2.29,1,2.29,1.0,47,47,1,0.0,False
15438,3788.6796000000004,2,1894.3398000000002,2.5,72,417,2,0.9957056278921027,True
15439,3804.0782,2,1902.0391,1.5,75,423,2,0.9858073369785091,True
15441,77.27,2,38.635,2.0,211,271,1,0.0,False
15445,64.97,1,64.97,3.0,186,186,1,0.0,False
15447,24.99,1,24.99,1.0,217,217,1,0.0,False
15448,12.94,1,12.94,2.0,114,114,1,0.0,False
15449,49.56,2,24.78,2.5,3,209,1,0.0,False
15450,32.27,1,32.27,3.0,304,304,1,0.0,False
15452,24.99,1,24.99,1.0,285,285,1,0.0,False
15453,6650.6,3,2216.866666666667,1.3333333333333333,16,817,2,0.9984978798905362,True
15457,2781.5425,2,1390.77125,1.5,104,730,2,0.9874206487946886,True
15459,34.92,1,34.92,3.0,184,184,1,0.0,False
15462,3086.8199999999997,2,1543.4099999999999,2.0,74,531,2,0.974575777013237,True
15464,37.269999999999996,2,18.634999999999998,1.5,16,115,1,0.0,False
15465,40.23,2,20.115,1.5,93,303,1,0.0,False
15467,1631.46,2,815.73,2.0,3,556,2,0.951589373935003,True
15470,76.96,1,76.96,3.0,137,137,2,0.0,False
15473,1552.48,2,776.24,1.0,30,579,1,1.0,True
15474,1676.46,2,838.23,2.0,18,558,2,0.9260465504694415,True
15475,1587.46,2,793.73,2.0,3,558,2,0.9779647991130485,True
15478,182.82999999999998,3,60.94333333333333,3.0,129,334,2,0.0,False
15479,85.95,1,85.95,4.0,40,40,2,0.0,False
15480,3077.9799999999996,2,1538.9899999999998,1.0,132,533,1,1.0,True
15481,3152.96,2,1576.48,2.5,135,534,2,0.97621917182584,True
15483,3120.26,2,1560.13,2.5,145,539,2,0.986449847128124,True
15485,39.98,1,39.98,2.0,293,293,1,0.0,False
15486,39.98,1,39.98,2.0,192,192,1,0.0,False
15488,165.3,3,55.1,3.0,74,203,2,0.0,False
15489,1685.45,2,842.725,2.5,27,542,2,0.9211071227268682,True
15493,3099.96,2,1549.98,1.5,139,548,2,0.992909585930141,True
15498,256.52,3,85.50666666666666,3.3333333333333335,97,313,2,0.0,False
15499,3222.9799999999996,2,1611.4899999999998,1.5,125,539,2,0.9627673767755307,True
15504,39.98,1,39.98,2.0,225,225,1,0.0,False
15506,1552.48,2,776.24,1.0,25,525,1,1.0,True
15512,61.96,1,61.96,3.0,68,68,1,0.0,False
15516,7.28,1,7.28,2.0,180,180,1,0.0,False
15518,3114.9399999999996,2,1557.4699999999998,2.5,113,532,2,0.9881346029136999,True
15520,1611.96,2,805.98,2.0,14,541,3,0.9631008213603315,True
15521,3172.95,2,1586.475,2.5,111,514,2,0.9779479664035048,True
15523,1631.46,2,815.73,2.0,4,510,2,0.951589373935003,True
15527,1622.47,2,811.235,1.5,13,504,2,0.9568620683279198,True
15528,1676.46,2,838.23,2.0,30,498,2,0.9260465504694415,True
15529,1587.47,2,793.735,1.5,30,512,2,0.9779586385884458,True
15530,846.46,1,846.46,3.0,14,14,2,0.9090683552678213,False
15531,1622.47,2,811.235,1.5,11,512,2,0.9568620683279198,True
15532,1589.75,2,794.875,2.5,13,490,2,0.9765560622739424,True
15534,3199.4399999999996,2,1599.7199999999998,2.5,116,512,3,0.9698509739204362,True
15541,61.96,1,61.96,3.0,130,130,1,0.0,False
15546,39.98,1,39.98,2.0,12,12,1,0.0,False
15547,1587.47,2,793.735,1.5,5,500,2,0.9779586385884458,True
15548,1337.96,2,668.98,2.0,337,492,2,0.9888038506382851,True
15549,574.98,1,574.98,2.0,353,353,2,0.9826254826254827,False
15554,1357.97,2,678.985,1.5,340,483,2,0.9926434310036304,True
15556,588.96,1,588.96,4.0,302,302,3,0.959301140994295,False
15557,1337.96,2,668.98,2.0,356,481,2,0.9888038506382851,True
15558,1362.96,2,681.48,2.0,329,485,2,0.9890092152374245,True
15563,39.98,1,39.98,2.0,86,86,1,0.0,False
15566,4912.47,2,2456.235,5.0,23,176,3,0.952486223834446,False
15567,4720.27,2,2360.135,3.0,23,161,2,0.9912695672069606,False
15568,3112.9700000000003,2,1556.4850000000001,1.5,93,461,2,0.9967908460409192,True
15569,3077.9799999999996,2,1538.9899999999998,1.0,96,470,1,1.0,True
15570,1344.96,2,672.48,1.5,306,464,2,0.9836575065429455,True
15571,101.85,3,33.949999999999996,1.6666666666666667,87,336,1,0.0,False
15572,104.55,3,34.85,1.6666666666666667,77,180,1,0.0,False
15573,4.99,1,4.99,1.0,86,86,1,0.0,False
15577,143.45,2,71.725,2.5,140,270,2,0.0,False
15578,4509.899600000001,2,2254.9498000000003,2.0,66,415,3,0.9737266878402349,True
15580,2910.8996,2,1455.4498,1.5,17,428,2,0.9759558866269383,True
15582,2907.5582,2,1453.7791,2.5,21,398,3,0.9694004405483614,True
15584,62.27,2,31.135,1.5,4,279,1,0.0,False
15585,4367.0182,2,2183.5091,2.5,77,404,2,0.9947492776650211,True
15586,4469.3696,2,2234.6848,3.0,92,399,3,0.9825568241212365,True
15588,4486.0682,2,2243.0341,2.0,66,423,2,0.9683509046964557,True
15590,4440.048199999999,2,2220.0240999999996,3.0,63,401,3,0.9840181915142274,True
15591,4346.3782,2,2173.1891,1.5,75,424,2,0.9994731245430966,True
15592,59.980000000000004,2,29.990000000000002,1.0,104,331,1,0.0,False
15593,116.26,2,58.13,2.0,167,301,2,0.0,False
15594,34.99,1,34.99,1.0,6,6,1,0.0,False
15598,167.93,2,83.965,3.5,30,102,2,0.0,False
15599,81.24,2,40.62,3.0,1,255,1,0.0,False
15601,4429.5682,2,2214.7841,2.0,75,403,3,0.9807024079683434,True
15602,63.97,2,31.985,1.5,15,191,1,0.0,False
15603,39.97,2,19.985,1.5,136,274,1,0.0,False
15606,115.92999999999999,2,57.964999999999996,3.5,134,306,2,0.0,False
15607,28.98,1,28.98,2.0,44,44,1,0.0,False
15608,39.98,1,39.98,2.0,124,124,1,0.0,False
15612,79.97,2,39.985,2.0,185,236,1,0.0,False
15613,27.28,1,27.28,2.0,221,221,1,0.0,False
15615,70.24000000000001,2,35.120000000000005,3.5,2,279,2,0.0,False
15619,5908.25,2,2954.125,1.5,12,809,2,0.9940777726061016,True
15620,5959.719999999999,2,2979.8599999999997,3.0,23,817,3,0.98549260703523,True
15621,5977.74,2,2988.87,2.0,6,815,3,0.9867040051925979,True
15623,7246.870000000001,3,2415.6233333333334,2.3333333333333335,98,492,3,0.9862754540925945,True
15624,6989.5825,3,2329.8608333333336,2.3333333333333335,98,500,2,0.9851264363787109,True
15625,7169.389999999999,3,2389.7966666666666,1.3333333333333333,157,691,2,0.9969341882642736,True
15628,63.97,1,63.97,3.0,74,74,1,0.0,False
15630,5136.37,3,1712.1233333333332,2.3333333333333335,108,798,3,0.990993639476907,True
15631,5122.389999999999,3,1707.4633333333331,1.6666666666666667,91,798,2,0.9936982541352768,True
15632,5245.0599999999995,3,1748.3533333333332,2.6666666666666665,80,782,3,0.9704579165919934,True
15636,78.96,1,78.96,4.0,202,202,2,0.0,False
15637,6999.5725,3,2333.1908333333336,2.6666666666666665,83,513,3,0.9801487876581035,True
15641,96.75,2,48.375,2.5,250,252,2,0.0,False
15643,3807.3996,2,1903.6998,1.5,66,426,2,0.9908100006103904,True
15644,3803.6796000000004,2,1901.8398000000002,2.5,56,414,2,0.9917790131429578,True
15646,3804.0782,2,1902.0391,1.5,52,410,2,0.9858073369785091,True
15649,3048.31,2,1524.155,2.5,76,689,2,0.9786865509085364,True
15654,24.99,1,24.99,1.0,203,203,1,0.0,False
15656,2992.33,2,1496.165,1.5,78,689,2,0.9969956522175029,True
15658,64.97,1,64.97,3.0,120,120,1,0.0,False
15659,3047.81,2,1523.905,2.5,73,683,3,0.9870497176661277,True
15662,5253.07,3,1751.0233333333333,2.6666666666666665,19,755,3,0.9689781404017082,True
15663,2771.5425,2,1385.77125,1.5,35,499,2,0.9909833603489754,True
15667,3125.3199999999997,2,1562.6599999999999,2.0,46,701,2,0.9545710519242829,True
15668,5913.24,2,2956.62,2.0,8,737,2,0.9974667018419683,True
15669,5898.26,2,2949.13,1.0,15,753,1,1.0,True
15670,114.96,1,114.96,4.0,13,13,2,0.0,False
15674,3053.3199999999997,2,1526.6599999999999,2.0,57,657,2,0.9852684946222474,True
15675,7206.380000000001,3,2402.126666666667,2.3333333333333335,138,661,3,0.9883478251216284,True
15676,7224.68,3,2408.226666666667,2.3333333333333335,87,493,2,0.9893047166102857,True
15678,7223.34,3,2407.78,3.3333333333333335,84,478,3,0.9860272394764751,True
15683,89.98,1,89.98,3.0,292,292,2,0.0,False
15684,6963.0725,3,2321.0241666666666,2.6666666666666665,182,661,3,0.9852866676312793,True
15685,7188.370000000001,3,2396.1233333333334,2.0,161,645,3,0.9908240672085606,True
15686,72.58,2,36.29,1.5,45,307,1,0.0,False
15688,6221.5225,3,2073.840833333333,1.6666666666666667,193,478,3,0.9929309907663277,True
15690,39.98,1,39.98,2.0,70,70,1,0.0,False
15693,6904.6025,3,2301.534166666667,1.6666666666666667,159,642,3,0.993630335707233,True
15694,7.28,1,7.28,2.0,106,106,1,0.0,False
15698,42.28,1,42.28,3.0,49,49,1,0.0,False
15700,6247.532499999999,3,2082.5108333333333,1.6666666666666667,180,459,2,0.9887971771255292,True
15702,6917.5425,3,2305.8475,2.3333333333333335,120,721,2,0.9917716443375665,True
15707,35.0,1,35.0,1.0,109,109,1,0.0,False
15709,94.98,1,94.98,3.0,281,281,1,0.0,False
15710,6316.5025,3,2105.500833333333,2.3333333333333335,161,484,3,0.9819583701581691,True
15713,37.59,2,18.795,1.0,32,52,1,0.0,False
15714,83.97,1,83.97,4.0,82,82,2,0.0,False
15715,39.97,2,19.985,1.5,59,154,1,0.0,False
15720,70.22,2,35.11,2.0,35,323,1,0.0,False
15721,118.96000000000001,2,59.480000000000004,2.0,85,196,1,0.0,False
15722,4448.5682,2,2224.2841,2.0,55,407,3,0.982133577270997,True
15723,4444.0682,2,2222.0341,2.5,34,417,2,0.9831280717069104,True
15724,4359.0682,2,2179.5341,2.0,38,421,2,0.9965634857467934,True
15726,4393.358200000001,2,2196.6791000000003,2.0,42,418,2,0.9944757520568208,True
15727,134.46,2,67.23,2.0,25,235,2,0.0,False
15728,63.97,2,31.985,1.5,57,297,1,0.0,False
15732,4376.399600000001,2,2188.1998000000003,1.5,45,383,2,0.997717301683329,True
15733,4443.548199999999,2,2221.7740999999996,3.0,49,387,3,0.9832431208915435,True
15734,4426.4096,2,2213.2048,1.5,32,370,2,0.9920929143114094,True
15738,166.28,1,166.28,3.0,14,14,1,0.0,False
15739,3140.2700000000004,2,1570.1350000000002,2.0,122,489,2,0.9881252249010436,True
15746,4.99,1,4.99,1.0,27,27,1,0.0,False
15747,39.98,1,39.98,2.0,116,116,1,0.0,False
15751,4446.399600000001,2,2223.1998000000003,1.5,36,374,2,0.9876326905031209,True
15752,4408.6896,2,2204.3448,2.5,36,387,2,0.9904098487677608,True
15756,4441.3896,2,2220.6948,2.5,54,370,2,0.9831178962548118,True
15760,109.23,3,36.410000000000004,2.3333333333333335,183,282,2,0.0,False
15761,192.41,3,64.13666666666667,3.3333333333333335,22,88,2,0.0,False
15763,1387.95,2,693.975,2.5,282,478,2,0.9531899564105335,True
15765,4369.0882,2,2184.5441,1.0,46,373,1,1.0,True
15769,3159.95,2,1579.975,2.0,115,451,2,0.9819712337220526,True
15770,3179.9300000000003,2,1589.9650000000001,3.5,113,444,2,0.9758013541178582,True
15771,3174.95,2,1587.475,2.0,96,433,3,0.9773319264870314,True
15773,64.47,1,64.47,3.0,156,156,2,0.0,False
15778,3177.96,2,1588.98,2.5,100,435,2,0.9764062480333296,True
15782,7.28,1,7.28,2.0,15,15,1,0.0,False
15783,98.96000000000001,2,49.480000000000004,2.0,68,173,1,0.0,False
15791,42.26,2,21.13,2.0,28,294,1,0.0,False
15792,2645.3996,2,1322.6998,1.5,279,392,2,0.9966016476300973,True
15794,113.97,2,56.985,1.5,3,282,2,0.0,False
15797,4415.6796,2,2207.8398,2.0,57,396,2,0.994503677304848,True
15801,4381.3782,2,2190.6891,2.0,33,369,2,0.9914889794266105,True
15804,98.96000000000001,2,49.480000000000004,2.0,16,18,1,0.0,False
15805,127.47,2,63.735,2.0,13,21,2,0.0,False
15806,102.85,2,51.425,3.0,238,307,1,0.0,False
15807,70.57,2,35.285,2.0,17,274,2,0.0,False
15809,62.59,2,31.295,1.0,163,311,1,0.0,False
15810,67.17,2,33.585,2.0,79,267,1,0.0,False
15811,71.16,2,35.58,2.5,166,268,1,0.0,False
15814,93.97,1,93.97,3.0,81,81,2,0.0,False
15817,64.47,1,64.47,3.0,231,231,2,0.0,False
15819,30.97,1,30.97,2.0,111,111,2,0.0,False
15820,71.97,1,71.97,2.0,331,331,2,0.0,False
15822,43.21,2,21.605,2.5,80,191,1,0.0,False
15823,67.96,2,33.98,2.0,46,229,1,0.0,False
15826,160.74,3,53.580000000000005,2.3333333333333335,83,317,2,0.0,False
15828,172.25,2,86.125,3.0,47,242,1,0.0,False
15829,187.98000000000002,2,93.99000000000001,1.5,202,241,1,0.0,False
15833,2611.4096,2,1305.7048,1.0,241,385,1,1.0,True
15836,7.28,1,7.28,2.0,77,77,1,0.0,False
15837,39.98,1,39.98,2.0,168,168,1,0.0,False
15838,56.97,1,56.97,2.0,245,245,1,0.0,False
15841,3105.2700000000004,2,1552.6350000000002,1.5,119,444,2,0.9992625439977845,True
15842,3152.96,2,1576.48,2.5,107,442,2,0.97621917182584,True
15846,4943.32,2,2471.66,4.0,15,172,3,0.9465420001132842,False
15847,205.46,2,102.73,2.0,146,230,2,0.0,False
15850,4813.04,2,2406.52,2.0,19,178,3,0.9773573458770342,False
15851,3198.46,2,1599.23,2.5,116,458,3,0.9623318722135027,True
15853,59.98,1,59.98,2.0,186,186,1,0.0,False
15854,41.95,1,41.95,4.0,200,200,1,0.0,False
15855,29.26,1,29.26,3.0,91,91,1,0.0,False
15856,116.25,2,58.125,2.5,258,336,2,0.0,False
15857,4.99,1,4.99,1.0,68,68,1,0.0,False
15858,7.28,1,7.28,2.0,161,161,1,0.0,False
15862,1379.95,2,689.975,2.0,301,441,2,0.9587158955034603,True
15863,243.01,3,81.00333333333333,3.0,169,268,2,0.0,False
15864,103.55,3,34.516666666666666,1.6666666666666667,83,236,1,0.0,False
15867,7.28,1,7.28,2.0,17,17,1,0.0,False
15868,74.46,1,74.46,4.0,225,225,2,0.0,False
15871,39.98,1,39.98,2.0,276,276,1,0.0,False
15872,235.54,3,78.51333333333334,2.6666666666666665,15,58,2,0.0,False
15879,196.93,3,65.64333333333333,2.0,137,268,2,0.0,False
15880,132.94,1,132.94,3.0,289,289,1,0.0,False
15883,89.95,1,89.95,4.0,270,270,2,0.0,False
15887,39.98,1,39.98,2.0,5,5,1,0.0,False
15888,3178.95,2,1589.475,2.0,106,398,3,0.9761021721008509,True
15889,4848.03,2,2424.015,3.0,22,164,2,0.9651466678217752,False
15891,39.98,1,39.98,2.0,4,4,1,0.0,False
15893,1428.94,2,714.47,2.5,190,415,3,0.943342617604658,True
15895,61.96,1,61.96,3.0,189,189,1,0.0,False
15896,7.28,1,7.28,2.0,117,117,1,0.0,False
15898,7.28,1,7.28,2.0,55,55,1,0.0,False
15899,3133.95,2,1566.975,2.0,123,405,3,0.9901179023277334,True
15902,1397.95,2,698.975,2.5,208,423,2,0.9642548016738796,True
15903,1372.95,2,686.475,2.5,208,398,2,0.9636039185695036,True
15904,1394.95,2,697.475,2.0,213,410,3,0.9484067529302125,True
15906,4761.03,2,2380.515,2.0,4,172,2,0.9880341018645125,False
15907,4.99,1,4.99,1.0,90,90,1,0.0,False
15912,93.97,1,93.97,3.0,207,207,2,0.0,False
15914,3080.2700000000004,2,1540.1350000000002,1.5,114,409,2,0.9992565586782977,True
15915,3102.9799999999996,2,1551.4899999999998,1.0,93,428,1,1.0,True
15916,4793.27,2,2396.635,4.0,25,148,2,0.9761728423393633,False
15917,4679.0599999999995,2,2339.5299999999997,1.0,6,134,1,1.0,False
15918,3149.95,2,1574.975,2.0,96,423,3,0.9771520182860046,True
15921,6549.290000000001,3,2183.096666666667,2.3333333333333335,94,484,2,0.9870276014651971,True
15922,148.2,2,74.1,3.0,92,317,2,0.0,False
15925,5905.8099999999995,3,1968.6033333333332,1.3333333333333333,133,472,2,0.9962782412573382,True
15926,6978.5625,3,2326.1875,3.0,174,669,3,0.9866820709852496,True
15928,6960.0825,3,2320.0275,2.3333333333333335,160,648,3,0.9893018509478876,True
15930,83.97,1,83.97,4.0,115,115,2,0.0,False
15932,7186.389999999999,3,2395.463333333333,1.6666666666666667,131,664,3,0.9910970598589836,True
15935,7.28,1,7.28,2.0,256,256,1,0.0,False
15936,39.98,1,39.98,2.0,59,59,1,0.0,False
15937,3145.26,2,1572.63,2.5,93,427,2,0.9865575500912485,True
15940,7.28,1,7.28,2.0,306,306,1,0.0,False
15941,3105.2700000000004,2,1552.6350000000002,1.5,112,401,2,0.9992625439977845,True
15944,3234.9399999999996,2,1617.4699999999998,3.0,122,420,2,0.9514797801504821,True
15945,7.28,1,7.28,2.0,152,152,1,0.0,False
15946,103.48,1,103.48,3.0,252,252,2,0.0,False
15947,7.28,1,7.28,2.0,122,122,1,0.0,False
15948,3092.96,2,1546.48,2.0,109,426,2,0.9951567430551964,True
15951,39.98,1,39.98,2.0,253,253,1,0.0,False
15954,3117.96,2,1558.98,2.0,107,379,2,0.9951955765949533,True
15955,39.98,1,39.98,2.0,204,204,1,0.0,False
15956,4.99,1,4.99,1.0,33,33,1,0.0,False
15959,3117.9700000000003,2,1558.9850000000001,2.0,112,368,2,0.987174347411938,True
15960,4.99,1,4.99,1.0,5,5,1,0.0,False
15963,89.97,1,89.97,3.0,271,271,2,0.0,False
15964,3117.96,2,1558.98,2.0,100,388,2,0.9951955765949533,True
15965,3108.95,2,1554.475,2.0,105,379,3,0.9900384374145612,True
15966,4.99,1,4.99,1.0,122,122,1,0.0,False
15968,3099.96,2,1549.98,1.5,97,379,2,0.992909585930141,True
15971,39.98,1,39.98,2.0,194,194,1,0.0,False
15972,3148.9399999999996,2,1574.4699999999998,3.0,93,395,3,0.9774654328123116,True
15973,39.98,1,39.98,2.0,27,27,1,0.0,False
15975,166.28,1,166.28,3.0,103,103,1,0.0,False
15977,39.98,1,39.98,2.0,63,63,1,0.0,False
15978,7.28,1,7.28,2.0,37,37,1,0.0,False
15979,4.99,1,4.99,1.0,187,187,1,0.0,False
15980,3077.9799999999996,2,1538.9899999999998,1.0,108,382,1,1.0,True
15981,124.99,1,124.99,2.0,240,240,1,0.0,False
15982,4.99,1,4.99,1.0,90,90,1,0.0,False
15983,3134.95,2,1567.475,2.0,122,385,2,0.9818274613630202,True
15985,3179.95,2,1589.975,2.0,119,370,2,0.9757952169059263,True
15986,1422.94,2,711.47,3.0,169,390,3,0.9297510787524421,True
15989,3140.92,2,1570.46,2.0,114,394,2,0.9799612852285319,True
15992,3194.9300000000003,2,1597.4650000000001,3.0,121,369,2,0.9712200267298503,True
15994,1391.95,2,695.975,2.5,152,380,3,0.9504508064226445,True
15995,608.96,1,608.96,4.0,138,138,3,0.8867413294797688,False
15997,4746.34,2,2373.17,2.5,11,143,2,0.9910920835844038,False
15998,2371.96,1,2371.96,3.0,113,113,2,0.9675500430024115,False
15999,2354.98,1,2354.98,2.0,115,115,2,0.9851421243492514,False
16000,4813.95,2,2406.975,4.0,25,143,2,0.9719793516758588,False
16002,61.96,1,61.96,3.0,302,302,1,0.0,False
16003,4.99,1,4.99,1.0,271,271,1,0.0,False
16007,2329.99,1,2329.99,2.0,123,123,2,0.9849784763024734,False
16009,170.45,2,85.225,2.0,89,151,2,0.0,False
16010,7.28,1,7.28,2.0,154,154,1,0.0,False
16011,3657.26,2,1828.63,3.0,76,124,3,0.9665268534367261,False
16012,94.25999999999999,2,47.129999999999995,1.5,191,247,2,0.0,False
16014,7.28,1,7.28,2.0,150,150,1,0.0,False
16016,117.93,2,58.965,3.5,77,180,1,0.0,False
16017,59.98,1,59.98,2.0,152,152,1,0.0,False
16018,89.97,1,89.97,3.0,329,329,2,0.0,False
16020,595.96,1,595.96,3.0,238,238,3,0.9480334250620847,False
16021,539.99,1,539.99,1.0,186,186,1,1.0,False
16023,166.89,2,83.445,3.5,143,262,1,0.0,False
16025,3831.8896000000004,2,1915.9448000000002,2.0,24,392,3,0.9844776321321993,True
16026,3804.0782,2,1902.0391,1.5,11,390,2,0.9858073369785091,True
16028,3807.3996,2,1903.6998,1.5,15,386,2,0.9908100006103904,True
16029,3807.3996,2,1903.6998,1.5,24,375,2,0.9908100006103904,True
16030,37.27,1,37.27,3.0,62,62,1,0.0,False
16036,61.959999999999994,2,30.979999999999997,1.5,187,256,1,0.0,False
16037,39.98,1,39.98,2.0,200,200,1,0.0,False
16038,84.25,2,42.125,2.0,20,130,1,0.0,False
16045,3802.3725,3,1267.4575,2.0,12,710,2,0.9713415768707565,True
16046,3963.14,3,1321.0466666666666,1.3333333333333333,30,727,2,0.9979940148468134,True
16047,4.99,1,4.99,1.0,32,32,1,0.0,False
16049,39.98,1,39.98,2.0,178,178,1,0.0,False
16056,27.28,1,27.28,2.0,96,96,1,0.0,False
16057,39.98,1,39.98,2.0,321,321,1,0.0,False
16061,592.27,1,592.27,3.0,140,140,2,0.953939926047242,False
16064,7.28,1,7.28,2.0,124,124,1,0.0,False
16065,572.26,1,572.26,4.0,111,111,2,0.9436095481075036,False
16067,664.89,1,664.89,6.0,120,120,2,0.8497495826377295,False
16068,563.96,1,563.96,4.0,103,103,3,0.9574969856018157,False
16069,579.97,1,579.97,3.0,109,109,2,0.9741710778143696,False
16077,2401.45,1,2401.45,4.0,102,102,3,0.9660788273751277,False
16078,2383.95,1,2383.95,6.0,110,110,3,0.9731705782419937,False
16080,567.27,1,567.27,3.0,113,113,2,0.9519100252084546,False
16081,2319.99,1,2319.99,1.0,65,65,1,1.0,False
16083,561.97,1,561.97,2.0,195,195,2,0.9608875918643344,False
16085,143.53,3,47.843333333333334,2.3333333333333335,181,326,1,0.0,False
16086,2406.95,1,2406.95,4.0,63,63,2,0.9638712893911383,False
16087,2369.97,1,2369.97,4.0,77,77,2,0.968362468723233,False
16088,7.28,1,7.28,2.0,223,223,1,0.0,False
16089,342.03,3,114.00999999999999,2.6666666666666665,58,224,2,0.0,False
16091,39.98,1,39.98,2.0,187,187,1,0.0,False
16092,7.28,1,7.28,2.0,97,97,1,0.0,False
16093,554.97,1,554.97,3.0,93,93,2,0.9730075499576554,False
16095,2329.99,1,2329.99,2.0,84,84,2,0.9849784763024734,False
16096,212.01,3,70.67,3.0,66,304,2,0.0,False
16097,103.55,3,34.516666666666666,1.6666666666666667,166,334,1,0.0,False
16098,3101.29,2,1550.645,3.5,136,341,2,0.9793795485104587,False
16100,2369.96,1,2369.96,4.0,85,85,2,0.9789152559536872,False
16102,563.96,1,563.96,4.0,101,101,3,0.9574969856018157,False
16103,3142.32,2,1571.16,2.0,147,306,3,0.9665915629216629,False
16104,2414.97,1,2414.97,4.0,63,63,2,0.9606703188859491,False
16106,133.54,2,66.77,3.0,27,209,2,0.0,False
16108,633.96,1,633.96,4.0,72,72,3,0.8912076471701684,False
16110,650.47,1,650.47,3.0,67,67,3,0.8685873291619906,False
16111,2340.94,1,2340.94,5.0,86,86,3,0.9803711329636815,False
16112,2373.47,1,2373.47,4.0,90,90,3,0.966934488323004,False
16113,2391.95,1,2391.95,5.0,79,79,2,0.9594640356194738,False
16114,2319.99,1,2319.99,1.0,74,74,1,1.0,False
16117,86.45,1,86.45,4.0,39,39,2,0.0,False
16120,7.28,1,7.28,2.0,61,61,1,0.0,False
16122,569.97,1,569.97,3.0,85,85,2,0.947400740389845,False
16124,614.45,1,614.45,5.0,42,42,3,0.8788184555293351,False
16126,579.97,1,579.97,3.0,92,92,2,0.9741710778143696,False
16128,539.99,1,539.99,1.0,17,17,1,1.0,False
16129,564.99,1,564.99,1.0,48,48,1,1.0,False
16133,107.85,2,53.925,3.0,7,326,2,0.0,False
16134,13.98,1,13.98,2.0,248,248,2,0.0,False
16135,579.97,1,579.97,3.0,56,56,2,0.9741710778143696,False
16136,564.99,1,564.99,1.0,33,33,1,1.0,False
16137,554.97,1,554.97,3.0,51,51,2,0.9730075499576554,False
16138,564.99,1,564.99,1.0,55,55,1,1.0,False
16139,654.95,1,654.95,5.0,51,51,3,0.8244751507748682,False
16148,2319.99,1,2319.99,1.0,92,92,1,1.0,False
16152,64.47,1,64.47,3.0,71,71,2,0.0,False
16154,4.99,1,4.99,1.0,172,172,1,0.0,False
16155,4489.5682,2,2244.7841,2.5,42,390,3,0.9731644571074787,True
16157,4391.4096,2,2195.7048,1.0,57,378,1,1.0,True
16158,4369.0882,2,2184.5441,1.0,55,389,1,1.0,True
16160,2644.0681999999997,2,1322.0340999999999,2.0,195,386,2,0.9886614119862719,True
16161,2700.0482,2,1350.0241,2.5,157,380,3,0.9589044373356003,True
16165,81.81,2,40.905,3.0,100,174,1,0.0,False
16167,102.57,2,51.285,2.0,12,136,1,0.0,False
16168,80.11,2,40.055,3.0,276,312,1,0.0,False
16169,4404.0782,2,2202.0391,1.5,31,381,2,0.9920550911198626,True
16170,32.28,1,32.28,2.0,134,134,1,0.0,False
16171,103.86,2,51.93,2.5,234,268,1,0.0,False
16172,186.04,2,93.02,3.5,68,150,2,0.0,False
16177,133.34,2,66.67,3.5,169,210,2,0.0,False
16178,108.85,2,54.425,3.0,41,255,1,0.0,False
16180,4386.3682,2,2193.1841,2.5,26,369,2,0.9903610462979374,True
16185,28.979999999999997,2,14.489999999999998,1.0,224,247,1,0.0,False
16187,34.92,2,17.46,1.5,37,144,1,0.0,False
16188,39.98,1,39.98,2.0,32,32,1,0.0,False
16190,79.25,2,39.625,2.0,27,287,2,0.0,False
16192,101.45,2,50.725,2.0,246,336,2,0.0,False
16195,92.48,1,92.48,3.0,222,222,2,0.0,False
16197,2756.5425,2,1378.27125,1.5,60,652,2,0.9873065624781769,True
16199,6917.5925,3,2305.8641666666667,1.6666666666666667,133,650,2,0.9917644758635321,True
16200,96.94999999999999,2,48.474999999999994,2.0,250,282,1,0.0,False
16202,31.27,1,31.27,3.0,82,82,1,0.0,False
16208,119.96,1,119.96,4.0,301,301,2,0.0,False
16212,39.98,1,39.98,2.0,14,14,1,0.0,False
16215,617.91,1,617.91,5.0,8,8,2,0.8738974931624346,False
16216,614.47,1,614.47,3.0,25,25,3,0.9194753201946393,False
16218,574.98,1,574.98,2.0,352,352,2,0.9391457094159796,False
16219,553.97,1,553.97,3.0,204,204,2,0.9747639763886131,False
16220,562.96,1,562.96,4.0,159,159,3,0.9591978115674292,False
16223,562.96,1,562.96,4.0,319,319,3,0.9591978115674292,False
16229,572.26,1,572.26,4.0,23,23,2,0.9436095481075036,False
16230,618.98,1,618.98,2.0,12,12,2,0.9127758570551553,False
16231,2525.94,1,2525.94,3.0,353,353,3,0.9673032613601275,False
16232,2475.95,1,2475.95,2.0,316,316,2,0.9868333366990448,False
16234,13.98,1,13.98,2.0,211,211,2,0.0,False
16235,2443.35,1,2443.35,1.0,315,315,1,1.0,False
16236,98.96,1,98.96,4.0,96,96,2,0.0,False
16237,2514.93,1,2514.93,4.0,303,303,2,0.9715379752120339,False
16247,95.82000000000001,3,31.94,2.6666666666666665,161,171,2,0.0,False
16249,13.98,1,13.98,2.0,245,245,2,0.0,False
16251,26.97,2,13.485,1.0,12,243,1,0.0,False
16252,2781.5425,2,1390.77125,1.5,58,628,2,0.9874206487946886,True
16253,2721.5525,2,1360.77625,1.0,43,638,1,1.0,True
16256,81.96,2,40.98,1.5,117,203,1,0.0,False
16258,63.97,1,63.97,3.0,11,11,1,0.0,False
16260,3001.0225,2,1500.51125,2.5,145,697,2,0.9833490085462541,True
16261,7170.870000000001,3,2390.2900000000004,2.3333333333333335,48,461,3,0.9932421031199842,True
16262,6949.5725,3,2316.5241666666666,2.6666666666666665,17,487,2,0.9907979951284774,True
16263,7243.360000000001,3,2414.4533333333334,2.3333333333333335,102,619,3,0.9833019482671027,True
16265,27.28,1,27.28,2.0,89,89,1,0.0,False
16267,3037.33,2,1518.665,1.5,38,627,2,0.9822245195615887,True
16268,2778.8225,2,1389.41125,2.5,15,436,2,0.988387167586271,True
16270,2771.5225,2,1385.76125,2.5,28,613,2,0.9819701986904312,True
16272,3021.0425,2,1510.52125,1.5,138,675,2,0.9768325007013308,True
16275,3282.83,2,1641.415,1.5,142,695,2,0.9786799803827796,True
16277,3010.0325000000003,2,1505.0162500000001,2.0,146,671,2,0.9804055271828461,True
16279,48.97,1,48.97,3.0,94,94,2,0.0,False
16281,63.97,1,63.97,3.0,186,186,1,0.0,False
16290,2822.0125,2,1411.00625,3.0,30,619,3,0.9644012916314156,True
16294,13.98,1,13.98,2.0,178,178,2,0.0,False
16297,6889.612499999999,3,2296.5375,1.3333333333333333,67,593,2,0.9957922161805182,True
16299,4.99,1,4.99,1.0,250,250,1,0.0,False
16306,29.26,2,14.63,1.5,68,276,1,0.0,False
16307,6917.592500000001,3,2305.8641666666667,1.6666666666666667,70,605,2,0.9917644758635321,True
16308,4551.5225,2,2275.76125,2.5,7,693,2,0.9890212560742039,True
16310,6010.16,3,2003.3866666666665,1.6666666666666667,70,437,2,0.9905210510202724,True
16311,2988.3225,2,1494.16125,2.5,360,699,2,0.9875281198732735,True
16315,28.98,1,28.98,2.0,69,69,1,0.0,False
16317,3001.0425,2,1500.52125,1.5,106,682,2,0.9833424551634974,True
16320,49.48,1,49.48,2.0,304,304,2,0.0,False
16321,89.97,1,89.97,3.0,156,156,2,0.0,False
16324,3282.81,2,1641.405,2.5,324,672,2,0.9786859428355588,True
16328,3001.0425,2,1500.52125,1.5,103,687,2,0.9833424551634974,True
16329,3272.09,2,1636.045,3.0,102,700,2,0.9818923073631839,True
16331,88.85,2,44.425,3.0,274,296,1,0.0,False
16338,169.43,2,84.715,3.0,244,336,2,0.0,False
16339,3169.5882,2,1584.7941,1.0,357,372,1,1.0,True
16340,608.96,1,608.96,4.0,277,277,2,0.8867413294797688,False
16341,88.25,2,44.125,2.0,83,104,1,0.0,False
16343,58.25,2,29.125,2.0,60,206,1,0.0,False
16346,37.55,2,18.775,2.5,7,258,1,0.0,False
16348,5918.24,2,2959.12,2.0,7,1079,2,0.9923997674984456,True
16349,5898.26,2,2949.13,1.0,12,1070,1,1.0,True
16350,5903.1900000000005,2,2951.5950000000003,2.0,7,1072,2,0.9949298599570742,True
16351,5873.26,2,2936.63,1.0,27,1095,1,1.0,True
16352,5948.49,2,2974.245,3.0,29,1082,2,0.9915558402216361,True
16353,106.96,1,106.96,3.0,204,204,2,0.0,False
16355,89.97,1,89.97,3.0,285,285,2,0.0,False
16361,2514.93,1,2514.93,4.0,294,294,2,0.9715379752120339,False
16362,2482.23,1,2482.23,4.0,256,256,2,0.9843366650149262,False
16363,2481.82,1,2481.82,4.0,286,286,3,0.9844992787551073,False
16365,2490.18,1,2490.18,5.0,44,44,2,0.9811941305447801,False
16366,2563.35,1,2563.35,2.0,49,49,2,0.9531862601673591,False
16367,39.98,1,39.98,2.0,63,63,1,0.0,False
16369,26.97,1,26.97,2.0,119,119,1,0.0,False
16370,21.98,1,21.98,1.0,21,21,1,0.0,False
16371,54.98,1,54.98,2.0,198,198,2,0.0,False
16375,2478.34,1,2478.34,2.0,229,229,2,0.9858816788656924,False
16376,7.28,1,7.28,2.0,58,58,1,0.0,False
16378,13.98,1,13.98,2.0,16,16,2,0.0,False
16379,58.98,1,58.98,2.0,27,27,2,0.0,False
16380,195.95,2,97.975,2.0,28,158,2,0.0,False
16381,4.99,1,4.99,1.0,305,305,1,0.0,False
16382,59.98,1,59.98,2.0,267,267,1,0.0,False
16383,58.98,1,58.98,2.0,302,302,2,0.0,False
16386,129.95,2,64.975,2.5,127,139,2,0.0,False
16387,94.96,2,47.48,2.0,11,108,2,0.0,False
16389,4638.8925,2,2319.44625,2.0,259,607,2,0.9969863496513447,True
16391,4624.9125,2,2312.45625,1.0,346,455,1,1.0,True
16394,4659.9025,2,2329.95125,1.5,354,451,2,0.9924912592055306,True
16396,32.27,1,32.27,3.0,270,270,1,0.0,False
16398,53.47,1,53.47,3.0,294,294,2,0.0,False
16401,102.25,2,51.125,2.5,52,67,1,0.0,False
16402,4.99,1,4.99,1.0,24,24,1,0.0,False
16407,3250.1099999999997,2,1625.0549999999998,2.5,75,678,2,0.9885326958164494,True
16409,4925.17,2,2462.585,2.5,233,589,3,0.9921891021020596,True
16411,4659.9025,2,2329.95125,1.5,242,568,2,0.9924912592055306,True
16413,37.93,1,37.93,3.0,300,300,1,0.0,False
16414,4919.299999999999,2,2459.6499999999996,1.5,216,566,2,0.9933730408797999,True
16416,4971.68,2,2485.84,2.0,255,417,3,0.9829071863032215,True
16417,3001.0425,2,1500.52125,1.5,80,680,2,0.9833424551634974,True
16421,31.27,1,31.27,3.0,61,61,1,0.0,False
16422,4632.8625,2,2316.43125,1.5,182,568,2,0.9982839982839983,True
16423,83.97,1,83.97,3.0,90,90,1,0.0,False
16424,5738.3825,3,1912.7941666666666,1.3333333333333333,86,427,2,0.9961696523366995,True
16425,5718.6925,3,1906.2308333333333,1.3333333333333333,89,412,2,0.9995995588152362,True
16426,5768.362499999999,3,1922.7874999999997,2.3333333333333335,58,399,3,0.9866582587346063,True
16427,2975.0225,2,1487.51125,2.5,333,665,3,0.991942918078771,True
16431,4769.4025,2,2384.70125,2.0,237,424,3,0.9697048005489157,True
16432,4633.9025,2,2316.95125,1.5,195,413,2,0.9980599505492401,True
16435,6.28,1,6.28,2.0,13,13,1,0.0,False
16436,4696.4925,2,2348.24625,2.5,181,390,2,0.9847588386439454,True
16437,47.26,2,23.63,2.0,201,285,1,0.0,False
16441,24.99,1,24.99,1.0,318,318,1,0.0,False
16446,3093.0325000000003,2,1546.5162500000001,2.0,57,661,2,0.9540968289211316,True
16448,6906.8925,3,2302.2975,2.0,75,567,3,0.9933008947221923,True
16450,37.97,1,37.97,3.0,79,79,2,0.0,False
16452,3071.0125,2,1535.50625,3.0,52,666,3,0.9609379642707416,True
16453,14.56,2,7.28,2.0,66,264,1,0.0,False
16455,28.98,1,28.98,2.0,278,278,1,0.0,False
16458,24.99,1,24.99,1.0,278,278,1,0.0,False
16459,47.26,2,23.63,2.0,270,319,1,0.0,False
16464,44.97,2,22.485,1.5,114,243,1,0.0,False
16465,3271.79,2,1635.895,3.5,59,647,3,0.9819823399423561,True
16472,27.28,1,27.28,2.0,59,59,1,0.0,False
16473,24.99,1,24.99,1.0,86,86,1,0.0,False
16474,24.99,1,24.99,1.0,277,277,1,0.0,False
16475,4673.8825,2,2336.94125,2.5,112,577,2,0.9895226292060189,True
16476,4715.4925,2,2357.74625,2.5,137,391,3,0.9807909778246917,True
16477,39.98,1,39.98,2.0,318,318,1,0.0,False
16479,158.51,3,52.836666666666666,3.0,38,218,1,0.0,False
16481,194.91,2,97.455,4.0,9,91,2,0.0,False
16484,4175.53,2,2087.765,2.5,58,1076,2,0.9922716397678859,True
16485,39.98,1,39.98,2.0,79,79,1,0.0,False
16487,73.24,2,36.62,2.5,166,205,1,0.0,False
16488,119.95,1,119.95,4.0,286,286,2,0.0,False
16489,112.72999999999999,2,56.364999999999995,3.0,235,289,2,0.0,False
16492,38.98,1,38.98,2.0,61,61,1,0.0,False
16494,5961.2,2,2980.6,2.0,14,1071,2,0.9894417231429914,True
16495,6002.23,2,3001.115,3.0,25,1077,3,0.9785129860068675,True
16496,5960.23,2,2980.115,2.5,5,1071,2,0.9896027502294376,True
16498,39.98,1,39.98,2.0,114,114,1,0.0,False
16500,588.96,1,588.96,4.0,254,254,2,0.9168534365661505,False
16501,4.99,1,4.99,1.0,119,119,1,0.0,False
16504,588.96,1,588.96,4.0,269,269,2,0.9168534365661505,False
16505,39.98,1,39.98,2.0,19,19,1,0.0,False
16511,47.26,2,23.63,2.0,168,331,1,0.0,False
16513,4669.452499999999,2,2334.7262499999997,2.5,145,397,2,0.9904614084841853,True
16515,4733.75,2,2366.875,1.5,287,1078,2,0.9926083971481384,True
16516,4733.75,2,2366.875,1.5,292,1077,2,0.9926083971481384,True
16522,4698.76,2,2349.38,1.0,266,1088,1,1.0,True
16523,4698.76,2,2349.38,1.0,268,1073,1,1.0,True
16524,4733.75,2,2366.875,1.5,246,1079,2,0.9926083971481384,True
16529,4752.75,2,2376.375,1.5,195,1093,2,0.9886402609015833,True
16530,3001.0425,2,1500.52125,1.5,29,637,2,0.9833424551634974,True
16532,4921.6900000000005,2,2460.8450000000003,1.5,100,373,2,0.9928906534137665,True
16533,4702.3925,2,2351.19625,2.5,97,383,3,0.9835232809681456,True
16536,27.28,1,27.28,2.0,213,213,1,0.0,False
16537,24.99,1,24.99,1.0,218,218,1,0.0,False
16538,4659.9025,2,2329.95125,1.5,84,548,2,0.9924912592055306,True
16541,3028.0225,2,1514.01125,2.0,20,619,2,0.9745807701230754,True
16543,53.959999999999994,2,26.979999999999997,2.0,113,166,2,0.0,False
16546,3036.5325000000003,2,1518.2662500000001,2.0,17,631,3,0.9718494697488006,True
16547,4900.68,2,2450.34,2.0,90,383,2,0.9971473346555989,True
16549,4930.68,2,2465.34,2.0,58,519,3,0.9910803378033051,True
16550,3001.0425,2,1500.52125,1.5,16,637,2,0.9833424551634974,True
16552,4986.79,2,2493.395,2.5,44,547,3,0.9799289723449353,True
16554,2990.5225,2,1495.26125,2.5,15,610,3,0.9868016375064894,True
16560,4633.9025,2,2316.95125,1.5,6,379,2,0.9980599505492401,True
16562,3001.0425,2,1500.52125,1.5,189,617,2,0.9833424551634974,True
16566,5806.3525,3,1935.4508333333333,2.3333333333333335,32,371,3,0.9845083466771956,True
16567,7159.700000000001,3,2386.566666666667,1.6666666666666667,56,542,2,0.9947916812156933,True
16569,3936.5425,2,1968.27125,1.5,359,382,2,0.9862849188088278,True
16572,4886.7,2,2443.35,1.0,14,521,1,1.0,True
16573,3001.0425,2,1500.52125,1.5,13,618,2,0.9833424551634974,True
16574,44.97,2,22.485,1.5,34,300,1,0.0,False
16575,6994.5725,3,2331.5241666666666,2.6666666666666665,119,629,3,0.9844236370414348,True
16577,74.98,1,74.98,3.0,150,150,1,0.0,False
16578,74.98,1,74.98,3.0,55,55,1,0.0,False
16580,5429.76,3,1809.92,3.0,148,379,3,0.97671536126827,True
16581,50.23,1,50.23,4.0,66,66,1,0.0,False
16582,35.0,1,35.0,1.0,311,311,1,0.0,False
16584,172.95,2,86.475,2.5,170,326,2,0.0,False
16585,7192.389999999999,3,2397.463333333333,1.6666666666666667,100,632,2,0.9902702717733605,True
16586,69.99,1,69.99,2.0,158,158,1,0.0,False
16587,7063.5625,3,2354.5208333333335,3.3333333333333335,125,534,3,0.9748087455869473,True
16592,74.98,1,74.98,3.0,291,291,1,0.0,False
16593,101.76,2,50.88,2.0,225,318,2,0.0,False
16594,7231.370000000001,3,2410.456666666667,2.3333333333333335,119,588,2,0.9883894752999779,True
16598,7131.4,3,2377.133333333333,1.3333333333333333,95,586,2,0.9987393779622514,True
16601,86.26,2,43.13,2.0,44,232,2,0.0,False
16602,77.27,2,38.635,1.5,118,130,2,0.0,False
16604,56.97,1,56.97,2.0,66,66,1,0.0,False
16605,66.25999999999999,2,33.129999999999995,2.0,7,294,1,0.0,False
16606,67.17,2,33.585,2.0,136,145,1,0.0,False
16608,101.57,2,50.785,2.0,38,325,1,0.0,False
16611,75.53,2,37.765,2.0,32,316,1,0.0,False
16612,5898.26,2,2949.13,1.0,3,1081,1,1.0,True
16613,129.35,2,64.675,3.0,132,284,2,0.0,False
16614,71.16,2,35.58,2.5,43,126,1,0.0,False
16615,95.84,2,47.92,3.0,184,266,1,0.0,False
16616,5915.54,2,2957.77,2.5,25,1085,2,0.9928527235045321,True
16617,160.55,2,80.275,3.0,107,330,2,0.0,False
16620,5895.24,2,2947.62,1.5,27,1077,2,0.9962715682482818,True
16621,73.86000000000001,2,36.93000000000001,2.5,109,121,1,0.0,False
16627,64.88,2,32.44,1.5,184,318,1,0.0,False
16631,5900.55,2,2950.275,1.5,8,1086,2,0.9996119005855386,True
16633,71.58,1,71.58,3.0,163,163,1,0.0,False
16637,5900.55,2,2950.275,1.5,21,1039,2,0.9996119005855386,True
16639,5908.25,2,2954.125,1.5,11,1060,2,0.9983091439935684,True
16640,69.97,1,69.97,3.0,256,256,1,0.0,False
16644,4.99,1,4.99,1.0,156,156,1,0.0,False
16645,2357.28,1,2357.28,3.0,81,81,2,0.9841809203828141,False
16648,7.28,1,7.28,2.0,20,20,1,0.0,False
16655,39.98,1,39.98,2.0,108,108,1,0.0,False
16656,5930.23,2,2965.115,2.0,12,1036,2,0.9903932899735762,True
16658,5873.26,2,2936.63,1.0,16,1058,1,1.0,True
16660,5898.26,2,2949.13,1.0,18,1052,1,1.0,True
16661,5908.25,2,2954.125,1.5,21,1065,2,0.9940777726061016,True
16663,4471.74,2,2235.87,2.0,321,1045,2,0.9722747744725768,True
16665,81.81,2,40.905,3.0,61,102,1,0.0,False
16666,205.44,2,102.72,2.5,157,326,2,0.0,False
16667,41.72,3,13.906666666666666,1.3333333333333333,63,194,1,0.0,False
16668,607.96,1,607.96,4.0,253,253,3,0.8881998815711559,False
16670,2478.34,1,2478.34,2.0,221,221,2,0.9858816788656924,False
16673,2466.32,1,2466.32,4.0,184,184,3,0.9906865289175779,False
16676,13.98,1,13.98,2.0,102,102,2,0.0,False
16681,68.87,2,34.435,2.0,174,184,1,0.0,False
16682,66.58,2,33.29,1.5,51,195,1,0.0,False
16683,69.87,2,34.935,2.0,149,215,1,0.0,False
16686,4157.73,2,2078.865,2.5,6,1062,3,0.9905068390684342,True
16687,6070.59,2,3035.295,2.5,348,1061,2,0.9919332387790973,True
16690,165.07,2,82.535,2.5,90,109,2,0.0,False
16693,6060.5,2,3030.25,2.5,361,1043,2,0.9935846877320353,True
16694,78.19999999999999,2,39.099999999999994,3.0,94,312,1,0.0,False
16698,197.88,1,197.88,4.0,227,227,1,0.0,False
16705,97.96,2,48.98,2.0,50,142,2,0.0,False
16706,92.97,2,46.485,1.5,91,99,2,0.0,False
16707,4377.75,2,2188.875,1.5,268,1043,2,0.9931494489178231,True
16709,143.94,2,71.97,2.5,158,162,2,0.0,False
16714,64.47,1,64.47,3.0,148,148,2,0.0,False
16717,233.81,3,77.93666666666667,3.3333333333333335,104,263,2,0.0,False
16718,13.98,1,13.98,2.0,42,42,2,0.0,False
16722,4.99,1,4.99,1.0,32,32,1,0.0,False
16724,39.98,1,39.98,2.0,58,58,1,0.0,False
16727,2451.3,1,2451.3,2.0,213,213,2,0.9967568229102926,False
16730,68.97,1,68.97,3.0,28,28,1,0.0,False
16732,2451.3,1,2451.3,2.0,164,164,2,0.9967568229102926,False
16733,35.26,2,17.63,2.0,146,148,1,0.0,False
16739,81.26,2,40.63,2.0,65,298,2,0.0,False
16741,6056.610000000001,2,3028.3050000000003,1.5,285,1063,2,0.9942228408301014,True
16743,6070.59,2,3035.295,2.5,276,1066,2,0.9919332387790973,True
16746,64.47,1,64.47,3.0,305,305,2,0.0,False
16747,2479.94,1,2479.94,3.0,183,183,2,0.9852456107809061,False
16749,61.96,1,61.96,3.0,25,25,1,0.0,False
16751,2492.32,1,2492.32,4.0,163,163,2,0.9803516402388139,False
16753,2319.99,1,2319.99,1.0,72,72,1,1.0,False
16756,2395.96,1,2395.96,3.0,75,75,3,0.968292458972604,False
16760,67.97,1,67.97,3.0,295,295,2,0.0,False
16764,1760.47,1,1760.47,3.0,223,223,3,0.966213567967645,False
16766,4.99,1,4.99,1.0,56,56,1,0.0,False
16767,59.98,1,59.98,2.0,291,291,1,0.0,False
16770,2478.34,1,2478.34,2.0,114,114,2,0.9858816788656924,False
16771,104.55000000000001,3,34.85,1.6666666666666667,100,310,1,0.0,False
16772,36.96,2,18.48,1.5,66,290,1,0.0,False
16776,2443.35,1,2443.35,1.0,93,93,1,1.0,False
16777,124.99,1,124.99,2.0,309,309,1,0.0,False
16778,2541.32,1,2541.32,4.0,64,64,3,0.9614491681488363,False
16779,2297.28,1,2297.28,2.0,67,67,2,0.9990031689650369,False
16780,54.98,1,54.98,2.0,116,116,2,0.0,False
16781,64.47,1,64.47,3.0,335,335,2,0.0,False
16782,2482.23,1,2482.23,4.0,83,83,2,0.9843366650149262,False
16788,39.98,1,39.98,2.0,259,259,1,0.0,False
16789,2443.35,1,2443.35,1.0,11,11,1,1.0,False
16790,2564.92,1,2564.92,5.0,5,5,3,0.9526028102241009,False
16792,1735.98,1,1735.98,2.0,347,347,2,0.9798442378368414,False
16795,67.93,1,67.93,3.0,36,36,1,0.0,False
16796,54.98,1,54.98,2.0,227,227,2,0.0,False
16801,54.98,1,54.98,2.0,111,111,2,0.0,False
16803,1759.97,1,1759.97,3.0,350,350,2,0.9664880651374739,False
16807,1728.27,1,1728.27,3.0,350,350,2,0.9842154293021346,False
16808,13.98,1,13.98,2.0,105,105,2,0.0,False
16811,1700.99,1,1700.99,1.0,306,306,1,1.0,False
16812,1735.98,1,1735.98,2.0,317,317,2,0.9798442378368414,False
16814,39.98,1,39.98,2.0,330,330,1,0.0,False
16821,7221.35,3,2407.116666666667,3.0,133,545,2,0.986298960720641,True
16823,7242.35,3,2414.116666666667,2.6666666666666665,97,600,3,0.983439077095142,True
16825,61.45,1,61.45,4.0,43,43,2,0.0,False
16826,6953.5825,3,2317.8608333333336,2.6666666666666665,129,493,3,0.9866313515371394,True
16828,7182.66,3,2394.22,2.6666666666666665,75,594,3,0.9916117427248401,True
16830,7138.68,3,2379.56,2.0,129,516,2,0.997720867163117,True
16836,3193.79,2,1596.895,3.0,12,136,3,0.9588420027616095,False
16837,155.47,2,77.735,1.5,13,148,2,0.0,False
16839,2294.99,1,2294.99,1.0,81,81,1,1.0,False
16840,176.95,2,88.475,2.0,186,220,2,0.0,False
16841,126.96,2,63.48,1.5,215,308,2,0.0,False
16842,4.99,1,4.99,1.0,66,66,1,0.0,False
16843,89.97,1,89.97,3.0,64,64,2,0.0,False
16845,2380.47,1,2380.47,3.0,86,86,3,0.964091124861897,False
16846,180.95,2,90.475,2.0,255,312,2,0.0,False
16847,189.94,2,94.97,2.5,38,199,2,0.0,False
16848,94.48,1,94.48,2.0,333,333,1,0.0,False
16849,119.98,1,119.98,2.0,26,26,1,0.0,False
16850,2354.98,1,2354.98,2.0,87,87,2,0.9851421243492514,False
16852,2405.47,1,2405.47,3.0,76,76,3,0.964464325059136,False
16853,4.99,1,4.99,1.0,10,10,1,0.0,False
16854,2342.93,1,2342.93,4.0,87,87,2,0.9795384411826219,False
16856,13.98,1,13.98,2.0,124,124,2,0.0,False
16857,54.98,1,54.98,2.0,240,240,2,0.0,False
16858,4.99,1,4.99,1.0,23,23,1,0.0,False
16859,2380.47,1,2380.47,3.0,74,74,3,0.964091124861897,False
16864,2369.97,1,2369.97,4.0,65,65,2,0.968362468723233,False
16867,2381.94,1,2381.94,5.0,87,87,3,0.9634961418003815,False
16868,2322.28,1,2322.28,2.0,75,75,2,0.9990139001326283,False
16874,4.99,1,4.99,1.0,228,228,1,0.0,False
16875,39.98,1,39.98,2.0,189,189,1,0.0,False
16877,39.98,1,39.98,2.0,318,318,1,0.0,False
16880,2343.96,1,2343.96,4.0,67,67,3,0.9897737162750221,False
16884,39.98,1,39.98,2.0,268,268,1,0.0,False
16888,1754.98,1,1754.98,2.0,325,325,2,0.969236116650902,False
16889,1729.97,1,1729.97,3.0,295,295,2,0.9832482644207703,False
16891,59.98,1,59.98,2.0,33,33,1,0.0,False
16893,2325.96,1,2325.96,3.0,74,74,3,0.9866850676709833,False
16895,1760.47,1,1760.47,3.0,286,286,3,0.966213567967645,False
16901,39.98,1,39.98,2.0,96,96,1,0.0,False
16904,4.99,1,4.99,1.0,81,81,1,0.0,False
16906,2359.98,1,2359.98,3.0,142,142,2,0.9830549411435691,False
16907,2341.97,1,2341.97,2.0,66,66,2,0.9906147388736832,False
16908,2366.96,1,2366.96,3.0,85,85,3,0.9695939094872749,False
16910,141.95999999999998,2,70.97999999999999,1.5,170,320,2,0.0,False
16911,58.98,1,58.98,2.0,110,110,2,0.0,False
16915,2374.98,1,2374.98,2.0,32,32,2,0.9768461208094384,False
16917,4.99,1,4.99,1.0,21,21,1,0.0,False
16921,1754.98,1,1754.98,2.0,231,231,2,0.969236116650902,False
16924,1775.47,1,1775.47,3.0,253,253,2,0.958050544362901,False
16926,44.95,2,22.475,2.0,10,231,2,0.0,False
16927,30.97,1,30.97,2.0,316,316,2,0.0,False
16928,4698.76,2,2349.38,1.0,195,1047,1,1.0,True
16931,4767.73,2,2383.865,2.5,203,1046,2,0.9855339962623724,True
16932,14.56,2,7.28,2.0,119,184,1,0.0,False
16934,86.94999999999999,2,43.474999999999994,2.0,70,96,1,0.0,False
16940,5006.7,2,2503.35,1.5,4,505,2,0.9760321169632692,True
16941,64.97,1,64.97,3.0,23,23,1,0.0,False
16942,2751.4175,2,1375.70875,1.5,316,729,2,0.9818311833809301,True
16943,37.93,1,37.93,3.0,181,181,1,0.0,False
16945,3262.83,2,1631.415,1.5,11,582,2,0.984678944351989,True
16946,3071.0325000000003,2,1535.5162500000001,2.0,6,577,2,0.9609317061932755,True
16947,1735.98,1,1735.98,2.0,258,258,2,0.9798442378368414,False
16951,1735.98,1,1735.98,2.0,271,271,2,0.9798442378368414,False
16955,1760.47,1,1760.47,3.0,185,185,3,0.966213567967645,False
16956,1700.99,1,1700.99,1.0,263,263,1,1.0,False
16957,39.98,1,39.98,2.0,9,9,1,0.0,False
16960,4.99,1,4.99,1.0,90,90,1,0.0,False
16961,2318.96,1,2318.96,4.0,61,61,3,0.9896634698313039,False
16965,39.98,1,39.98,2.0,287,287,1,0.0,False
16966,4.99,1,4.99,1.0,13,13,1,0.0,False
16967,2316.97,1,2316.97,2.0,50,50,2,0.9905134723367156,False
16972,1754.98,1,1754.98,2.0,262,262,2,0.969236116650902,False
16975,67.97,1,67.97,3.0,115,115,2,0.0,False
16976,1785.97,1,1785.97,3.0,274,274,3,0.9524180137404323,False
16977,1709.98,1,1709.98,2.0,236,236,2,0.9947426285687552,False
16981,2317.92,1,2317.92,4.0,43,43,2,0.9901075101815423,False
16982,89.97,1,89.97,3.0,336,336,2,0.0,False
16983,2357.28,1,2357.28,3.0,37,37,2,0.9841809203828141,False
16984,1759.97,1,1759.97,3.0,229,229,2,0.9664880651374739,False
16986,68.49,1,68.49,2.0,180,180,2,0.0,False
16988,4.99,1,4.99,1.0,29,29,1,0.0,False
16990,59.98,1,59.98,2.0,186,186,1,0.0,False
16991,39.98,1,39.98,2.0,284,284,1,0.0,False
16992,4.99,1,4.99,1.0,274,274,1,0.0,False
16994,39.98,1,39.98,2.0,121,121,1,0.0,False
16996,1754.98,1,1754.98,2.0,198,198,2,0.969236116650902,False
16997,1763.97,1,1763.97,3.0,225,225,2,0.9642964449508779,False
16998,1735.98,1,1735.98,2.0,226,226,2,0.9798442378368414,False
16999,1735.98,1,1735.98,2.0,232,232,2,0.9798442378368414,False
17002,2331.95,1,2331.95,4.0,42,42,2,0.9841506035721179,False
17003,2416.45,1,2416.45,4.0,62,62,3,0.9600819383806826,False
17005,2376.45,1,2376.45,4.0,39,39,3,0.9657219802646807,False
17006,2404.46,1,2404.46,4.0,38,38,3,0.9544721060030114,False
17009,2351.96,1,2351.96,3.0,52,52,2,0.9757776492797497,False
17014,4.99,1,4.99,1.0,322,322,1,0.0,False
17015,4.99,1,4.99,1.0,241,241,1,0.0,False
17017,2332.28,1,2332.28,3.0,32,32,2,0.9840113536968117,False
17021,1700.99,1,1700.99,1.0,223,223,1,1.0,False
17022,1763.97,1,1763.97,3.0,215,215,2,0.9642964449508779,False
17023,1735.98,1,1735.98,2.0,201,201,2,0.9798442378368414,False
17024,1775.97,1,1775.97,3.0,235,235,3,0.9577808183696797,False
17026,261.39,3,87.13,3.3333333333333335,285,305,2,0.0,False
17027,230.9,3,76.96666666666667,3.0,209,331,2,0.0,False
17028,1763.97,1,1763.97,3.0,224,224,2,0.9642964449508779,False
17033,29.48,1,29.48,2.0,261,261,2,0.0,False
17036,176.95,2,88.475,2.0,213,313,2,0.0,False
17040,1760.47,1,1760.47,3.0,218,218,3,0.966213567967645,False
17042,1735.98,1,1735.98,2.0,217,217,2,0.9798442378368414,False
17043,1760.47,1,1760.47,3.0,242,242,3,0.966213567967645,False
17046,4467.74,2,2233.87,2.0,246,1043,2,0.9731452591243,True
17048,4382.75,2,2191.375,1.5,224,1044,2,0.9920164280417546,True
17051,6060.5,2,3030.25,2.5,247,1061,2,0.9935846877320353,True
17054,83.98,2,41.99,1.0,68,216,2,0.0,False
17055,4347.76,2,2173.88,1.0,224,1032,1,1.0,True
17056,4417.75,2,2208.875,1.5,222,1014,2,0.9841570935430932,True
17058,83.98,2,41.99,1.0,20,140,2,0.0,False
17059,123.96000000000001,2,61.980000000000004,2.0,22,202,2,0.0,False
17063,100.25,2,50.125,2.5,274,312,2,0.0,False
17067,113.96000000000001,2,56.980000000000004,2.0,9,126,2,0.0,False
17071,4417.75,2,2208.875,1.5,195,1034,2,0.9841570935430932,True
17074,90.25,2,45.125,2.5,188,334,2,0.0,False
17078,186.94,2,93.47,3.0,286,329,2,0.0,False
17081,74.98,1,74.98,2.0,176,176,2,0.0,False
17084,31.27,1,31.27,3.0,83,83,1,0.0,False
17087,75.21000000000001,2,37.605000000000004,2.5,156,163,1,0.0,False
17088,24.99,1,24.99,1.0,163,163,1,0.0,False
17089,64.97,1,64.97,3.0,205,205,1,0.0,False
17091,32.27,1,32.27,3.0,11,11,1,0.0,False
17097,3021.0225,2,1510.51125,2.5,25,573,2,0.9768389676012015,True
17098,2768.5325000000003,2,1384.2662500000001,1.5,348,573,2,0.9920607758803626,True
17099,2701.4275,2,1350.71375,1.0,292,677,1,1.0,True
17101,163.94,2,81.97,3.0,89,286,2,0.0,False
17103,6935.0825,3,2311.6941666666667,2.3333333333333335,35,504,3,0.9892632856206109,True
17104,4.99,1,4.99,1.0,276,276,1,0.0,False
17108,24.99,1,24.99,1.0,117,117,1,0.0,False
17111,4.99,1,4.99,1.0,310,310,1,0.0,False
17112,6.28,1,6.28,2.0,165,165,1,0.0,False
17113,4.99,1,4.99,1.0,133,133,1,0.0,False
17116,1764.96,1,1764.96,4.0,173,173,3,0.9637555525337684,False
17117,39.98,1,39.98,2.0,51,51,1,0.0,False
17118,562.96,1,562.96,4.0,221,221,3,0.9591978115674292,False
17122,58.98,1,58.98,2.0,269,269,2,0.0,False
17127,1778.47,1,1778.47,4.0,222,222,3,0.9564344633308406,False
17128,1735.98,1,1735.98,2.0,222,222,2,0.9798442378368414,False
17131,4.99,1,4.99,1.0,20,20,1,0.0,False
17133,2357.28,1,2357.28,3.0,58,58,2,0.9841809203828141,False
17134,2376.96,1,2376.96,3.0,47,47,2,0.9760324111470113,False
17135,2379.47,1,2379.47,3.0,40,40,3,0.9750028367661708,False
17136,2297.28,1,2297.28,2.0,54,54,2,0.9990031689650369,False
17138,59.98,1,59.98,2.0,282,282,1,0.0,False
17140,2319.99,1,2319.99,1.0,43,43,1,1.0,False
17141,2376.96,1,2376.96,3.0,32,32,2,0.9760324111470113,False
17143,1763.97,1,1763.97,3.0,177,177,2,0.9642964449508779,False
17144,1891.26,1,1891.26,5.0,217,217,2,0.8993951122532069,False
17145,13.98,1,13.98,2.0,47,47,2,0.0,False
17147,1700.99,1,1700.99,1.0,148,148,1,1.0,False
17153,1744.97,1,1744.97,3.0,196,196,3,0.9747961283002,False
17155,13.98,1,13.98,2.0,150,150,2,0.0,False
17157,2334.98,1,2334.98,3.0,62,62,2,0.9828735149765737,False
17158,39.98,1,39.98,2.0,283,283,1,0.0,False
17161,59.98,1,59.98,2.0,278,278,1,0.0,False
17162,39.98,1,39.98,2.0,243,243,1,0.0,False
17166,4.99,1,4.99,1.0,65,65,1,0.0,False
17171,2439.99,1,2439.99,2.0,57,57,2,0.9508194705716007,False
17175,2334.98,1,2334.98,3.0,112,112,2,0.9828735149765737,False
17179,29.48,1,29.48,2.0,167,167,2,0.0,False
17180,68.97,1,68.97,3.0,50,50,2,0.0,False
17181,6944.5825,3,2314.8608333333336,2.3333333333333335,130,490,2,0.9879100003491932,True
17185,6954.5725,3,2318.1908333333336,2.6666666666666665,65,558,3,0.986490902208583,True
17186,77.27,2,38.635,2.0,179,194,1,0.0,False
17189,46.47,1,46.47,2.0,296,296,2,0.0,False
17192,6977.5825,3,2325.8608333333336,2.0,69,558,2,0.9868206502753641,True
17193,134.96,2,67.48,2.5,4,292,1,0.0,False
17194,111.45,1,111.45,4.0,160,160,2,0.0,False
17195,3330.6675,2,1665.33375,2.0,150,637,2,0.9969255412015761,True
17196,3318.3575,2,1659.17875,2.5,134,611,2,0.9930899548948541,True
17197,56.97,1,56.97,2.0,5,5,1,0.0,False
17198,7233.360000000001,3,2411.1200000000003,2.3333333333333335,131,462,3,0.9881175553269851,True
17199,6997.5625,3,2332.5208333333335,3.0,145,476,3,0.9840030010450069,True
17203,6952.532499999999,3,2317.5108333333333,2.6666666666666665,44,568,2,0.9903761686838575,True
17206,3295.4275,2,1647.71375,1.0,143,618,1,1.0,True
17208,45.95,1,45.95,4.0,164,164,2,0.0,False
17211,47.94,1,47.94,3.0,319,319,1,0.0,False
17214,7211.389999999999,3,2403.7966666666666,1.6666666666666667,60,572,3,0.9911279240201959,True
17216,3370.3975,2,1685.19875,2.5,94,615,2,0.9851738556060526,True
17218,6907.5625,3,2302.5208333333335,3.0,38,565,3,0.9932045493616599,True
17220,6914.8525,3,2304.9508333333333,2.3333333333333335,126,485,2,0.9921574610593646,True
17221,7292.3099999999995,3,2430.77,4.333333333333333,133,483,3,0.9767014841661973,True
17226,109.97,2,54.985,2.0,208,254,1,0.0,False
17227,83.97,2,41.985,1.5,204,245,2,0.0,False
17229,4471.74,2,2235.87,2.0,169,1028,2,0.9722747744725768,True
17235,83.98,2,41.99,1.0,164,207,2,0.0,False
17236,86.27000000000001,2,43.135000000000005,1.5,156,169,2,0.0,False
17238,147.48,2,73.74,1.5,276,321,2,0.0,False
17242,4387.23,2,2193.615,2.5,132,1033,3,0.9910034349692176,True
17245,92.97,2,46.485,1.5,43,211,2,0.0,False
17246,4380.04,2,2190.02,2.0,130,1028,2,0.9926302042903719,True
17248,4382.75,2,2191.375,1.5,120,1023,2,0.9920164280417546,True
17250,62.98,1,62.98,2.0,180,180,1,0.0,False
17252,92.97,2,46.485,1.5,93,183,2,0.0,False
17253,53.99,1,53.99,1.0,269,269,1,0.0,False
17255,4442.24,2,2221.12,2.0,116,1017,2,0.9787314507995967,True
17258,4347.76,2,2173.88,1.0,90,1017,1,1.0,True
17259,4404.73,2,2202.365,2.0,72,1021,2,0.9870661765874413,True
17261,1764.96,1,1764.96,4.0,194,194,2,0.9637555525337684,False
17263,1700.99,1,1700.99,1.0,135,135,1,1.0,False
17267,2354.98,1,2354.98,2.0,51,51,2,0.9851421243492514,False
17268,2319.99,1,2319.99,1.0,42,42,1,1.0,False
17270,1735.98,1,1735.98,2.0,189,189,2,0.9798442378368414,False
17272,1714.97,1,1714.97,3.0,197,197,2,0.9918482539053162,False
17275,4.99,1,4.99,1.0,295,295,1,0.0,False
17278,4382.75,2,2191.375,1.5,91,1013,2,0.9920164280417546,True
17279,6021.62,2,3010.81,1.0,264,1009,1,1.0,True
17280,6089.59,2,3044.795,2.5,271,1026,3,0.9888383290172246,True
17282,37.27,1,37.27,3.0,112,112,1,0.0,False
17286,6029.57,2,3014.785,1.5,210,1009,2,0.9986814980172716,True
17287,95.25999999999999,2,47.629999999999995,2.0,109,200,2,0.0,False
17289,106.94999999999999,2,53.474999999999994,2.5,58,259,2,0.0,False
17290,92.97,2,46.485,1.5,139,241,2,0.0,False
17292,94.22,2,47.11,2.0,12,195,2,0.0,False
17293,4417.75,2,2208.875,1.5,69,1006,2,0.9841570935430932,True
17297,100.25,2,50.125,2.5,221,298,2,0.0,False
17299,4382.75,2,2191.375,1.5,46,1027,2,0.9920164280417546,True
17300,94.22,2,47.11,2.0,209,218,2,0.0,False
17302,147.44,2,73.72,3.0,91,314,2,0.0,False
17304,62.27,2,31.135,1.5,1,103,1,0.0,False
17313,51.92,2,25.96,2.0,188,196,2,0.0,False
17319,38.98,2,19.49,1.0,13,104,2,0.0,False
17320,4391.74,2,2195.87,2.0,35,1034,3,0.9899857459685684,True
17321,8.99,1,8.99,1.0,78,78,1,0.0,False
17322,85.48,1,85.48,2.0,233,233,2,0.0,False
17326,4467.76,2,2233.88,1.5,61,1006,2,0.9731409028237864,True
17327,99.94,2,49.97,2.5,39,170,2,0.0,False
17328,4387.74,2,2193.87,2.0,24,1035,2,0.9908882477083876,True
17329,6021.62,2,3010.81,1.0,210,1013,1,1.0,True
17330,30.97,2,15.485,1.0,102,195,2,0.0,False
17332,4480.73,2,2240.365,2.5,18,1018,2,0.970324032021568,True
17333,80.94,2,40.47,2.5,116,154,2,0.0,False
17335,4.99,1,4.99,1.0,251,251,1,0.0,False
17336,26.97,1,26.97,2.0,308,308,1,0.0,False
17339,4.99,1,4.99,1.0,264,264,1,0.0,False
17340,29.26,1,29.26,3.0,50,50,1,0.0,False
17342,39.98,1,39.98,2.0,270,270,1,0.0,False
17346,81.46,2,40.73,1.5,188,226,2,0.0,False
17348,205.42000000000002,3,68.47333333333334,2.6666666666666665,115,230,2,0.0,False
17351,6117.6900000000005,2,3058.8450000000003,3.0,169,1018,3,0.9842963602274716,True
17352,6021.62,2,3010.81,1.0,160,988,1,1.0,True
17355,46.47,2,23.235,1.0,182,229,2,0.0,False
17358,1728.27,1,1728.27,3.0,199,199,2,0.9842154293021346,False
17360,122.18,3,40.72666666666667,2.3333333333333335,15,217,2,0.0,False
17363,2341.97,1,2341.97,2.0,45,45,2,0.9906147388736832,False
17364,2351.96,1,2351.96,3.0,42,42,2,0.9757776492797497,False
17369,7.28,1,7.28,2.0,322,322,1,0.0,False
17370,4742.74,2,2371.37,2.0,202,983,3,0.9907268793988286,True
17372,1729.97,1,1729.97,3.0,109,109,2,0.9832482644207703,False
17382,29.48,1,29.48,2.0,72,72,2,0.0,False
17385,208.69,3,69.56333333333333,3.3333333333333335,77,314,2,0.0,False
17395,4.99,1,4.99,1.0,127,127,1,0.0,False
17397,39.98,1,39.98,2.0,217,217,1,0.0,False
17400,2331.95,1,2331.95,4.0,110,110,2,0.9841506035721179,False
17401,2329.99,1,2329.99,2.0,34,34,2,0.9849784763024734,False
17407,54.98,1,54.98,2.0,236,236,2,0.0,False
17408,4.99,1,4.99,1.0,128,128,1,0.0,False
17409,219.92000000000002,2,109.96000000000001,2.0,92,152,2,0.0,False
17412,2414.99,1,2414.99,2.0,47,47,2,0.9503103532519803,False
17413,2365.94,1,2365.94,5.0,47,47,3,0.9805785438345861,False
17420,2370.22,1,2370.22,5.0,38,38,2,0.9788078743745308,False
17421,2376.96,1,2376.96,3.0,38,38,2,0.9760324111470113,False
17422,174.92000000000002,2,87.46000000000001,3.5,151,168,2,0.0,False
17423,2297.28,1,2297.28,2.0,47,47,2,0.9990031689650369,False
17424,2423.48,1,2423.48,4.0,43,43,3,0.9572969448891677,False
17425,2394.95,1,2394.95,5.0,47,47,3,0.9582621766633962,False
17426,4.99,1,4.99,1.0,189,189,1,0.0,False
17429,4.99,1,4.99,1.0,30,30,1,0.0,False
17434,4.99,1,4.99,1.0,192,192,1,0.0,False
17436,4.99,1,4.99,1.0,175,175,1,0.0,False
17440,4.99,1,4.99,1.0,143,143,1,0.0,False
17444,124.99,1,124.99,2.0,200,200,1,0.0,False
17445,1729.97,1,1729.97,3.0,205,205,2,0.9832482644207703,False
17446,2384.96,1,2384.96,4.0,32,32,3,0.9727584529719578,False
17449,4.99,1,4.99,1.0,293,293,1,0.0,False
17450,123.98,1,123.98,2.0,35,35,1,0.0,False
17451,39.98,1,39.98,2.0,66,66,1,0.0,False
17453,2376.96,1,2376.96,3.0,35,35,2,0.9760324111470113,False
17454,4.99,1,4.99,1.0,118,118,1,0.0,False
17455,7.28,1,7.28,2.0,242,242,1,0.0,False
17456,4.99,1,4.99,1.0,201,201,1,0.0,False
17457,54.98,1,54.98,2.0,30,30,2,0.0,False
17458,2369.97,1,2369.97,4.0,51,51,2,0.968362468723233,False
17459,59.98,1,59.98,2.0,187,187,1,0.0,False
17461,2406.95,1,2406.95,4.0,51,51,2,0.9638712893911383,False
17468,128.91,2,64.455,3.5,50,284,1,0.0,False
17471,39.98,1,39.98,2.0,148,148,1,0.0,False
17472,4.99,1,4.99,1.0,7,7,1,0.0,False
17473,4.99,1,4.99,1.0,98,98,1,0.0,False
17474,2354.98,1,2354.98,2.0,54,54,2,0.9851421243492514,False
17476,1700.99,1,1700.99,1.0,91,91,1,1.0,False
17477,1700.99,1,1700.99,1.0,198,198,1,1.0,False
17478,4758.24,2,2379.12,2.0,207,980,3,0.9874995796765191,True
17479,163.39999999999998,2,81.69999999999999,2.5,208,243,2,0.0,False
17481,126.94,2,63.47,2.5,241,263,1,0.0,False
17482,146.94,2,73.47,2.5,150,299,1,0.0,False
17483,64.5,2,32.25,2.5,191,284,1,0.0,False
17485,76.96,1,76.96,3.0,285,285,2,0.0,False
17486,89.97,1,89.97,3.0,245,245,2,0.0,False
17489,58.98,1,58.98,2.0,215,215,2,0.0,False
17490,12.94,1,12.94,2.0,55,55,1,0.0,False
17495,119.91,2,59.955,2.0,83,252,1,0.0,False
17496,110.96,1,110.96,3.0,94,94,2,0.0,False
17497,1717.26,1,1717.26,4.0,155,155,2,0.9905256047424386,False
17499,2294.99,1,2294.99,1.0,54,54,1,1.0,False
17503,98.96000000000001,2,49.480000000000004,2.0,4,78,1,0.0,False
17504,4362.74,2,2181.37,2.0,26,987,2,0.9965663780101497,True
17505,7.28,1,7.28,2.0,238,238,1,0.0,False
17508,2324.92,1,2324.92,3.0,38,38,2,0.9871264387591832,False
17511,4150.53,2,2075.265,2.5,344,998,2,0.9922250893259417,True
17512,4170.54,2,2085.27,2.0,360,988,2,0.9934588806245714,True
17513,4260.24,2,2130.12,2.0,353,979,2,0.9666732390663437,True
17515,4143.26,2,2071.63,1.0,246,992,1,1.0,True
17518,539.99,1,539.99,1.0,188,188,1,1.0,False
17519,58.98,1,58.98,2.0,283,283,2,0.0,False
17525,4.99,1,4.99,1.0,134,134,1,0.0,False
17528,54.98,1,54.98,2.0,53,53,2,0.0,False
17531,13.98,1,13.98,2.0,200,200,2,0.0,False
17532,4.99,1,4.99,1.0,174,174,1,0.0,False
17533,1735.98,1,1735.98,2.0,156,156,2,0.9798442378368414,False
17534,4.99,1,4.99,1.0,114,114,1,0.0,False
17535,2405.47,1,2405.47,3.0,54,54,3,0.964464325059136,False
17537,2319.99,1,2319.99,1.0,43,43,1,1.0,False
17540,13.98,1,13.98,2.0,327,327,2,0.0,False
17543,2414.99,1,2414.99,2.0,55,55,2,0.9503103532519803,False
17546,2318.96,1,2318.96,4.0,58,58,3,0.9896634698313039,False
17550,4.99,1,4.99,1.0,11,11,1,0.0,False
17551,160.92,2,80.46,3.5,130,193,2,0.0,False
17553,2342.92,1,2342.92,4.0,38,38,2,0.990213067454288,False
17557,539.99,1,539.99,1.0,189,189,1,1.0,False
17558,1750.47,1,1750.47,3.0,67,67,3,0.9717333059121265,False
17560,39.98,1,39.98,2.0,137,137,1,0.0,False
17561,1735.98,1,1735.98,2.0,160,160,2,0.9798442378368414,False
17564,1735.98,1,1735.98,2.0,176,176,2,0.9798442378368414,False
17567,1709.98,1,1709.98,2.0,180,180,2,0.9947426285687552,False
17570,68.97,1,68.97,3.0,307,307,2,0.0,False
17571,1763.97,1,1763.97,3.0,135,135,2,0.9642964449508779,False
17575,1735.98,1,1735.98,2.0,132,132,2,0.9798442378368414,False
17577,39.98,1,39.98,2.0,168,168,1,0.0,False
17578,7.28,1,7.28,2.0,204,204,1,0.0,False
17582,2398.47,1,2398.47,4.0,43,43,3,0.9672791404520383,False
17583,39.98,1,39.98,2.0,319,319,1,0.0,False
17586,1750.98,1,1750.98,2.0,86,86,2,0.9714502735610915,False
17588,13.98,1,13.98,2.0,49,49,2,0.0,False
17594,2376.96,1,2376.96,3.0,33,33,2,0.9760324111470113,False
17598,39.98,1,39.98,2.0,147,147,1,0.0,False
17600,1775.47,1,1775.47,3.0,142,142,2,0.958050544362901,False
17601,225.42,2,112.71,4.0,188,324,2,0.0,False
17608,1700.99,1,1700.99,1.0,146,146,1,1.0,False
17609,1725.98,1,1725.98,2.0,151,151,2,0.985521269076119,False
17610,39.98,1,39.98,2.0,203,203,1,0.0,False
17613,2401.95,1,2401.95,4.0,96,96,3,0.9554695143529217,False
17614,1700.99,1,1700.99,1.0,143,143,1,1.0,False
17615,1763.97,1,1763.97,3.0,146,146,2,0.9642964449508779,False
17618,39.98,1,39.98,2.0,135,135,1,0.0,False
17619,163.92000000000002,2,81.96000000000001,3.0,39,193,2,0.0,False
17622,2374.98,1,2374.98,2.0,105,105,2,0.9768461208094384,False
17623,2326.96,1,2326.96,3.0,55,55,2,0.9862610444528485,False
17625,2431.95,1,2431.95,5.0,94,94,3,0.9539628693024118,False
17628,106.24,2,53.12,3.0,233,326,2,0.0,False
17630,4.99,1,4.99,1.0,326,326,1,0.0,False
17631,97.96,1,97.96,4.0,287,287,2,0.0,False
17632,3001.0225,2,1500.51125,2.5,171,536,2,0.9833490085462541,True
17633,2732.6975,2,1366.34875,2.5,269,594,2,0.9885570942264925,True
17636,73.96,1,73.96,4.0,87,87,2,0.0,False
17639,3075.0325000000003,2,1537.5162500000001,2.0,165,527,2,0.9596817269410975,True
17642,32.95,2,16.475,2.5,17,275,2,0.0,False
17643,69.97,1,69.97,3.0,53,53,1,0.0,False
17646,2751.4175,2,1375.70875,1.5,225,562,2,0.9818311833809301,True
17648,4122.7375,3,1374.2458333333334,2.3333333333333335,44,553,2,0.9793923333707277,True
17649,3.99,1,3.99,1.0,319,319,1,0.0,False
17650,38.98,1,38.98,2.0,51,51,1,0.0,False
17653,39.98,1,39.98,2.0,234,234,1,0.0,False
17654,1759.97,1,1759.97,3.0,44,44,2,0.9664880651374739,False
17655,1750.98,1,1750.98,2.0,36,36,2,0.9714502735610915,False
17658,7.28,1,7.28,2.0,126,126,1,0.0,False
17662,1763.97,1,1763.97,3.0,148,148,2,0.9642964449508779,False
17665,39.98,1,39.98,2.0,57,57,1,0.0,False
17668,553.97,1,553.97,3.0,189,189,2,0.9747639763886131,False
17669,624.95,1,624.95,5.0,191,191,3,0.86405312424994,False
17671,565.47,1,565.47,3.0,200,200,2,0.9549401382920403,False
17672,539.99,1,539.99,1.0,200,200,1,1.0,False
17674,39.98,1,39.98,2.0,103,103,1,0.0,False
17677,1735.98,1,1735.98,2.0,152,152,2,0.9798442378368414,False
17678,1735.98,1,1735.98,2.0,120,120,2,0.9798442378368414,False
17680,56.97,1,56.97,2.0,133,133,1,0.0,False
17681,1735.98,1,1735.98,2.0,105,105,2,0.9798442378368414,False
17686,32.28,1,32.28,2.0,236,236,1,0.0,False
17688,4.99,1,4.99,1.0,128,128,1,0.0,False
17689,4.99,1,4.99,1.0,169,169,1,0.0,False
17691,1779.47,1,1779.47,3.0,51,51,2,0.9558969805616279,False
17693,13.98,1,13.98,2.0,275,275,2,0.0,False
17694,4.99,1,4.99,1.0,255,255,1,0.0,False
17696,39.98,1,39.98,2.0,174,174,1,0.0,False
17699,67.93,1,67.93,3.0,181,181,1,0.0,False
17700,2805.5325000000003,2,1402.7662500000001,2.0,346,546,2,0.978977252981386,True
17701,34.47,2,17.235,1.5,102,329,2,0.0,False
17702,56.760000000000005,2,28.380000000000003,2.0,83,271,2,0.0,False
17703,78.96,1,78.96,4.0,213,213,2,0.0,False
17704,32.27,1,32.27,3.0,270,270,1,0.0,False
17705,37.26,2,18.63,2.0,65,314,1,0.0,False
17706,37.93,1,37.93,3.0,211,211,1,0.0,False
17707,32.27,1,32.27,3.0,160,160,1,0.0,False
17708,29.48,1,29.48,2.0,47,47,2,0.0,False
17709,78.95,2,39.475,2.5,61,282,2,0.0,False
17710,113.94,2,56.97,3.0,157,237,2,0.0,False
17712,56.96,1,56.96,3.0,170,170,1,0.0,False
17714,2736.4175,2,1368.20875,1.5,239,536,2,0.9872132085107628,True
17715,2831.5325000000003,2,1415.7662500000001,2.0,328,538,3,0.9699879835389494,True
17718,32.27,1,32.27,3.0,164,164,1,0.0,False
17720,2790.5325000000003,2,1395.2662500000001,2.0,258,531,3,0.9842395671793825,True
17723,83.94,2,41.97,3.0,86,296,1,0.0,False
17724,36.96,1,36.96,3.0,141,141,1,0.0,False
17726,4721.73,2,2360.865,2.5,210,976,3,0.9951352576280306,True
17727,21.98,1,21.98,1.0,269,269,1,0.0,False
17728,4730.03,2,2365.015,2.5,178,1004,2,0.9933890482724212,True
17729,110.46,1,110.46,4.0,272,272,2,0.0,False
17730,4752.23,2,2376.115,2.5,180,994,3,0.9887484402059666,True
17731,23.78,1,23.78,2.0,25,25,1,0.0,False
17733,4758.24,2,2379.12,2.0,163,993,3,0.9874995796765191,True
17734,4698.76,2,2349.38,1.0,181,977,1,1.0,True
17735,4752.75,2,2376.375,1.5,144,977,2,0.9886402609015833,True
17736,4742.74,2,2371.37,2.0,126,996,3,0.9907268793988286,True
17738,24.99,1,24.99,1.0,312,312,1,0.0,False
17740,38.98,1,38.98,2.0,279,279,2,0.0,False
17741,4217.3,2,2108.65,3.0,280,473,3,0.98269983164584,True
17742,4198.33,2,2099.165,1.5,274,478,2,0.9871401247638942,True
17743,2793.5225,2,1396.76125,2.0,274,545,3,0.9742368282338876,True
17745,32.27,1,32.27,3.0,203,203,1,0.0,False
17746,29.98,1,29.98,2.0,273,273,1,0.0,False
17747,2743.5325000000003,2,1371.7662500000001,1.5,251,520,2,0.9919884309735715,True
17750,2888.5325000000003,2,1444.2662500000001,2.0,255,544,2,0.9508470131459487,True
17751,93.49,1,93.49,2.0,227,227,2,0.0,False
17752,2776.4075000000003,2,1388.2037500000001,2.0,185,497,3,0.9729938778799583,True
17753,3080.29,2,1540.145,3.0,223,542,2,0.9766418096997362,True
17755,2768.5325000000003,2,1384.2662500000001,1.5,231,537,2,0.9920607758803626,True
17756,2715.4075000000003,2,1357.7037500000001,2.0,213,500,2,0.9948516014631323,True
17757,79.97,2,39.985,1.5,40,90,2,0.0,False
17760,92.25,2,46.125,2.5,13,75,1,0.0,False
17761,3941.5325000000003,2,1970.7662500000001,2.0,223,486,2,0.9850362771333232,True
17763,37.93,2,18.965,1.5,82,229,1,0.0,False
17764,3896.5325000000003,2,1948.2662500000001,2.0,230,435,2,0.9964121946884827,True
17769,3909.8325,2,1954.91625,2.0,210,429,2,0.9930227190039471,True
17771,69.97,1,69.97,3.0,327,327,1,0.0,False
17773,2751.4175,2,1375.70875,1.5,185,430,2,0.9818311833809301,True
17777,4179.33,2,2089.665,1.5,207,429,2,0.991627844654526,True
17781,7187.370000000001,3,2395.7900000000004,2.0,60,448,3,0.9944402472670811,True
17782,3021.0425,2,1510.52125,1.5,168,520,2,0.9768325007013308,True
17785,67.25999999999999,2,33.629999999999995,2.0,285,307,1,0.0,False
17787,2726.4175,2,1363.20875,1.5,168,424,2,0.9908341257345951,True
17788,64.97,1,64.97,3.0,273,273,1,0.0,False
17793,3250.1099999999997,2,1625.0549999999998,2.5,111,510,2,0.9885326958164494,True
17794,2745.8225,2,1372.91125,2.0,198,494,2,0.991161118389845,True
17797,64.97,1,64.97,3.0,150,150,1,0.0,False
17799,3907.5425,2,1953.77125,1.5,213,448,2,0.9936046760847771,True
17802,86.95,1,86.95,4.0,197,197,1,0.0,False
17803,2761.0225,2,1380.51125,2.5,212,496,3,0.9857045714042535,True
17804,73.96,1,73.96,4.0,186,186,2,0.0,False
17806,64.97,1,64.97,3.0,316,316,1,0.0,False
17807,81.24,2,40.62,3.0,90,91,2,0.0,False
17812,2983.3325,2,1491.66625,2.0,100,501,2,0.989179885245778,True
17813,3020.3,2,1510.15,2.5,208,494,2,0.9877628050193691,True
17814,133.93,2,66.965,3.5,37,308,2,0.0,False
17815,3123.7799999999997,2,1561.8899999999999,3.5,191,506,3,0.9630447726792543,True
17816,37.27,1,37.27,3.0,182,182,1,0.0,False
17817,49.48,1,49.48,2.0,39,39,2,0.0,False
17818,3.99,1,3.99,1.0,105,105,1,0.0,False
17823,40.23,1,40.23,3.0,150,150,1,0.0,False
17826,29.99,1,29.99,1.0,32,32,1,0.0,False
17827,2755.4175,2,1377.70875,1.5,158,415,2,0.9804058731571532,True
17828,3262.83,2,1631.415,1.5,118,509,2,0.984678944351989,True
17830,2751.4175,2,1375.70875,1.5,158,424,2,0.9818311833809301,True
17832,24.99,1,24.99,1.0,139,139,1,0.0,False
17834,4158.717500000001,3,1386.239166666667,2.6666666666666665,21,404,3,0.9769303877938332,True
17836,32.28,1,32.28,2.0,133,133,1,0.0,False
17838,32.269999999999996,2,16.134999999999998,1.5,74,229,1,0.0,False
17841,2803.5225,2,1401.76125,2.0,184,491,2,0.9796791358014784,True
17843,93.49,1,93.49,2.0,246,246,2,0.0,False
17844,196.26,2,98.13,2.5,232,302,1,0.0,False
17847,4144.34,2,2072.17,1.0,184,451,1,1.0,True
17849,3025.5325000000003,2,1512.7662500000001,2.0,120,507,2,0.9753828458296185,True
17852,86.95,1,86.95,4.0,266,266,1,0.0,False
17854,64.97,1,64.97,3.0,27,27,1,0.0,False
17856,32.27,1,32.27,3.0,107,107,1,0.0,False
17857,24.99,1,24.99,1.0,184,184,1,0.0,False
17858,1700.99,1,1700.99,1.0,41,41,1,1.0,False
17859,1735.98,1,1735.98,2.0,107,107,2,0.9798442378368414,False
17860,1777.95,1,1777.95,5.0,115,115,3,0.9567141933125228,False
17861,1749.96,1,1749.96,4.0,37,37,2,0.9720165032343596,False
17863,67.93,1,67.93,3.0,120,120,1,0.0,False
17864,1750.98,1,1750.98,2.0,114,114,2,0.9714502735610915,False
17865,1789.97,1,1789.97,3.0,32,32,3,0.950289669659268,False
17867,56.97,1,56.97,2.0,110,110,1,0.0,False
17868,1735.98,1,1735.98,2.0,104,104,2,0.9798442378368414,False
17870,1700.99,1,1700.99,1.0,119,119,1,1.0,False
17874,34.98,1,34.98,2.0,40,40,1,0.0,False
17877,187.98,1,187.98,3.0,227,227,1,0.0,False
17878,69.97,1,69.97,3.0,53,53,1,0.0,False
17880,39.550000000000004,2,19.775000000000002,2.5,5,302,1,0.0,False
17884,29.98,1,29.98,2.0,149,149,1,0.0,False
17885,2701.4275,2,1350.71375,1.0,139,382,1,1.0,True
17886,38.97,1,38.97,3.0,247,247,2,0.0,False
17887,64.97,1,64.97,3.0,101,101,1,0.0,False
17889,3043.33,2,1521.665,1.5,159,514,2,0.9885027256327773,True
17890,2753.5225,2,1376.76125,2.0,155,516,2,0.9883894175551499,True
17891,2736.4175,2,1368.20875,1.5,146,374,2,0.9872132085107628,True
17892,2787.5125,2,1393.75625,2.5,155,459,3,0.9763373258415883,True
17894,2710.4175,2,1355.20875,1.5,129,384,2,0.9966831678145527,True
17895,29.98,1,29.98,2.0,260,260,1,0.0,False
17902,4158.32,2,2079.16,2.0,178,399,2,0.9966380653725544,True
17905,25.48,1,25.48,2.0,51,51,1,0.0,False
17907,27.77,1,27.77,3.0,84,84,1,0.0,False
17911,4698.76,2,2349.38,1.0,122,999,1,1.0,True
17913,4733.75,2,2366.875,1.5,119,976,2,0.9926083971481384,True
17916,4787.74,2,2393.87,2.0,93,987,3,0.9814150308914019,True
17917,4733.75,2,2366.875,1.5,121,988,2,0.9926083971481384,True
17921,4698.76,2,2349.38,1.0,87,1003,1,1.0,True
17925,4698.76,2,2349.38,1.0,68,994,1,1.0,True
17929,3896.5325000000003,2,1948.2662500000001,2.0,144,418,2,0.9964121946884827,True
17930,69.97,1,69.97,3.0,103,103,1,0.0,False
17933,3103.31,2,1551.655,2.5,166,472,3,0.9693971920304452,True
17935,63.97,1,63.97,3.0,191,191,1,0.0,False
17940,3882.5525,2,1941.27625,1.0,146,419,1,1.0,True
17941,3931.5225,2,1965.76125,2.5,106,425,2,0.9875442656121135,True
17944,2751.4175,2,1375.70875,1.5,133,392,2,0.9818311833809301,True
17945,3961.0325000000003,2,1980.5162500000001,2.0,121,405,2,0.9801869840754905,True
17948,3045.3,2,1522.65,2.5,138,465,2,0.987863264702985,True
17949,2606.2475,3,868.7491666666666,2.0,32,389,3,0.9639443299226189,True
17950,2732.6975,2,1366.34875,2.5,148,382,2,0.9885570942264925,True
17951,27.28,1,27.28,2.0,178,178,1,0.0,False
17954,34.98,1,34.98,2.0,224,224,1,0.0,False
17956,2431.3582,2,1215.6791,2.5,115,1075,2,0.9871388757115264,True
17957,2435.0782,2,1217.5391,1.5,98,1067,2,0.9856308516087903,True
17958,2811.5225,2,1405.76125,2.5,130,462,2,0.9768915240763681,True
17959,2748.8325,2,1374.41625,2.0,127,474,2,0.9900757867203622,True
17960,3001.0425,2,1500.52125,1.5,71,473,2,0.9833424551634974,True
17968,3043.33,2,1521.665,1.5,127,473,2,0.9885027256327773,True
17970,27.28,1,27.28,2.0,273,273,1,0.0,False
17971,2435.0782,2,1217.5391,1.5,95,1042,2,0.9856308516087903,True
17972,2791.5325000000003,2,1395.7662500000001,2.0,121,441,2,0.9838869868074258,True
17973,2551.3582,2,1275.6791,3.0,114,1015,2,0.9407100108483397,True
17975,1518.5782,2,759.2891,1.5,324,1005,2,0.9670810498925904,True
17977,2966.0325000000003,2,1483.0162500000001,2.0,60,431,2,0.9949494821786344,True
17978,3018.0125,2,1509.00625,2.5,21,438,2,0.9778132131659496,True
17979,3001.0225,2,1500.51125,2.5,8,446,2,0.9833490085462541,True
17980,4194.33,2,2097.165,1.5,73,393,2,0.9880815291119202,True
17986,5790.8625,3,1930.2875000000001,2.3333333333333335,39,379,3,0.9871418117767432,True
17987,2450.0782,2,1225.0391,1.5,92,970,2,0.9795965696115333,True
17989,3932.5425,2,1966.27125,1.5,91,392,2,0.9872881221245543,True
17991,73.96,1,73.96,4.0,159,159,2,0.0,False
17994,27.28,1,27.28,2.0,317,317,1,0.0,False
17995,27.28,1,27.28,2.0,118,118,1,0.0,False
17999,2454.0782,2,1227.0391,1.5,89,920,2,0.9779998860672003,True
18000,3080.29,2,1540.145,3.0,74,444,2,0.9766418096997362,True
18001,31.27,1,31.27,3.0,49,49,1,0.0,False
18002,27.28,1,27.28,2.0,100,100,1,0.0,False
18004,1518.5782,2,759.2891,1.5,243,934,2,0.9670810498925904,True
18005,5804.8724999999995,3,1934.9574999999998,2.3333333333333335,41,375,3,0.9804526283738361,True
18008,2459.0682,2,1229.5341,2.0,85,897,2,0.9760153053095479,True
18011,2590.3582,2,1295.1791,3.0,74,879,2,0.9265468381940384,True
18014,93.49,1,93.49,2.0,268,268,2,0.0,False
18016,34.98,1,34.98,2.0,46,46,1,0.0,False
18017,24.99,1,24.99,1.0,316,316,1,0.0,False
18018,51.97,1,51.97,2.0,113,113,1,0.0,False
18019,5706.3825,3,1902.1274999999998,1.6666666666666667,33,392,2,0.9973748692801438,True
18022,63.97,1,63.97,3.0,306,306,1,0.0,False
18023,187.98,1,187.98,3.0,90,90,1,0.0,False
18025,37.27,1,37.27,3.0,132,132,1,0.0,False
18026,2988.3225,2,1494.16125,2.5,28,427,2,0.9875281198732735,True
18028,3001.0425,2,1500.52125,1.5,30,414,2,0.9833424551634974,True
18029,82.97,1,82.97,3.0,126,126,2,0.0,False
18031,24.99,1,24.99,1.0,228,228,1,0.0,False
18033,24.99,1,24.99,1.0,120,120,1,0.0,False
18034,63.97,1,63.97,3.0,223,223,1,0.0,False
18035,63.97,1,63.97,3.0,4,4,1,0.0,False
18036,24.99,1,24.99,1.0,277,277,1,0.0,False
18037,49.48,1,49.48,2.0,112,112,2,0.0,False
18041,32.27,1,32.27,3.0,166,166,1,0.0,False
18042,29.98,1,29.98,2.0,273,273,1,0.0,False
18046,2435.0782,2,1217.5391,1.5,84,829,2,0.9856308516087903,True
18047,2736.4175,2,1368.20875,1.5,81,732,2,0.9872132085107628,True
18048,64.97,1,64.97,3.0,42,42,1,0.0,False
18052,1735.98,1,1735.98,2.0,104,104,2,0.9798442378368414,False
18053,7.28,1,7.28,2.0,322,322,1,0.0,False
18056,1725.98,1,1725.98,2.0,115,115,2,0.985521269076119,False
18058,39.98,1,39.98,2.0,118,118,1,0.0,False
18059,1714.97,1,1714.97,3.0,114,114,2,0.9918482539053162,False
18063,54.98,1,54.98,2.0,279,279,2,0.0,False
18066,2344.96,1,2344.96,4.0,48,48,2,0.9786904680676859,False
18067,2380.47,1,2380.47,3.0,43,43,3,0.964091124861897,False
18068,2439.99,1,2439.99,2.0,60,60,2,0.9508194705716007,False
18071,68.49,1,68.49,2.0,249,249,2,0.0,False
18083,89.97,1,89.97,3.0,183,183,2,0.0,False
18084,1775.47,1,1775.47,3.0,102,102,2,0.958050544362901,False
18086,1723.96,1,1723.96,4.0,110,110,3,0.9866760249657764,False
18088,1735.98,1,1735.98,2.0,109,109,2,0.9798442378368414,False
18089,1735.98,1,1735.98,2.0,31,31,2,0.9798442378368414,False
18091,1750.98,1,1750.98,2.0,25,25,2,0.9714502735610915,False
18093,13.98,1,13.98,2.0,197,197,2,0.0,False
18094,68.49,1,68.49,2.0,314,314,2,0.0,False
18096,1735.98,1,1735.98,2.0,115,115,2,0.9798442378368414,False
18097,39.98,1,39.98,2.0,283,283,1,0.0,False
18100,59.98,1,59.98,2.0,166,166,1,0.0,False
18101,64.47,1,64.47,3.0,42,42,2,0.0,False
18103,1735.98,1,1735.98,2.0,20,20,2,0.9798442378368414,False
18108,1735.98,1,1735.98,2.0,120,120,2,0.9798442378368414,False
18109,123.48,1,123.48,3.0,310,310,2,0.0,False
18111,4.99,1,4.99,1.0,318,318,1,0.0,False
18115,13.98,1,13.98,2.0,37,37,2,0.0,False
18116,2376.96,1,2376.96,3.0,79,79,2,0.9760324111470113,False
18117,13.98,1,13.98,2.0,7,7,2,0.0,False
18118,1750.98,1,1750.98,2.0,31,31,2,0.9714502735610915,False
18122,2439.99,1,2439.99,2.0,66,66,2,0.9508194705716007,False
18123,4.99,1,4.99,1.0,302,302,1,0.0,False
18124,56.97,1,56.97,2.0,105,105,1,0.0,False
18128,85.48,1,85.48,2.0,259,259,2,0.0,False
18131,3021.3782,2,1510.6891,1.5,113,836,2,0.9992420677424627,True
18133,5780.467500000001,3,1926.8225000000002,1.6666666666666667,112,692,3,0.9868574643832875,True
18134,5732.4675,3,1910.8225,2.0,107,687,3,0.9907596510577689,True
18137,3043.0582,2,1521.5291,2.5,113,849,3,0.9921230556812882,True
18140,5741.4075,3,1913.8025,2.6666666666666665,106,678,2,0.9935712627957518,True
18141,6972.8625,3,2324.2875,2.6666666666666665,14,421,3,0.9839033108712528,True
18142,24.27,1,24.27,2.0,63,63,1,0.0,False
18145,71.97,1,71.97,2.0,323,323,2,0.0,False
18146,31.97,1,31.97,2.0,68,68,1,0.0,False
18147,6930.592500000001,3,2310.1975,2.0,11,398,2,0.9899041820738993,True
18148,1518.5782,2,759.2891,1.5,235,806,2,0.9670810498925904,True
18150,76.97,1,76.97,2.0,312,312,1,0.0,False
18157,3399.4075,2,1699.70375,2.5,110,620,3,0.9767665394631272,True
18162,7.28,1,7.28,2.0,81,81,1,0.0,False
18163,3044.0582,2,1522.0291,2.5,100,779,2,0.983584413727701,True
18164,3330.4175,2,1665.20875,1.5,94,591,2,0.989493809710044,True
18167,3405.4075,2,1702.70375,2.0,116,573,3,0.97504557090451,True
18172,39.98,1,39.98,2.0,71,71,1,0.0,False
18173,7189.35,3,2396.4500000000003,3.0,25,422,3,0.990689005264732,True
18174,7.28,1,7.28,2.0,334,334,1,0.0,False
18176,3345.3975,2,1672.69875,2.5,103,568,2,0.9850630605182197,True
18178,21.98,1,21.98,1.0,205,205,1,0.0,False
18179,4.99,1,4.99,1.0,257,257,1,0.0,False
18181,185.92,2,92.96,3.5,207,218,2,0.0,False
18182,4.99,1,4.99,1.0,265,265,1,0.0,False
18183,3343.3575,2,1671.67875,2.5,112,556,2,0.993141624848674,True
18184,89.97,1,89.97,3.0,75,75,2,0.0,False
18185,3332.3875,2,1666.19375,2.5,110,561,2,0.9889088528870068,True
18186,139.44,2,69.72,3.0,146,261,2,0.0,False
18190,30.97,2,15.485,1.0,101,285,2,0.0,False
18191,94.47,2,47.235,1.5,52,334,2,0.0,False
18193,4145.54,2,2072.77,2.0,150,996,2,0.9934194338976347,True
18196,4133.24,2,2066.62,2.0,130,964,2,0.9963757246131365,True
18198,4143.25,2,2071.625,1.5,67,958,2,0.9939685029867857,True
18200,4150.53,2,2075.265,2.5,92,968,2,0.9922250893259417,True
18201,4157.73,2,2078.865,2.5,75,961,3,0.9905068390684342,True
18204,4133.24,2,2066.62,2.0,47,966,2,0.9963757246131365,True
18206,65.96,2,32.98,1.5,178,252,2,0.0,False
18210,6044.59,2,3022.295,2.5,344,972,3,0.9961999076860466,True
18211,65.96,2,32.98,1.5,161,304,2,0.0,False
18212,6029.57,2,3014.785,1.5,361,960,2,0.9986814980172716,True
18214,6093.2,2,3046.6,2.5,353,946,2,0.9882524781723889,True
18215,150.97,2,75.485,1.5,60,60,2,0.0,False
18218,6021.62,2,3010.81,1.0,355,964,1,1.0,True
18221,45.95,2,22.975,2.0,126,143,2,0.0,False
18226,1725.98,1,1725.98,2.0,71,71,2,0.985521269076119,False
18227,1729.97,1,1729.97,3.0,92,92,2,0.9832482644207703,False
18229,1700.99,1,1700.99,1.0,65,65,1,1.0,False
18230,4.99,1,4.99,1.0,38,38,1,0.0,False
18232,2369.97,1,2369.97,4.0,52,52,2,0.968362468723233,False
18234,1754.98,1,1754.98,2.0,84,84,2,0.969236116650902,False
18236,2414.99,1,2414.99,2.0,73,73,2,0.9503103532519803,False
18241,6058.21,2,3029.105,2.0,346,968,2,0.9939602621896566,True
18244,6021.62,2,3010.81,1.0,351,955,1,1.0,True
18249,6044.59,2,3022.295,2.5,328,956,3,0.9961999076860466,True
18251,6035.6,2,3017.8,2.0,330,946,2,0.9976837431241302,True
18258,45.95,2,22.975,2.0,62,195,2,0.0,False
18259,30.97,2,15.485,1.0,183,313,2,0.0,False
18260,6035.6,2,3017.8,2.0,307,952,2,0.9976837431241302,True
18261,85.96,2,42.98,1.5,119,122,2,0.0,False
18262,142.45,2,71.225,2.5,7,71,2,0.0,False
18264,69.97,2,34.985,1.5,73,100,1,0.0,False
18268,6102.1900000000005,2,3051.0950000000003,3.0,125,959,3,0.9867965435360092,True
18273,6104.21,2,3052.105,2.0,314,947,3,0.9864699936601132,True
18274,30.97,2,15.485,1.0,65,66,2,0.0,False
18275,6021.62,2,3010.81,1.0,329,961,1,1.0,True
18277,6070.59,2,3035.295,2.5,114,929,2,0.9919332387790973,True
18278,158.95,2,79.475,2.5,167,265,2,0.0,False
18279,162.01999999999998,2,81.00999999999999,4.0,19,24,2,0.0,False
18281,6081.1,2,3040.55,2.0,105,943,3,0.9902188748746116,True
18283,119.95,1,119.95,4.0,150,150,2,0.0,False
18284,6029.57,2,3014.785,1.5,307,931,2,0.9986814980172716,True
18286,141.55,2,70.775,3.0,26,314,1,0.0,False
18292,39.25,2,19.625,2.0,89,150,1,0.0,False
18294,78.26,2,39.13,1.5,43,232,2,0.0,False
18296,6117.6900000000005,2,3058.8450000000003,3.0,317,934,3,0.9842963602274716,True
18300,64.88,2,32.44,1.5,138,259,1,0.0,False
18302,6029.57,2,3014.785,1.5,328,919,2,0.9986814980172716,True
18303,6030.610000000001,2,3015.3050000000003,1.5,314,927,2,0.9985092718647036,True
18304,2.29,1,2.29,1.0,253,253,1,0.0,False
18305,160.55,2,80.275,3.0,82,174,2,0.0,False
18306,87.77000000000001,2,43.885000000000005,1.5,160,198,2,0.0,False
18307,6021.62,2,3010.81,1.0,326,932,1,1.0,True
18309,6090.59,2,3045.295,2.5,335,942,2,0.9886759739204249,True
18311,13.98,1,13.98,2.0,15,15,2,0.0,False
18315,7.28,1,7.28,2.0,186,186,1,0.0,False
18317,21.98,1,21.98,1.0,39,39,1,0.0,False
18322,148.89000000000001,3,49.63,3.0,10,269,2,0.0,False
18323,39.98,1,39.98,2.0,164,164,1,0.0,False
18325,108.85,2,54.425,3.0,224,304,1,0.0,False
18326,62.98,1,62.98,2.0,96,96,1,0.0,False
18329,146.53,3,48.843333333333334,2.3333333333333335,67,334,2,0.0,False
18330,34.98,1,34.98,2.0,291,291,1,0.0,False
18331,4752.75,2,2376.375,1.5,42,915,2,0.9886402609015833,True
18332,4752.75,2,2376.375,1.5,38,916,2,0.9886402609015833,True
18334,4698.76,2,2349.38,1.0,62,938,1,1.0,True
18336,6145.07,2,3072.535,3.5,11,929,3,0.9799107251829517,True
18338,6124.58,2,3062.29,3.0,18,940,3,0.9831890513308669,True
18339,13.98,1,13.98,2.0,78,78,2,0.0,False
18340,39.98,1,39.98,2.0,52,52,1,0.0,False
18342,39.98,1,39.98,2.0,218,218,1,0.0,False
18344,1759.97,1,1759.97,3.0,72,72,2,0.9664880651374739,False
18345,115.47,2,57.735,1.5,60,64,2,0.0,False
18346,13.98,1,13.98,2.0,313,313,2,0.0,False
18347,39.98,1,39.98,2.0,165,165,1,0.0,False
18348,29.48,1,29.48,2.0,308,308,2,0.0,False
18350,1735.98,1,1735.98,2.0,71,71,2,0.9798442378368414,False
18351,2319.99,1,2319.99,1.0,37,37,1,1.0,False
18352,2334.98,1,2334.98,3.0,51,51,2,0.9828735149765737,False
18354,132.94,1,132.94,3.0,251,251,1,0.0,False
18358,39.98,1,39.98,2.0,264,264,1,0.0,False
18361,1750.98,1,1750.98,2.0,84,84,2,0.9714502735610915,False
18364,124.99,1,124.99,2.0,295,295,1,0.0,False
18366,1775.47,1,1775.47,3.0,76,76,2,0.958050544362901,False
18368,1754.98,1,1754.98,2.0,11,11,2,0.969236116650902,False
18371,1754.98,1,1754.98,2.0,81,81,2,0.969236116650902,False
18373,1763.97,1,1763.97,3.0,78,78,2,0.9642964449508779,False
18374,12.94,1,12.94,2.0,288,288,1,0.0,False
18375,2344.96,1,2344.96,4.0,10,10,2,0.9786904680676859,False
18378,2439.99,1,2439.99,2.0,29,29,2,0.9508194705716007,False
18384,103.48,1,103.48,3.0,324,324,2,0.0,False
18387,4.99,1,4.99,1.0,271,271,1,0.0,False
18388,2337.27,1,2337.27,4.0,11,11,2,0.9819105195377514,False
18389,2401.45,1,2401.45,4.0,81,81,3,0.9660788273751277,False
18392,2342.93,1,2342.93,4.0,72,72,2,0.9795384411826219,False
18396,29.48,1,29.48,2.0,108,108,2,0.0,False
18399,2334.97,1,2334.97,3.0,27,27,2,0.9935845000149897,False
18401,2294.99,1,2294.99,1.0,64,64,1,1.0,False
18403,2318.96,1,2318.96,4.0,4,4,3,0.9896634698313039,False
18406,2354.99,1,2354.99,2.0,6,6,2,0.9851379411377543,False
18407,63.25,2,31.625,2.0,76,268,2,0.0,False
18409,1728.27,1,1728.27,3.0,92,92,2,0.9842154293021346,False
18411,56.959999999999994,2,28.479999999999997,1.5,161,194,1,0.0,False
18413,2395.96,1,2395.96,3.0,6,6,3,0.968292458972604,False
18414,1760.47,1,1760.47,3.0,84,84,3,0.966213567967645,False
18417,39.98,1,39.98,2.0,149,149,1,0.0,False
18422,2351.96,1,2351.96,3.0,22,22,2,0.9757776492797497,False
18423,4.99,1,4.99,1.0,280,280,1,0.0,False
18424,4.99,1,4.99,1.0,297,297,1,0.0,False
18425,4.99,1,4.99,1.0,110,110,1,0.0,False
18429,2341.97,1,2341.97,2.0,21,21,2,0.9906147388736832,False
18430,1775.47,1,1775.47,3.0,69,69,2,0.958050544362901,False
18432,2350.96,1,2350.96,3.0,23,23,3,0.9868266580460748,False
18433,2329.98,1,2329.98,2.0,79,79,2,0.984982703714195,False
18436,2294.99,1,2294.99,1.0,17,17,1,1.0,False
18437,2359.98,1,2359.98,3.0,27,27,2,0.9830549411435691,False
18440,1775.47,1,1775.47,3.0,77,77,2,0.958050544362901,False
18442,2312.26,1,2312.26,4.0,15,15,2,0.992531116742927,False
18443,60.47,1,60.47,3.0,13,13,1,0.0,False
18448,1735.98,1,1735.98,2.0,78,78,2,0.9798442378368414,False
18452,4752.75,2,2376.375,1.5,51,944,2,0.9886402609015833,True
18454,68.49,1,68.49,2.0,335,335,2,0.0,False
18458,4733.75,2,2366.875,1.5,17,924,2,0.9926083971481384,True
18461,4748.24,2,2374.12,2.0,23,930,3,0.9895792967499537,True
18462,4752.75,2,2376.375,1.5,18,922,2,0.9886402609015833,True
18463,4726.04,2,2363.02,2.0,28,930,2,0.9942277255376595,True
18464,4698.76,2,2349.38,1.0,13,920,1,1.0,True
18473,127.28,1,127.28,3.0,146,146,1,0.0,False
18474,39.98,1,39.98,2.0,89,89,1,0.0,False
18477,13.98,1,13.98,2.0,310,310,2,0.0,False
18480,2329.99,1,2329.99,2.0,12,12,2,0.9849784763024734,False
18484,6093.2,2,3046.6,2.5,328,937,2,0.9882524781723889,True
18485,6063.21,2,3031.605,2.0,307,919,3,0.9931405971424377,True
18486,6021.62,2,3010.81,1.0,302,942,1,1.0,True
18488,6056.610000000001,2,3028.3050000000003,1.5,301,942,2,0.9942228408301014,True
18490,6029.57,2,3014.785,1.5,279,926,2,0.9986814980172716,True
18493,6029.57,2,3014.785,1.5,286,928,2,0.9986814980172716,True
18496,6121.71,2,3060.855,2.5,287,934,3,0.9836499932208485,True
18500,39.98,1,39.98,2.0,19,19,1,0.0,False
18502,1760.47,1,1760.47,3.0,87,87,3,0.966213567967645,False
18508,2359.96,1,2359.96,4.0,17,17,3,0.9724698723707185,False
18511,2465.93,1,2465.93,6.0,15,15,3,0.9408174603496453,False
18512,2349.98,1,2349.98,2.0,24,24,2,0.976599800849369,False
18514,2389.96,1,2389.96,4.0,23,23,2,0.9707233593867682,False
18517,78.98,1,78.98,2.0,105,105,1,0.0,False
18519,2362.27,1,2362.27,4.0,23,23,2,0.9821019612491376,False
18520,78.98,1,78.98,2.0,258,258,1,0.0,False
18521,119.98,1,119.98,2.0,287,287,1,0.0,False
18523,160.94,2,80.47,2.5,148,288,2,0.0,False
18531,4.99,1,4.99,1.0,112,112,1,0.0,False
18534,54.98,1,54.98,2.0,302,302,2,0.0,False
18536,54.98,1,54.98,2.0,52,52,2,0.0,False
18537,2294.99,1,2294.99,1.0,24,24,1,1.0,False
18538,2319.99,1,2319.99,1.0,7,7,1,1.0,False
18543,1735.98,1,1735.98,2.0,82,82,2,0.9798442378368414,False
18545,1725.98,1,1725.98,2.0,86,86,2,0.985521269076119,False
18546,29.48,1,29.48,2.0,261,261,2,0.0,False
18547,2351.96,1,2351.96,3.0,6,6,2,0.9864070817530911,False
18549,1169.46,1,1169.46,4.0,313,313,2,0.9581259726711473,False
18550,64.47,1,64.47,3.0,24,24,2,0.0,False
18552,4.99,1,4.99,1.0,288,288,1,0.0,False
18553,1700.99,1,1700.99,1.0,86,86,1,1.0,False
18554,155.45,2,77.725,2.5,271,288,2,0.0,False
18556,1700.99,1,1700.99,1.0,63,63,1,1.0,False
18558,1750.98,1,1750.98,2.0,74,74,2,0.9714502735610915,False
18559,1735.98,1,1735.98,2.0,71,71,2,0.9798442378368414,False
18561,2389.96,1,2389.96,4.0,3,3,2,0.9707233593867682,False
18563,1750.98,1,1750.98,2.0,35,35,2,0.9714502735610915,False
18566,2379.48,1,2379.48,3.0,15,15,3,0.974998739220334,False
18567,1700.99,1,1700.99,1.0,44,44,1,1.0,False
18568,1732.26,1,1732.26,4.0,44,44,2,0.9819484373015598,False
18571,1120.49,1,1120.49,1.0,286,286,1,1.0,False
18572,13.98,1,13.98,2.0,232,232,2,0.0,False
18575,78.98,1,78.98,2.0,76,76,1,0.0,False
18578,2351.96,1,2351.96,3.0,20,20,2,0.9864070817530911,False
18579,69.99,1,69.99,1.0,63,63,1,0.0,False
18583,119.98,1,119.98,2.0,325,325,1,0.0,False
18584,123.98,1,123.98,2.0,297,297,1,0.0,False
18585,78.98,1,78.98,2.0,64,64,1,0.0,False
18588,119.98,1,119.98,2.0,88,88,1,0.0,False
18590,119.98,1,119.98,2.0,222,222,1,0.0,False
18592,2294.99,1,2294.99,1.0,31,31,1,1.0,False
18593,69.99,1,69.99,1.0,301,301,1,0.0,False
18595,2329.99,1,2329.99,2.0,65,65,2,0.9849784763024734,False
18596,1775.47,1,1775.47,3.0,43,43,2,0.958050544362901,False
18599,78.98,1,78.98,2.0,234,234,1,0.0,False
18601,69.99,1,69.99,1.0,287,287,1,0.0,False
18603,1205.47,1,1205.47,3.0,270,270,3,0.9295046745252888,False
18605,1735.98,1,1735.98,2.0,57,57,2,0.9798442378368414,False
18606,1750.98,1,1750.98,2.0,49,49,2,0.9714502735610915,False
18607,1750.98,1,1750.98,2.0,34,34,2,0.9714502735610915,False
18610,2297.28,1,2297.28,2.0,4,4,2,0.9990031689650369,False
18611,2391.94,1,2391.94,5.0,25,25,2,0.9699198140421585,False
18612,119.98,1,119.98,2.0,132,132,1,0.0,False
18614,2319.99,1,2319.99,1.0,10,10,1,1.0,False
18615,2334.97,1,2334.97,3.0,17,17,2,0.9935845000149897,False
18616,1729.97,1,1729.97,3.0,34,34,2,0.9832482644207703,False
18619,38.98,1,38.98,2.0,170,170,1,0.0,False
18621,3033.33,2,1516.665,1.5,296,410,2,0.9835197621096288,True
18625,2753.8225,2,1376.91125,2.5,72,412,2,0.988281742922792,True
18628,128.95,1,128.95,5.0,211,211,2,0.0,False
18632,32.27,1,32.27,3.0,313,313,1,0.0,False
18633,2793.5025,2,1396.75125,3.0,76,405,2,0.9742438032541587,True
18636,58.98,1,58.98,2.0,124,124,1,0.0,False
18637,121.94,2,60.97,2.5,65,275,1,0.0,False
18639,1700.99,1,1700.99,1.0,34,34,1,1.0,False
18640,39.98,1,39.98,2.0,297,297,1,0.0,False
18641,1120.49,1,1120.49,1.0,268,268,1,1.0,False
18642,69.97,1,69.97,3.0,215,215,1,0.0,False
18643,2319.99,1,2319.99,1.0,19,19,1,1.0,False
18651,607.96,1,607.96,4.0,141,141,3,0.8881998815711559,False
18655,1735.98,1,1735.98,2.0,32,32,2,0.9798442378368414,False
18656,564.48,1,564.48,2.0,117,117,2,0.9566149376417233,False
18658,58.98,1,58.98,2.0,157,157,2,0.0,False
18659,78.98,1,78.98,2.0,233,233,1,0.0,False
18662,39.98,1,39.98,2.0,51,51,1,0.0,False
18666,58.98,1,58.98,2.0,186,186,2,0.0,False
18669,69.99,1,69.99,1.0,144,144,1,0.0,False
18673,128.97,1,128.97,3.0,173,173,1,0.0,False
18675,128.97,1,128.97,3.0,260,260,1,0.0,False
18676,119.98,1,119.98,2.0,239,239,1,0.0,False
18677,60.959999999999994,2,30.479999999999997,1.5,235,330,2,0.0,False
18678,78.98,1,78.98,2.0,198,198,1,0.0,False
18679,1700.99,1,1700.99,1.0,40,40,1,1.0,False
18680,1735.98,1,1735.98,2.0,57,57,2,0.9798442378368414,False
18681,69.99,1,69.99,1.0,281,281,1,0.0,False
18683,78.98,1,78.98,2.0,206,206,1,0.0,False
18685,124.46000000000001,2,62.230000000000004,2.0,16,163,2,0.0,False
18688,78.98,1,78.98,2.0,136,136,1,0.0,False
18689,78.98,1,78.98,2.0,205,205,1,0.0,False
18693,6021.62,2,3010.81,1.0,287,937,1,1.0,True
18694,6035.6,2,3017.8,2.0,302,942,2,0.9976837431241302,True
18695,6029.57,2,3014.785,1.5,280,943,2,0.9986814980172716,True
18696,6149.57,2,3074.785,3.5,299,932,3,0.9791936671994954,True
18697,5279.26,2,2639.63,1.0,361,926,1,1.0,True
18698,5314.25,2,2657.125,1.5,345,920,2,0.9934158159665052,True
18699,5308.24,2,2654.12,2.0,333,922,2,0.9945405633505645,True
18701,5357.74,2,2678.87,2.0,325,926,2,0.9853520327600818,True
18702,5333.25,2,2666.625,1.5,308,915,2,0.9898767168237004,True
18703,5314.25,2,2657.125,1.5,276,934,2,0.9934158159665052,True
18705,59.26,2,29.63,1.5,158,220,1,0.0,False
18707,122.76,2,61.38,2.0,106,313,2,0.0,False
18711,10.24,1,10.24,2.0,104,104,1,0.0,False
18712,24.27,2,12.135,1.0,124,276,1,0.0,False
18713,237.26,2,118.63,2.0,7,64,2,0.0,False
18714,24.27,2,12.135,1.0,187,294,1,0.0,False
18715,123.96000000000001,2,61.980000000000004,2.0,25,174,2,0.0,False
18720,86.27000000000001,2,43.135000000000005,1.5,6,81,2,0.0,False
18721,5333.25,2,2666.625,1.5,277,899,2,0.9898767168237004,True
18722,5333.25,2,2666.625,1.5,286,906,2,0.9898767168237004,True
18723,5279.26,2,2639.63,1.0,305,890,1,1.0,True
18724,6056.51,2,3028.255,2.0,300,892,2,0.9942392566015741,True
18725,6044.59,2,3022.295,2.5,279,905,3,0.9961999076860466,True
18726,5314.25,2,2657.125,1.5,301,904,2,0.9934158159665052,True
18728,56.71,2,28.355,2.0,75,131,2,0.0,False
18729,5333.25,2,2666.625,1.5,295,892,2,0.9898767168237004,True
18734,24.27,2,12.135,1.0,37,240,1,0.0,False
18735,6021.62,2,3010.81,1.0,304,903,1,1.0,True
18736,6035.6,2,3017.8,2.0,284,888,2,0.9976837431241302,True
18737,6021.62,2,3010.81,1.0,288,887,1,1.0,True
18738,6089.59,2,3044.795,2.5,283,898,3,0.9888383290172246,True
18742,21.98,1,21.98,1.0,186,186,1,0.0,False
18747,6089.59,2,3044.795,2.5,288,912,3,0.9888383290172246,True
18750,4.99,1,4.99,1.0,92,92,1,0.0,False
18751,39.98,1,39.98,2.0,318,318,1,0.0,False
18752,119.98,1,119.98,2.0,283,283,1,0.0,False
18755,86.96,2,43.48,1.5,278,279,1,0.0,False
18757,78.98,1,78.98,2.0,325,325,1,0.0,False
18758,158.51,3,52.836666666666666,3.0,218,313,2,0.0,False
18759,112.06,2,56.03,2.5,135,225,2,0.0,False
18761,13.98,1,13.98,2.0,129,129,2,0.0,False
18762,1764.96,1,1764.96,4.0,43,43,2,0.9637555525337684,False
18763,123.96000000000001,2,61.980000000000004,2.0,53,229,2,0.0,False
18764,69.99,1,69.99,1.0,163,163,1,0.0,False
18765,119.98,1,119.98,2.0,89,89,1,0.0,False
18766,4752.75,2,2376.375,1.5,13,898,2,0.9886402609015833,True
18767,5314.25,2,2657.125,1.5,254,900,2,0.9934158159665052,True
18769,5304.25,2,2652.125,1.5,272,896,2,0.9952886836027715,True
18770,94.48,1,94.48,2.0,130,130,1,0.0,False
18771,69.99,1,69.99,1.0,69,69,1,0.0,False
18776,67.97,1,67.97,3.0,213,213,2,0.0,False
18780,1759.97,1,1759.97,3.0,56,56,2,0.9664880651374739,False
18781,2362.27,1,2362.27,4.0,4,4,2,0.9821019612491376,False
18783,2362.27,1,2362.27,4.0,4,4,2,0.9821019612491376,False
18784,128.97,1,128.97,3.0,76,76,1,0.0,False
18786,119.98,1,119.98,2.0,271,271,1,0.0,False
18787,78.98,1,78.98,2.0,104,104,1,0.0,False
18788,2351.96,1,2351.96,3.0,39,39,2,0.9757776492797497,False
18790,1728.27,1,1728.27,3.0,42,42,2,0.9842154293021346,False
18791,69.99,1,69.99,1.0,9,9,1,0.0,False
18792,1775.47,1,1775.47,3.0,36,36,2,0.958050544362901,False
18793,30.48,1,30.48,2.0,36,36,2,0.0,False
18794,1735.98,1,1735.98,2.0,58,58,2,0.9798442378368414,False
18796,23.78,1,23.78,2.0,82,82,1,0.0,False
18800,1754.98,1,1754.98,2.0,54,54,2,0.969236116650902,False
18801,1799.48,1,1799.48,3.0,61,61,3,0.9452675217284994,False
18808,2411.94,1,2411.94,5.0,13,13,2,0.9618771611234113,False
18810,133.49,1,133.49,2.0,51,51,1,0.0,False
18815,69.99,1,69.99,1.0,101,101,1,0.0,False
18816,148.47,1,148.47,3.0,305,305,1,0.0,False
18821,91.97,2,45.985,1.0,54,199,2,0.0,False
18824,2394.97,1,2394.97,4.0,31,31,2,0.968692718489167,False
18826,166.43,2,83.215,3.0,43,292,2,0.0,False
18829,2354.98,1,2354.98,2.0,27,27,2,0.9851421243492514,False
18830,119.98,1,119.98,2.0,43,43,1,0.0,False
18833,78.98,1,78.98,2.0,21,21,1,0.0,False
18836,128.97,1,128.97,3.0,278,278,1,0.0,False
18837,94.48,1,94.48,2.0,208,208,1,0.0,False
18838,2376.96,1,2376.96,3.0,13,13,2,0.9760324111470113,False
18839,2384.97,1,2384.97,3.0,50,50,2,0.9727543742688589,False
18841,1145.48,1,1145.48,2.0,242,242,2,0.9781838181373748,False
18842,1155.48,1,1155.48,2.0,234,234,2,0.9697182123446533,False
18843,69.99,1,69.99,1.0,40,40,1,0.0,False
18844,123.98,1,123.98,2.0,192,192,1,0.0,False
18845,69.99,1,69.99,1.0,252,252,1,0.0,False
18850,2376.45,1,2376.45,4.0,25,25,3,0.9657219802646807,False
18851,69.99,1,69.99,1.0,18,18,1,0.0,False
18859,1155.48,1,1155.48,2.0,195,195,2,0.9697182123446533,False
18860,2394.97,1,2394.97,4.0,24,24,2,0.968692718489167,False
18863,2414.97,1,2414.97,4.0,10,10,2,0.9606703188859491,False
18865,1779.47,1,1779.47,3.0,18,18,2,0.9558969805616279,False
18868,1759.97,1,1759.97,3.0,31,31,2,0.9664880651374739,False
18869,1735.98,1,1735.98,2.0,30,30,2,0.9798442378368414,False
18874,69.99,1,69.99,1.0,149,149,1,0.0,False
18886,69.99,1,69.99,1.0,95,95,1,0.0,False
18887,133.49,1,133.49,2.0,3,3,1,0.0,False
18888,123.98,1,123.98,2.0,250,250,1,0.0,False
18889,78.98,1,78.98,2.0,332,332,1,0.0,False
18898,74.98,1,74.98,3.0,297,297,1,0.0,False
18899,4118.26,2,2059.13,1.0,349,911,1,1.0,True
18900,4132.24,2,2066.12,2.0,343,900,2,0.9966168470369583,True
18902,4186.23,2,2093.115,2.5,341,894,3,0.9837634339250353,True
18905,2416.43,1,2416.43,6.0,10,10,3,0.9600898846645675,False
18906,4217.22,2,2108.61,3.0,366,911,3,0.9765343045892794,True
18908,6090.59,2,3045.295,2.5,294,888,2,0.9886759739204249,True
18909,6035.6,2,3017.8,2.0,276,911,2,0.9976837431241302,True
18910,59.98,1,59.98,2.0,49,49,1,0.0,False
18911,64.47,1,64.47,3.0,38,38,2,0.0,False
18913,78.98,1,78.98,2.0,86,86,1,0.0,False
18914,1725.98,1,1725.98,2.0,18,18,2,0.985521269076119,False
18917,607.96,1,607.96,4.0,101,101,3,0.8881998815711559,False
18918,78.98,1,78.98,2.0,134,134,1,0.0,False
18919,300.94,2,150.47,3.0,287,291,2,0.0,False
18924,839.48,1,839.48,2.0,208,208,2,0.9166269595463858,False
18925,82.18,2,41.09,3.5,101,227,1,0.0,False
18926,91.95,1,91.95,4.0,322,322,1,0.0,False
18928,6095.08,2,3047.54,3.0,250,885,3,0.9879476561423314,True
18930,6035.6,2,3017.8,2.0,252,890,2,0.9976837431241302,True
18932,59.26,2,29.63,1.5,229,281,1,0.0,False
18933,59.98,1,59.98,2.0,143,143,1,0.0,False
18935,69.99,1,69.99,1.0,332,332,1,0.0,False
18943,902.98,1,902.98,3.0,125,125,2,0.8521672683780371,False
18945,78.98,1,78.98,2.0,2,2,1,0.0,False
18949,801.77,1,801.77,3.0,133,133,2,0.9597390772914927,False
18950,2351.96,1,2351.96,3.0,54,54,2,0.9757776492797497,False
18951,2334.97,1,2334.97,3.0,33,33,2,0.9935845000149897,False
18953,777.44,1,777.44,2.0,106,106,2,0.9897741304795225,False
18954,893.47,1,893.47,3.0,39,39,2,0.8612376464794564,False
18956,848.47,1,848.47,3.0,9,9,2,0.9069147995804212,False
18957,589.26,1,589.26,3.0,340,340,2,0.9588127481926484,False
18959,2341.46,1,2341.46,3.0,57,57,3,0.9801534085570542,False
18960,618.98,1,618.98,2.0,333,333,2,0.9127758570551553,False
18961,2369.96,1,2369.96,4.0,44,44,2,0.9789152559536872,False
18964,69.99,1,69.99,1.0,254,254,1,0.0,False
18967,132.97,1,132.97,3.0,324,324,1,0.0,False
18970,133.49,1,133.49,2.0,43,43,1,0.0,False
18973,567.27,1,567.27,3.0,311,311,2,0.9519100252084546,False
18974,585.94,1,585.94,5.0,308,308,3,0.9215790012629279,False
18975,89.97,1,89.97,3.0,207,207,2,0.0,False
18976,1750.98,1,1750.98,2.0,30,30,2,0.9714502735610915,False
18977,128.97,1,128.97,3.0,24,24,1,0.0,False
18978,118.72999999999999,2,59.364999999999995,3.0,109,242,2,0.0,False
18986,56.97,1,56.97,2.0,323,323,1,0.0,False
18987,119.98,1,119.98,2.0,334,334,1,0.0,False
18988,69.99,1,69.99,1.0,59,59,1,0.0,False
18989,133.49,1,133.49,2.0,122,122,1,0.0,False
18991,69.99,1,69.99,1.0,29,29,1,0.0,False
18993,128.97,1,128.97,3.0,22,22,1,0.0,False
18996,69.99,1,69.99,1.0,3,3,1,0.0,False
18997,69.99,1,69.99,1.0,121,121,1,0.0,False
18998,1784.96,1,1784.96,4.0,24,24,2,0.9529569290068125,False
18999,1754.98,1,1754.98,2.0,18,18,2,0.969236116650902,False
19000,29.99,1,29.99,1.0,54,54,1,0.0,False
19001,91.95,2,45.975,2.0,148,291,1,0.0,False
19002,1729.97,1,1729.97,3.0,20,20,2,0.9832482644207703,False
19005,94.48,1,94.48,2.0,311,311,1,0.0,False
19006,69.99,1,69.99,1.0,11,11,1,0.0,False
19010,78.98,1,78.98,2.0,317,317,1,0.0,False
19011,78.98,1,78.98,2.0,170,170,1,0.0,False
19017,69.99,1,69.99,1.0,55,55,1,0.0,False
19018,133.49,1,133.49,2.0,179,179,1,0.0,False
19019,78.98,1,78.98,2.0,255,255,1,0.0,False
19020,123.98,1,123.98,2.0,124,124,1,0.0,False
19021,614.96,1,614.96,4.0,287,287,2,0.9187426824508911,False
19022,69.99,1,69.99,1.0,90,90,1,0.0,False
19023,579.97,1,579.97,3.0,297,297,2,0.9741710778143696,False
19024,699.97,1,699.97,4.0,280,280,2,0.8071631641356058,False
19026,113.24000000000001,2,56.620000000000005,2.5,40,301,2,0.0,False
19027,3029.0782,2,1514.5391,1.5,89,733,2,0.9967019669548314,True
19029,3339.4075,2,1669.70375,2.0,111,566,3,0.9868299990342599,True
19032,6938.5825,3,2312.8608333333336,2.3333333333333335,17,390,3,0.9887642757004044,True
19033,3139.0681999999997,2,1569.5340999999999,2.5,66,751,3,0.9617784666163036,True
19034,3322.7175,2,1661.35875,1.5,100,536,2,0.9993108050864993,True
19035,3320.4275,2,1660.21375,1.0,70,520,1,1.0,True
19037,4858.34,2,2429.17,1.5,87,380,2,0.9753002054199582,True
19038,3318.3575,2,1659.17875,2.5,89,505,2,0.9930899548948541,True
19040,3310.4075,2,1655.20375,2.0,91,515,2,0.9954748773376089,True
19041,3089.0782,2,1544.5391,2.0,81,742,2,0.9773427555184586,True
19048,4765.63,2,2382.815,1.5,42,386,2,0.9995194759139925,True
19051,3104.5681999999997,2,1552.2840999999999,2.0,70,745,3,0.9724663803488034,True
19052,3140.2700000000004,2,1570.1350000000002,2.0,64,717,2,0.9881252249010436,True
19053,24.99,1,24.99,1.0,17,17,1,0.0,False
19054,21.98,1,21.98,1.0,21,21,1,0.0,False
19055,45.95,1,45.95,4.0,20,20,2,0.0,False
19056,37.93,1,37.93,3.0,315,315,1,0.0,False
19060,29.93,1,29.93,2.0,292,292,1,0.0,False
19065,3295.4275,2,1647.71375,1.0,89,483,1,1.0,True
19066,84.96,1,84.96,3.0,90,90,2,0.0,False
19068,64.97,1,64.97,3.0,147,147,1,0.0,False
19071,115.95,1,115.95,4.0,241,241,2,0.0,False
19073,4760.32,2,2380.16,1.5,33,377,2,0.9953826633503631,True
19075,64.97,1,64.97,3.0,247,247,1,0.0,False
19076,3177.96,2,1588.98,2.5,78,678,2,0.9764062480333296,True
19077,39.98,1,39.98,2.0,199,199,1,0.0,False
19078,32.27,1,32.27,3.0,283,283,1,0.0,False
19079,24.99,1,24.99,1.0,143,143,1,0.0,False
19080,29.98,1,29.98,2.0,326,326,1,0.0,False
19081,32.27,1,32.27,3.0,54,54,1,0.0,False
19082,39.98,1,39.98,2.0,179,179,1,0.0,False
19083,6021.62,2,3010.81,1.0,263,898,1,1.0,True
19085,78.26,2,39.13,1.5,142,186,2,0.0,False
19086,2.29,1,2.29,1.0,309,309,1,0.0,False
19087,47.2,2,23.6,2.5,327,333,1,0.0,False
19088,24.27,2,12.135,1.0,55,333,1,0.0,False
19090,59.26,2,29.63,1.5,46,313,1,0.0,False
19091,2.29,1,2.29,1.0,194,194,1,0.0,False
19092,78.26,2,39.13,1.5,44,99,2,0.0,False
19093,6035.6,2,3017.8,2.0,274,902,2,0.9976837431241302,True
19097,24.27,2,12.135,1.0,100,191,1,0.0,False
19099,6038.5599999999995,2,3019.2799999999997,2.0,256,860,3,0.9971946954240747,True
19100,79.26,2,39.63,1.5,4,161,1,0.0,False
19101,104.42,2,52.21,3.5,80,165,2,0.0,False
19102,6029.57,2,3014.785,1.5,246,868,2,0.9986814980172716,True
19104,30.97,1,30.97,2.0,159,159,2,0.0,False
19106,64.95,2,32.475,2.0,232,299,2,0.0,False
19107,69.99,1,69.99,1.0,234,234,1,0.0,False
19110,604.96,1,604.96,4.0,303,303,2,0.892604469717006,False
19111,609.95,1,609.95,5.0,268,268,2,0.9262890400852528,False
19114,1735.98,1,1735.98,2.0,6,6,2,0.9798442378368414,False
19115,148.47,1,148.47,3.0,54,54,1,0.0,False
19116,1183.47,1,1183.47,3.0,211,211,2,0.9467836109069093,False
19117,1750.98,1,1750.98,2.0,12,12,2,0.9714502735610915,False
19118,1120.49,1,1120.49,1.0,208,208,1,1.0,False
19128,642.91,1,642.91,5.0,261,261,2,0.878801076355944,False
19130,664.95,1,664.95,5.0,240,240,3,0.8496729077374239,False
19132,69.99,1,69.99,1.0,10,10,1,0.0,False
19135,69.99,1,69.99,1.0,268,268,1,0.0,False
19142,618.98,1,618.98,2.0,227,227,2,0.9127758570551553,False
19144,614.96,1,614.96,4.0,223,223,2,0.9187426824508911,False
19145,133.49,1,133.49,2.0,101,101,1,0.0,False
19147,133.70999999999998,2,66.85499999999999,4.0,90,208,2,0.0,False
19150,34.98,1,34.98,2.0,97,97,1,0.0,False
19152,78.98,1,78.98,2.0,267,267,1,0.0,False
19153,69.99,1,69.99,1.0,211,211,1,0.0,False
19157,1700.99,1,1700.99,1.0,4,4,1,1.0,False
19158,1735.98,1,1735.98,2.0,18,18,2,0.9798442378368414,False
19159,1120.49,1,1120.49,1.0,351,351,1,1.0,False
19160,1183.47,1,1183.47,3.0,345,345,2,0.9467836109069093,False
19161,584.9,1,584.9,5.0,243,243,2,0.9232176440417164,False
19162,563.96,1,563.96,4.0,244,244,3,0.9574969856018157,False
19164,629.96,1,629.96,4.0,227,227,2,0.8968664677122357,False
19166,69.99,1,69.99,1.0,108,108,1,0.0,False
19167,1120.49,1,1120.49,1.0,363,363,1,1.0,False
19168,119.98,1,119.98,2.0,330,330,1,0.0,False
19169,1170.48,1,1170.48,2.0,339,339,2,0.9572910259039027,False
19171,1174.48,1,1174.48,2.0,353,353,2,0.9540307199782031,False
19172,1609.4075,2,804.70375,2.0,207,728,3,0.9726731732019392,True
19174,2483.98,2,1241.99,1.0,39,649,1,1.0,True
19175,24.99,1,24.99,1.0,166,166,1,0.0,False
19180,39.98,1,39.98,2.0,86,86,1,0.0,False
19181,2518.9700000000003,2,1259.4850000000001,1.5,43,664,2,0.9861094018586963,True
19183,48.97,1,48.97,3.0,114,114,2,0.0,False
19185,58.98,1,58.98,2.0,318,318,2,0.0,False
19186,1562.4075,2,781.20375,1.5,63,709,2,0.9859319671724566,True
19189,29.48,1,29.48,2.0,219,219,2,0.0,False
19190,27.28,1,27.28,2.0,114,114,1,0.0,False
19191,74.98,1,74.98,2.0,205,205,2,0.0,False
19193,1609.3975,2,804.69875,2.5,78,681,3,0.9571454535004559,True
19194,1589.75,2,794.875,2.5,199,652,2,0.9765560622739424,True
19195,1637.3775,2,818.68875,3.0,65,684,2,0.9560577814218163,True
19199,1134.47,1,1134.47,3.0,340,340,2,0.987677065061218,False
19200,109.24000000000001,2,54.620000000000005,2.5,1,55,2,0.0,False
19201,1120.49,1,1120.49,1.0,337,337,1,1.0,False
19207,791.32,1,791.32,4.0,227,227,2,0.9381160592427842,False
19216,54.98,1,54.98,2.0,245,245,2,0.0,False
19217,185.01999999999998,3,61.673333333333325,2.6666666666666665,32,309,1,0.0,False
19220,66.65,2,33.325,3.0,162,308,1,0.0,False
19221,59.98,1,59.98,2.0,42,42,1,0.0,False
19227,69.99,1,69.99,1.0,292,292,1,0.0,False
19232,60.959999999999994,2,30.479999999999997,1.5,60,216,2,0.0,False
19233,69.99,1,69.99,1.0,265,265,1,0.0,False
19234,119.98,1,119.98,2.0,19,19,1,0.0,False
19239,78.98,1,78.98,2.0,10,10,1,0.0,False
19240,1155.48,1,1155.48,2.0,343,343,2,0.9697182123446533,False
19241,148.47,1,148.47,3.0,318,318,1,0.0,False
19245,119.98,1,119.98,2.0,177,177,1,0.0,False
19246,69.99,1,69.99,1.0,173,173,1,0.0,False
19248,147.28,1,147.28,3.0,152,152,1,0.0,False
19250,31.27,1,31.27,3.0,149,149,1,0.0,False
19252,94.97,1,94.97,3.0,275,275,1,0.0,False
19253,1540.4275,2,770.21375,1.0,71,687,1,1.0,True
19254,2701.4275,2,1350.71375,1.0,36,446,1,1.0,True
19257,2739.8975,2,1369.94875,2.5,62,429,3,0.9859593287705108,True
19260,1592.7075,2,796.35375,2.0,42,682,2,0.9828719334843341,True
19261,82.97,1,82.97,3.0,110,110,2,0.0,False
19263,1587.4075,2,793.70375,1.5,44,660,2,0.9861535239061173,True
19267,42.28,1,42.28,3.0,15,15,1,0.0,False
19269,4118.26,2,2059.13,1.0,340,879,1,1.0,True
19270,4127.25,2,2063.625,1.5,356,879,2,0.9978217941728754,True
19274,2701.4275,2,1350.71375,1.0,41,454,1,1.0,True
19277,39.98,1,39.98,2.0,323,323,1,0.0,False
19278,1575.4175,2,787.70875,1.5,57,662,2,0.97779001439301,True
19279,63.97,1,63.97,3.0,117,117,1,0.0,False
19280,2537.9700000000003,2,1268.9850000000001,1.5,18,599,2,0.9787270929128399,True
19282,2520.91,2,1260.455,2.5,17,583,2,0.9853505281822836,True
19285,2751.4175,2,1375.70875,1.5,43,421,2,0.9818311833809301,True
19286,2755.4175,2,1377.70875,1.5,49,412,2,0.9804058731571532,True
19288,2736.4175,2,1368.20875,1.5,56,398,2,0.9872132085107628,True
19292,2518.9700000000003,2,1259.4850000000001,1.5,13,592,2,0.9861094018586963,True
19295,2483.98,2,1241.99,1.0,23,567,1,1.0,True
19296,2547.95,2,1273.975,2.5,7,564,2,0.9748935418669914,True
19297,2542.96,2,1271.48,2.0,6,577,2,0.9768065561393025,True
19298,4535.2775,3,1511.7591666666667,1.0,53,398,1,1.0,True
19299,1587.4075,2,793.70375,1.5,80,662,2,0.9861535239061173,True
19301,1590.4175,2,795.20875,1.5,14,668,2,0.9842871447277208,True
19306,29.48,1,29.48,2.0,170,170,2,0.0,False
19308,1549.4175,2,774.70875,1.5,17,626,2,0.9941978195031359,True
19309,2518.9700000000003,2,1259.4850000000001,1.5,14,575,2,0.9861094018586963,True
19310,1611.46,2,805.73,2.0,208,578,2,0.9633996500068261,True
19311,4640.2575,3,1546.7524999999998,2.0,32,426,2,0.9773762555203026,True
19314,2730.4075000000003,2,1365.2037500000001,2.0,9,426,2,0.9893861996789858,True
19316,2701.4275,2,1350.71375,1.0,31,376,1,1.0,True
19317,4.99,1,4.99,1.0,258,258,1,0.0,False
19318,2537.9700000000003,2,1268.9850000000001,1.5,18,547,2,0.9787270929128399,True
19325,4245.2182,3,1415.0727333333334,1.6666666666666667,46,1048,3,0.9973428927634389,True
19326,1903.48,2,951.74,1.0,340,496,1,1.0,True
19328,27.28,1,27.28,2.0,260,260,1,0.0,False
19329,2459.0682,2,1229.5341,2.0,31,1038,2,0.9760153053095479,True
19330,31.27,1,31.27,3.0,120,120,1,0.0,False
19331,28.98,1,28.98,2.0,2,2,1,0.0,False
19333,35.23,1,35.23,3.0,33,33,1,0.0,False
19335,1957.47,2,978.735,1.5,358,509,2,0.9724184789549776,True
19336,1957.47,2,978.735,1.5,319,490,2,0.9724184789549776,True
19338,1583.45,2,791.725,2.0,136,492,3,0.9804414411569674,True
19343,1952.45,2,976.225,2.5,308,514,2,0.9749186918999206,True
19349,69.97,1,69.97,3.0,113,113,1,0.0,False
19350,23.78,1,23.78,2.0,254,254,1,0.0,False
19353,2400.0882,2,1200.0441,1.0,16,987,1,1.0,True
19354,37.27,1,37.27,3.0,30,30,1,0.0,False
19355,24.99,1,24.99,1.0,127,127,1,0.0,False
19357,2478.5682,2,1239.2841,2.0,23,965,2,0.9683365581790327,True
19359,3478.7775,2,1739.38875,1.5,357,551,2,0.989941868946778,True
19361,3478.7775,2,1739.38875,1.5,339,577,2,0.989941868946778,True
19363,4.99,1,4.99,1.0,228,228,1,0.0,False
19371,32.28,1,32.28,2.0,60,60,1,0.0,False
19373,89.97,1,89.97,3.0,178,178,1,0.0,False
19374,29.48,1,29.48,2.0,84,84,2,0.0,False
19378,24.99,1,24.99,1.0,7,7,1,0.0,False
19379,103.46,1,103.46,4.0,74,74,2,0.0,False
19382,3443.7875,2,1721.89375,1.0,344,532,1,1.0,True
19385,116.95,1,116.95,4.0,29,29,1,0.0,False
19386,1938.47,2,969.235,1.5,295,479,2,0.981949681965674,True
19387,2464.0582,2,1232.0291,2.5,11,917,2,0.9740387625584496,True
19388,45.22,1,45.22,4.0,257,257,1,0.0,False
19393,1134.47,1,1134.47,3.0,357,357,2,0.987677065061218,False
19399,151.43,2,75.715,3.0,202,242,2,0.0,False
19402,1254.47,1,1254.47,4.0,323,323,2,0.8931979242229786,False
19404,4.99,1,4.99,1.0,5,5,1,0.0,False
19407,1155.48,1,1155.48,2.0,311,311,2,0.9697182123446533,False
19408,1129.48,1,1129.48,2.0,313,313,2,0.9920405850479866,False
19411,29.99,1,29.99,1.0,37,37,1,0.0,False
19412,618.47,1,618.47,4.0,225,225,3,0.8731062137209565,False
19415,2435.0782,2,1217.5391,1.5,6,930,2,0.9856308516087903,True
19420,4314.8782,3,1438.2927333333334,2.6666666666666665,24,886,3,0.9812416489531501,True
19424,3511.7575,2,1755.87875,2.5,344,541,3,0.9806450189114712,True
19427,1967.45,2,983.725,2.5,200,458,2,0.967485831914407,True
19428,1878.5682000000002,2,939.2841000000001,2.0,355,909,2,0.9686037483227918,True
19429,1854.5782,2,927.2891,1.5,308,858,2,0.981133176266172,True
19431,4.99,1,4.99,1.0,99,99,1,0.0,False
19432,1869.5782,2,934.7891,1.5,318,881,2,0.9732613484688686,True
19433,3478.7775,2,1739.38875,1.5,348,505,2,0.989941868946778,True
19436,1942.7,2,971.35,3.0,210,439,2,0.9798116024090183,True
19437,3480.3775,2,1740.18875,2.0,354,504,2,0.9894867726273947,True
19444,58.98,1,58.98,2.0,79,79,2,0.0,False
19445,63.97,1,63.97,3.0,64,64,1,0.0,False
19447,1587.46,2,793.73,2.0,28,438,2,0.9779647991130485,True
19451,1869.5782,2,934.7891,1.5,321,796,2,0.9732613484688686,True
19452,1611.46,2,805.73,2.0,10,408,2,0.9633996500068261,True
19454,4363.8982000000005,3,1454.6327333333336,2.0,4,800,3,0.9702192869668683,True
19455,3478.7775,2,1739.38875,1.5,324,478,2,0.989941868946778,True
19458,1957.47,2,978.735,1.5,200,402,2,0.9724184789549776,True
19461,24.99,1,24.99,1.0,113,113,1,0.0,False
19462,29.48,1,29.48,2.0,295,295,2,0.0,False
19463,4.99,1,4.99,1.0,296,296,1,0.0,False
19464,58.98,1,58.98,2.0,74,74,2,0.0,False
19467,3485.3775,2,1742.68875,2.0,300,431,3,0.9880672896981748,True
19468,6.28,1,6.28,2.0,37,37,1,0.0,False
19472,1854.5782,2,927.2891,1.5,294,799,2,0.981133176266172,True
19474,1589.75,2,794.875,2.5,23,400,2,0.9765560622739424,True
19475,1394.93,2,697.465,3.0,347,413,2,0.9484203508419777,True
19476,4346.4182,3,1448.8060666666668,2.3333333333333335,21,788,3,0.9741212200887617,True
19478,23.78,1,23.78,2.0,90,90,1,0.0,False
19481,3.99,1,3.99,1.0,117,117,1,0.0,False
19482,1854.5782,2,927.2891,1.5,290,770,2,0.981133176266172,True
19483,33.98,1,33.98,2.0,126,126,1,0.0,False
19484,38.98,1,38.98,2.0,43,43,1,0.0,False
19485,6.28,1,6.28,2.0,21,21,1,0.0,False
19487,6.28,1,6.28,2.0,117,117,1,0.0,False
19489,38.98,1,38.98,2.0,123,123,1,0.0,False
19493,3515.3675,2,1757.68375,2.5,329,417,2,0.9796379752614771,True
19497,28.98,1,28.98,2.0,135,135,1,0.0,False
19499,3492.7575,2,1746.37875,2.5,330,416,2,0.9859795591305726,True
19500,3478.7775,2,1739.38875,1.5,282,406,2,0.989941868946778,True
19501,1819.5882000000001,2,909.7941000000001,1.0,279,789,1,1.0,True
19503,1391.95,2,695.975,2.5,304,390,3,0.9504508064226445,True
19507,6.28,1,6.28,2.0,171,171,1,0.0,False
19511,3524.3575,2,1762.17875,3.0,230,399,3,0.9771390955656458,True
19513,24.99,1,24.99,1.0,135,135,1,0.0,False
19516,3.99,1,3.99,1.0,281,281,1,0.0,False
19518,1894.0682000000002,2,947.0341000000001,2.0,248,745,2,0.9606772343255644,True
19519,38.98,1,38.98,2.0,211,211,1,0.0,False
19523,31.27,1,31.27,3.0,227,227,1,0.0,False
19524,23.22,1,23.22,4.0,188,188,2,0.0,False
19527,1219.45,1,1219.45,5.0,185,185,3,0.9188486612817254,False
19531,1179.97,1,1179.97,3.0,325,325,3,0.9495919387781045,False
19532,1205.47,1,1205.47,3.0,333,333,3,0.9295046745252888,False
19533,1155.48,1,1155.48,2.0,316,316,2,0.9697182123446533,False
19538,1155.48,1,1155.48,2.0,297,297,2,0.9697182123446533,False
19542,579.97,1,579.97,3.0,203,203,2,0.9741710778143696,False
19543,133.49,1,133.49,2.0,243,243,1,0.0,False
19545,1179.47,1,1179.47,3.0,296,296,2,0.9499944890501666,False
19548,1183.47,1,1183.47,3.0,293,293,2,0.9467836109069093,False
19550,1269.47,1,1269.47,4.0,295,295,2,0.882643938021379,False
19558,6029.57,2,3014.785,1.5,255,867,2,0.9986814980172716,True
19560,6117.6900000000005,2,3058.8450000000003,3.0,259,876,3,0.9842963602274716,True
19561,6021.62,2,3010.81,1.0,264,872,1,1.0,True
19562,5314.25,2,2657.125,1.5,226,882,2,0.9934158159665052,True
19563,5333.25,2,2666.625,1.5,244,860,2,0.9898767168237004,True
19565,5308.24,2,2654.12,2.0,216,880,2,0.9945405633505645,True
19569,112.24000000000001,2,56.120000000000005,2.5,42,135,2,0.0,False
19571,90.94999999999999,2,45.474999999999994,2.0,84,289,1,0.0,False
19572,82.25,2,41.125,2.5,195,265,2,0.0,False
19573,33.98,1,33.98,2.0,5,5,1,0.0,False
19575,60.050000000000004,2,30.025000000000002,2.5,54,298,1,0.0,False
19578,91.26,2,45.63,2.0,24,179,2,0.0,False
19585,28.99,1,28.99,1.0,140,140,1,0.0,False
19586,6056.610000000001,2,3028.3050000000003,1.5,272,863,2,0.9942228408301014,True
19587,21.49,1,21.49,1.0,260,260,1,0.0,False
19588,6056.610000000001,2,3028.3050000000003,1.5,272,876,2,0.9942228408301014,True
19589,95.25999999999999,2,47.629999999999995,2.0,115,263,2,0.0,False
19592,5377.23,2,2688.615,2.5,231,861,3,0.9817805821956659,True
19595,6095.08,2,3047.54,3.0,262,861,3,0.9879476561423314,True
19596,6056.610000000001,2,3028.3050000000003,1.5,249,878,2,0.9942228408301014,True
19597,33.98,1,33.98,2.0,202,202,1,0.0,False
19598,5310.53,2,2655.265,2.5,196,874,2,0.99411169883232,True
19599,5279.26,2,2639.63,1.0,194,864,1,1.0,True
19600,94.46,1,94.46,4.0,254,254,2,0.0,False
19601,5314.25,2,2657.125,1.5,201,861,2,0.9934158159665052,True
19606,83.97,1,83.97,4.0,282,282,2,0.0,False
19608,68.45,2,34.225,2.5,152,176,2,0.0,False
19609,6093.2,2,3046.6,2.5,223,858,2,0.9882524781723889,True
19612,6029.57,2,3014.785,1.5,221,873,2,0.9986814980172716,True
19615,5279.26,2,2639.63,1.0,202,857,1,1.0,True
19616,5279.26,2,2639.63,1.0,201,857,1,1.0,True
19617,61.75,2,30.875,2.5,8,135,1,0.0,False
19619,112.75,2,56.375,2.5,164,300,1,0.0,False
19620,5279.26,2,2639.63,1.0,204,830,1,1.0,True
19622,61.75,2,30.875,2.5,155,208,1,0.0,False
19624,23.78,1,23.78,2.0,126,126,1,0.0,False
19627,41.75,2,20.875,2.5,248,308,1,0.0,False
19628,6035.6,2,3017.8,2.0,236,852,2,0.9976837431241302,True
19629,109.44,2,54.72,3.0,150,273,1,0.0,False
19634,69.99,1,69.99,1.0,102,102,1,0.0,False
19635,94.48,1,94.48,2.0,34,34,1,0.0,False
19636,133.49,1,133.49,2.0,119,119,1,0.0,False
19639,64.47,1,64.47,3.0,319,319,2,0.0,False
19642,133.54,3,44.51333333333333,2.0,35,254,1,0.0,False
19646,197.04000000000002,3,65.68,2.3333333333333335,10,56,2,0.0,False
19649,78.98,1,78.98,2.0,96,96,1,0.0,False
19650,42.28,1,42.28,3.0,15,15,1,0.0,False
19652,5314.25,2,2657.125,1.5,203,827,2,0.9934158159665052,True
19653,5314.25,2,2657.125,1.5,208,833,2,0.9934158159665052,True
19656,13.98,1,13.98,2.0,123,123,2,0.0,False
19657,756.26,1,756.26,5.0,191,191,2,0.7470843360748949,False
19658,539.99,1,539.99,1.0,197,197,1,1.0,False
19659,557.26,1,557.26,4.0,197,197,2,0.969009080142124,False
19660,119.98,1,119.98,2.0,215,215,1,0.0,False
19661,2521.27,1,2521.27,5.0,49,49,2,0.9201672173150833,False
19662,75.97,1,75.97,2.0,158,158,2,0.0,False
19663,69.99,1,69.99,1.0,127,127,1,0.0,False
19665,69.99,1,69.99,1.0,52,52,1,0.0,False
19668,119.98,1,119.98,2.0,12,12,1,0.0,False
19669,78.98,1,78.98,2.0,189,189,1,0.0,False
19670,1134.47,1,1134.47,3.0,292,292,2,0.987677065061218,False
19672,74.98,1,74.98,3.0,69,69,1,0.0,False
19673,37.29,1,37.29,2.0,128,128,1,0.0,False
19674,42.28,1,42.28,3.0,90,90,1,0.0,False
19675,198.99,1,198.99,3.0,111,111,1,0.0,False
19678,1120.49,1,1120.49,1.0,284,284,1,1.0,False
19681,1179.97,1,1179.97,3.0,168,168,3,0.9495919387781045,False
19682,1155.48,1,1155.48,2.0,291,291,2,0.9697182123446533,False
19685,78.98,1,78.98,2.0,77,77,1,0.0,False
19687,592.27,1,592.27,3.0,214,214,2,0.953939926047242,False
19690,572.26,1,572.26,4.0,209,209,2,0.9436095481075036,False
19691,569.97,1,569.97,3.0,212,212,2,0.947400740389845,False
19693,71.95,1,71.95,4.0,224,224,1,0.0,False
19694,69.99,1,69.99,1.0,156,156,1,0.0,False
19697,539.99,1,539.99,1.0,187,187,1,1.0,False
19700,119.98,1,119.98,2.0,122,122,1,0.0,False
19701,1184.46,1,1184.46,4.0,283,283,2,0.9459922665180758,False
19702,69.99,1,69.99,1.0,223,223,1,0.0,False
19705,2341.97,1,2341.97,2.0,55,55,2,0.9906147388736832,False
19709,197.25,2,98.625,3.0,6,183,1,0.0,False
19710,2351.96,1,2351.96,3.0,41,41,2,0.9757776492797497,False
19712,119.98,1,119.98,2.0,194,194,1,0.0,False
19713,78.98,1,78.98,2.0,332,332,1,0.0,False
19714,548.98,1,548.98,2.0,169,169,2,0.9836241757441072,False
19715,123.98,1,123.98,2.0,170,170,1,0.0,False
19718,579.97,1,579.97,3.0,169,169,2,0.9741710778143696,False
19721,564.26,1,564.26,3.0,168,168,2,0.9569879133732677,False
19723,574.98,1,574.98,2.0,166,166,2,0.9826254826254827,False
19724,1155.48,1,1155.48,2.0,305,305,2,0.9697182123446533,False
19725,1179.97,1,1179.97,3.0,285,285,3,0.9495919387781045,False
19726,64.24000000000001,2,32.120000000000005,2.5,307,319,1,0.0,False
19729,37.27,2,18.635,1.5,166,198,1,0.0,False
19730,639.45,1,639.45,5.0,174,174,3,0.8835561810931268,False
19734,119.98,1,119.98,2.0,64,64,1,0.0,False
19736,663.95,1,663.95,5.0,168,168,3,0.8132991942164319,False
19737,621.96,1,621.96,3.0,158,158,2,0.9084024696121936,False
19740,589.96,1,589.96,4.0,144,144,2,0.9152993423282934,False
19745,1174.48,1,1174.48,2.0,271,271,2,0.9540307199782031,False
19748,4.99,1,4.99,1.0,111,111,1,0.0,False
19749,682.92,1,682.92,5.0,135,135,2,0.7907075499326421,False
19751,37.27,2,18.635,1.5,125,227,1,0.0,False
19753,4.99,1,4.99,1.0,81,81,1,0.0,False
19754,78.98,1,78.98,2.0,70,70,1,0.0,False
19756,78.98,1,78.98,2.0,138,138,1,0.0,False
19758,78.98,1,78.98,2.0,299,299,1,0.0,False
19761,67.93,1,67.93,3.0,18,18,1,0.0,False
19762,48.97,1,48.97,3.0,163,163,2,0.0,False
19763,4153.25,2,2076.625,1.5,356,853,2,0.9915752723770541,True
19765,4132.24,2,2066.12,2.0,365,835,2,0.9966168470369583,True
19767,94.48,1,94.48,2.0,84,84,1,0.0,False
19769,539.99,1,539.99,1.0,76,76,1,1.0,False
19770,4127.25,2,2063.625,1.5,312,834,2,0.9978217941728754,True
19774,148.47,1,148.47,3.0,302,302,1,0.0,False
19778,69.99,1,69.99,1.0,313,313,1,0.0,False
19783,6021.62,2,3010.81,1.0,230,834,1,1.0,True
19785,6076.610000000001,2,3038.3050000000003,1.5,217,825,2,0.9909505464395445,True
19787,6054.219999999999,2,3027.1099999999997,1.5,244,849,2,0.9946153261691844,True
19789,6058.21,2,3029.105,2.0,244,839,2,0.9939602621896566,True
19790,6089.59,2,3044.795,2.5,220,840,3,0.9888383290172246,True
19791,6058.21,2,3029.105,2.0,242,844,2,0.9939602621896566,True
19792,6056.610000000001,2,3028.3050000000003,1.5,228,831,2,0.9942228408301014,True
19793,6056.610000000001,2,3028.3050000000003,1.5,236,835,2,0.9942228408301014,True
19795,6044.59,2,3022.295,2.5,226,848,3,0.9961999076860466,True
19798,128.44,2,64.22,3.0,88,309,2,0.0,False
19800,69.99,1,69.99,1.0,192,192,1,0.0,False
19801,193.01000000000002,3,64.33666666666667,3.0,100,189,2,0.0,False
19804,123.98,1,123.98,2.0,151,151,1,0.0,False
19805,69.99,1,69.99,1.0,190,190,1,0.0,False
19808,589.98,1,589.98,2.0,133,133,2,0.9576426319536255,False
19809,69.99,1,69.99,1.0,252,252,1,0.0,False
19810,78.98,1,78.98,2.0,49,49,1,0.0,False
19814,589.98,1,589.98,2.0,149,149,2,0.9576426319536255,False
19815,597.26,1,597.26,4.0,99,99,2,0.9459699293440044,False
19816,123.98,1,123.98,2.0,110,110,1,0.0,False
19819,123.98,1,123.98,2.0,67,67,1,0.0,False
19821,564.99,1,564.99,1.0,97,97,1,1.0,False
19825,69.99,1,69.99,1.0,197,197,1,0.0,False
19826,71.97,1,71.97,2.0,322,322,2,0.0,False
19828,21.98,1,21.98,1.0,133,133,1,0.0,False
19829,4533.45,2,2266.725,2.5,156,1036,3,0.9916244802523466,True
19831,579.97,1,579.97,3.0,110,110,2,0.9741710778143696,False
19832,69.99,1,69.99,1.0,13,13,1,0.0,False
19833,69.99,1,69.99,1.0,262,262,1,0.0,False
19835,78.98,1,78.98,2.0,13,13,1,0.0,False
19838,604.96,1,604.96,4.0,118,118,2,0.892604469717006,False
19840,119.98,1,119.98,2.0,2,2,1,0.0,False
19843,564.99,1,564.99,1.0,86,86,1,1.0,False
19847,21.98,1,21.98,1.0,44,44,1,0.0,False
19848,123.98,1,123.98,2.0,10,10,1,0.0,False
19852,69.99,1,69.99,1.0,288,288,1,0.0,False
19853,119.98,1,119.98,2.0,80,80,1,0.0,False
19854,554.97,1,554.97,3.0,90,90,2,0.9730075499576554,False
19856,144.47,1,144.47,3.0,213,213,1,0.0,False
19859,69.99,1,69.99,1.0,225,225,1,0.0,False
19860,132.97,1,132.97,3.0,307,307,1,0.0,False
19862,98.47999999999999,2,49.239999999999995,1.5,166,246,2,0.0,False
19864,69.99,1,69.99,1.0,182,182,1,0.0,False
19865,1155.48,1,1155.48,2.0,270,270,2,0.9697182123446533,False
19868,119.98,1,119.98,2.0,64,64,1,0.0,False
19870,77.25,2,38.625,2.5,23,276,1,0.0,False
19874,4544.45,2,2272.225,2.5,174,937,2,0.9892242185523002,True
19877,69.99,1,69.99,1.0,118,118,1,0.0,False
19879,69.99,1,69.99,1.0,301,301,1,0.0,False
19880,69.99,1,69.99,1.0,275,275,1,0.0,False
19881,78.98,1,78.98,2.0,276,276,1,0.0,False
19882,123.98,1,123.98,2.0,169,169,1,0.0,False
19883,548.98,1,548.98,2.0,68,68,2,0.9836241757441072,False
19884,4588.45,2,2294.225,2.5,159,892,3,0.9851867188266191,True
19885,123.98,1,123.98,2.0,1,1,1,0.0,False
19887,78.98,1,78.98,2.0,12,12,1,0.0,False
19888,119.98,1,119.98,2.0,159,159,1,0.0,False
19890,119.98,1,119.98,2.0,166,166,1,0.0,False
19894,69.99,1,69.99,1.0,214,214,1,0.0,False
19896,69.99,1,69.99,1.0,277,277,1,0.0,False
19898,27.28,1,27.28,2.0,10,10,1,0.0,False
19899,3127.95,2,1563.975,2.5,64,374,2,0.984024680701418,True
19903,3177.9399999999996,2,1588.9699999999998,3.0,46,397,3,0.9685456616550346,True
19907,32.27,1,32.27,3.0,87,87,1,0.0,False
19908,49.48,1,49.48,2.0,6,6,2,0.0,False
19909,63.97,1,63.97,3.0,214,214,1,0.0,False
19910,3188.46,2,1594.23,2.0,84,714,3,0.9731908193924339,True
19914,31.27,1,31.27,3.0,199,199,1,0.0,False
19916,3354.3875,2,1677.19375,3.0,44,386,3,0.9824230205961597,True
19918,3360.4075,2,1680.20375,2.0,2,390,2,0.9806630594652584,True
19919,4.99,1,4.99,1.0,231,231,1,0.0,False
19922,3137.9700000000003,2,1568.9850000000001,1.5,56,382,2,0.9888494791218527,True
19923,24.99,1,24.99,1.0,244,244,1,0.0,False
19926,39.98,1,39.98,2.0,268,268,1,0.0,False
19927,4.99,1,4.99,1.0,154,154,1,0.0,False
19928,4.99,1,4.99,1.0,241,241,1,0.0,False
19929,63.97,1,63.97,3.0,275,275,1,0.0,False
19930,3115.2700000000004,2,1557.6350000000002,2.0,35,732,2,0.9880299299900169,True
19933,4.99,1,4.99,1.0,281,281,1,0.0,False
19935,82.97,1,82.97,3.0,135,135,2,0.0,False
19936,28.98,1,28.98,2.0,3,3,1,0.0,False
19938,4.99,1,4.99,1.0,108,108,1,0.0,False
19942,3034.0681999999997,2,1517.0340999999999,2.0,11,1070,2,0.9950627345819058,True
19944,3105.2700000000004,2,1552.6350000000002,1.5,43,677,2,0.9992625439977845,True
19946,86.95,1,86.95,4.0,259,259,1,0.0,False
19949,6054.219999999999,2,3027.1099999999997,1.5,235,825,2,0.9946153261691844,True
19951,6021.62,2,3010.81,1.0,191,849,1,1.0,True
19952,39.46,2,19.73,2.0,21,299,1,0.0,False
19954,74.45,2,37.225,2.5,198,326,1,0.0,False
19955,173.45,2,86.725,3.0,127,191,2,0.0,False
19957,6035.6,2,3017.8,2.0,198,841,2,0.9976837431241302,True
19960,6120.110000000001,2,3060.0550000000003,2.0,199,831,3,0.983907151995634,True
19964,6056.610000000001,2,3028.3050000000003,1.5,195,846,2,0.9942228408301014,True
19966,6021.62,2,3010.81,1.0,206,829,1,1.0,True
19967,6029.57,2,3014.785,1.5,188,851,2,0.9986814980172716,True
19969,98.45,2,49.225,2.5,207,334,2,0.0,False
19970,6099.1,2,3049.55,2.5,187,803,3,0.9872964863668411,True
19973,83.44,2,41.72,3.0,115,280,2,0.0,False
19979,6090.59,2,3045.295,2.5,191,802,2,0.9886759739204249,True
19982,589.96,1,589.96,4.0,49,49,2,0.9152993423282934,False
19983,1120.49,1,1120.49,1.0,252,252,1,1.0,False
19985,1174.48,1,1174.48,2.0,266,266,2,0.9540307199782031,False
19987,4564.45,2,2282.225,2.5,180,908,2,0.9848897457525004,True
19989,4495.48,2,2247.74,1.0,151,861,1,1.0,True
19990,548.98,1,548.98,2.0,49,49,2,0.9836241757441072,False
19991,596.96,1,596.96,3.0,45,45,2,0.9045664701152506,False
19992,586.97,1,586.97,2.0,38,38,2,0.9625534524762764,False
19994,539.99,1,539.99,1.0,59,59,1,1.0,False
19998,1155.48,1,1155.48,2.0,270,270,2,0.9697182123446533,False
20000,4495.48,2,2247.74,1.0,131,833,1,1.0,True
20001,1155.48,1,1155.48,2.0,250,250,2,0.9697182123446533,False
20002,589.96,1,589.96,4.0,21,21,2,0.9152993423282934,False
20004,589.96,1,589.96,4.0,20,20,2,0.9152993423282934,False
20006,1155.48,1,1155.48,2.0,215,215,2,0.9697182123446533,False
20009,1184.46,1,1184.46,4.0,237,237,2,0.9459922665180758,False
20011,539.99,1,539.99,1.0,7,7,1,1.0,False
20014,78.98,1,78.98,2.0,277,277,1,0.0,False
20019,128.97,1,128.97,3.0,117,117,1,0.0,False
20023,4530.469999999999,2,2265.2349999999997,1.5,115,780,2,0.9922767394994338,True
20024,1155.48,1,1155.48,2.0,244,244,2,0.9697182123446533,False
20025,94.48,1,94.48,2.0,50,50,1,0.0,False
20026,1212.97,1,1212.97,4.0,224,224,3,0.9237573888884308,False
20027,78.98,1,78.98,2.0,58,58,1,0.0,False
20029,1129.48,1,1129.48,2.0,240,240,2,0.9920405850479866,False
20030,1155.48,1,1155.48,2.0,230,230,2,0.9697182123446533,False
20031,1155.48,1,1155.48,2.0,233,233,2,0.9697182123446533,False
20033,567.27,1,567.27,3.0,21,21,2,0.9519100252084546,False
20036,2618.62,1,2618.62,5.0,348,348,2,0.9330677990697391,False
20038,2443.35,1,2443.35,1.0,364,364,1,1.0,False
20040,1155.48,1,1155.48,2.0,233,233,2,0.9697182123446533,False
20041,12.98,1,12.98,2.0,250,250,2,0.0,False
20042,3150.3982,2,1575.1991,1.5,302,1095,2,0.9974765094774369,True
20045,596.96,1,596.96,3.0,271,271,2,0.9045664701152506,False
20046,691.91,1,691.91,8.0,215,215,3,0.7804338714572704,False
20048,3142.4482,2,1571.2241,1.0,155,1062,1,1.0,True
20050,58.98,1,58.98,2.0,332,332,1,0.0,False
20051,4464.2699999999995,3,1488.09,3.0,2,686,3,0.9615973048225133,True
20053,36.27,1,36.27,3.0,188,188,1,0.0,False
20057,47.97,1,47.97,3.0,111,111,2,0.0,False
20058,31.27,1,31.27,3.0,213,213,1,0.0,False
20059,1170.48,1,1170.48,2.0,168,168,2,0.9572910259039027,False
20060,3142.4482,2,1571.2241,1.0,145,1015,1,1.0,True
20061,1174.48,1,1174.48,2.0,159,159,2,0.9540307199782031,False
20062,1997.45,2,998.725,2.5,275,701,3,0.9529550176475006,True
20063,64.97,1,64.97,3.0,21,21,1,0.0,False
20066,1170.48,1,1170.48,2.0,235,235,2,0.9572910259039027,False
20067,1155.48,1,1155.48,2.0,223,223,2,0.9697182123446533,False
20070,39.98,1,39.98,2.0,161,161,1,0.0,False
20071,78.98,1,78.98,2.0,302,302,1,0.0,False
20072,1155.48,1,1155.48,2.0,231,231,2,0.9697182123446533,False
20077,633.45,1,633.45,5.0,59,59,3,0.8524587575972846,False
20078,628.97,1,628.97,3.0,39,39,3,0.8585306135427763,False
20079,4.99,1,4.99,1.0,41,41,1,0.0,False
20084,63.150000000000006,2,31.575000000000003,2.5,31,221,1,0.0,False
20085,76.75999999999999,2,38.379999999999995,3.0,132,195,1,0.0,False
20095,59.98,1,59.98,2.0,115,115,1,0.0,False
20096,71.46,2,35.73,1.5,11,163,2,0.0,False
20097,1120.49,1,1120.49,1.0,241,241,1,1.0,False
20100,39.98,1,39.98,2.0,11,11,1,0.0,False
20101,67.93,1,67.93,3.0,47,47,1,0.0,False
20103,103.48,1,103.48,3.0,240,240,2,0.0,False
20104,66.53,2,33.265,3.0,306,321,1,0.0,False
20106,131.95,2,65.975,2.0,204,244,2,0.0,False
20107,69.99,1,69.99,1.0,159,159,1,0.0,False
20109,1155.48,1,1155.48,2.0,227,227,2,0.9697182123446533,False
20110,1120.49,1,1120.49,1.0,214,214,1,1.0,False
20112,78.98,1,78.98,2.0,71,71,1,0.0,False
20113,69.99,1,69.99,1.0,64,64,1,0.0,False
20114,78.98,1,78.98,2.0,213,213,1,0.0,False
20117,78.98,1,78.98,2.0,279,279,1,0.0,False
20119,69.99,1,69.99,1.0,87,87,1,0.0,False
20120,119.98,1,119.98,2.0,265,265,1,0.0,False
20121,69.99,1,69.99,1.0,287,287,1,0.0,False
20123,132.97,1,132.97,3.0,81,81,1,0.0,False
20124,69.99,1,69.99,1.0,205,205,1,0.0,False
20128,78.98,1,78.98,2.0,172,172,1,0.0,False
20137,78.96,1,78.96,4.0,24,24,2,0.0,False
20140,29.99,1,29.99,1.0,240,240,1,0.0,False
20151,4152.73,2,2076.365,2.5,308,821,3,0.9916994362744509,True
20153,13.98,1,13.98,2.0,153,153,2,0.0,False
20154,4153.25,2,2076.625,1.5,319,818,2,0.9915752723770541,True
20155,59.98,1,59.98,2.0,184,184,1,0.0,False
20156,4139.75,2,2069.875,1.5,308,800,2,0.994808865269642,True
20157,4118.26,2,2059.13,1.0,326,815,1,1.0,True
20159,4167.23,2,2083.615,2.5,326,809,2,0.9882487887637593,True
20161,38.98,1,38.98,2.0,187,187,1,0.0,False
20163,1903.48,2,951.74,1.0,258,641,1,1.0,True
20165,3191.4182,2,1595.7091,2.5,114,1001,2,0.984655724530242,True
20166,1967.45,2,983.725,2.5,269,657,2,0.967485831914407,True
20170,3177.4382,2,1588.7191,1.5,75,961,2,0.988987984093601,True
20171,1938.47,2,969.235,1.5,238,653,2,0.981949681965674,True
20172,3150.3982,2,1575.1991,1.5,35,955,2,0.9974765094774369,True
20176,32.28,1,32.28,2.0,90,90,1,0.0,False
20177,6.28,1,6.28,2.0,202,202,1,0.0,False
20181,2443.35,1,2443.35,1.0,354,354,1,1.0,False
20182,5749.969999999999,2,2874.9849999999997,1.5,55,757,2,0.9904364718424619,True
20183,2451.3,1,2451.3,2.0,335,335,2,0.9967568229102926,False
20185,69.99,1,69.99,1.0,105,105,1,0.0,False
20187,1179.97,1,1179.97,3.0,197,197,3,0.9495919387781045,False
20188,3226.8996,2,1613.4498,1.5,65,714,2,0.9891567745088816,True
20190,1204.46,1,1204.46,4.0,193,193,3,0.9302841107218173,False
20191,1143.46,1,1143.46,4.0,185,185,3,0.9799118465009707,False
20193,1120.49,1,1120.49,1.0,203,203,1,1.0,False
20202,45.95,1,45.95,4.0,22,22,2,0.0,False
20206,3204.5782,2,1602.2891,1.5,64,725,2,0.9890812463243993,True
20208,3219.5782,2,1609.7891,1.5,91,730,2,0.9844731213548409,True
20211,5333.25,2,2666.625,1.5,212,806,2,0.9898767168237004,True
20212,100.74,2,50.37,3.0,15,224,2,0.0,False
20213,6029.57,2,3014.785,1.5,208,820,2,0.9986814980172716,True
20214,5304.25,2,2652.125,1.5,188,809,2,0.9952886836027715,True
20215,5279.26,2,2639.63,1.0,206,801,1,1.0,True
20217,6089.59,2,3044.795,2.5,209,812,3,0.9888383290172246,True
20220,6060.5,2,3030.25,2.5,207,795,2,0.9935846877320353,True
20221,6035.6,2,3017.8,2.0,198,804,2,0.9976837431241302,True
20222,74.45,2,37.225,2.5,12,206,1,0.0,False
20225,6056.610000000001,2,3028.3050000000003,1.5,197,804,2,0.9942228408301014,True
20226,6067.2,2,3033.6,2.5,208,811,3,0.9924874736286919,True
20229,69.97,1,69.97,3.0,133,133,1,0.0,False
20231,60.47,1,60.47,3.0,221,221,1,0.0,False
20234,32.28,1,32.28,2.0,310,310,1,0.0,False
20237,21.49,1,21.49,1.0,332,332,1,0.0,False
20240,56.96,1,56.96,3.0,75,75,1,0.0,False
20242,6068.45,2,3034.225,3.0,200,813,2,0.9922830376784846,True
20243,60.47,1,60.47,3.0,222,222,1,0.0,False
20246,6035.6,2,3017.8,2.0,183,822,2,0.9976837431241302,True
20249,5333.25,2,2666.625,1.5,159,806,2,0.9898767168237004,True
20251,59.47,1,59.47,3.0,252,252,2,0.0,False
20252,69.97,1,69.97,3.0,120,120,1,0.0,False
20254,60.47,1,60.47,3.0,105,105,1,0.0,False
20255,75.48,1,75.48,2.0,323,323,2,0.0,False
20256,6029.57,2,3014.785,1.5,166,781,2,0.9986814980172716,True
20262,27.77,1,27.77,3.0,182,182,1,0.0,False
20263,21.49,1,21.49,1.0,34,34,1,0.0,False
20264,5333.25,2,2666.625,1.5,160,768,2,0.9898767168237004,True
20268,21.49,1,21.49,1.0,68,68,1,0.0,False
20270,78.98,1,78.98,2.0,252,252,1,0.0,False
20273,39.98,1,39.98,2.0,93,93,1,0.0,False
20274,69.99,1,69.99,1.0,150,150,1,0.0,False
20277,4.99,1,4.99,1.0,241,241,1,0.0,False
20279,144.47,1,144.47,3.0,289,289,1,0.0,False
20280,95.94,2,47.97,2.5,107,289,2,0.0,False
20281,1179.97,1,1179.97,3.0,195,195,3,0.9495919387781045,False
20284,5328.23,2,2664.115,2.5,124,780,2,0.9908093306782929,True
20287,144.47,1,144.47,3.0,110,110,1,0.0,False
20288,94.48,1,94.48,2.0,51,51,1,0.0,False
20291,1151.76,1,1151.76,4.0,190,190,2,0.9728502465791484,False
20292,119.98,1,119.98,2.0,61,61,1,0.0,False
20293,69.99,1,69.99,1.0,106,106,1,0.0,False
20295,1174.48,1,1174.48,2.0,200,200,2,0.9540307199782031,False
20297,2466.32,1,2466.32,4.0,293,293,3,0.9906865289175779,False
20299,56.97,1,56.97,2.0,261,261,1,0.0,False
20303,2512.32,1,2512.32,4.0,281,281,2,0.972547286969813,False
20305,69.99,1,69.99,1.0,85,85,1,0.0,False
20306,69.99,1,69.99,1.0,243,243,1,0.0,False
20308,69.99,1,69.99,1.0,287,287,1,0.0,False
20311,119.98,1,119.98,2.0,43,43,1,0.0,False
20312,4.99,1,4.99,1.0,238,238,1,0.0,False
20317,58.98,1,58.98,2.0,277,277,2,0.0,False
20318,3241.8996,2,1620.9498,1.5,64,696,2,0.9845800283266022,True
20319,1155.48,1,1155.48,2.0,199,199,2,0.9697182123446533,False
20321,1155.48,1,1155.48,2.0,203,203,2,0.9697182123446533,False
20323,2492.32,1,2492.32,4.0,284,284,2,0.9803516402388139,False
20325,78.98,1,78.98,2.0,60,60,1,0.0,False
20326,128.97,1,128.97,3.0,246,246,1,0.0,False
20327,69.99,1,69.99,1.0,226,226,1,0.0,False
20329,69.99,1,69.99,1.0,68,68,1,0.0,False
20331,133.49,1,133.49,2.0,215,215,1,0.0,False
20333,69.99,1,69.99,1.0,45,45,1,0.0,False
20337,2452.34,1,2452.34,2.0,301,301,2,0.9963341135405369,False
20338,123.98,1,123.98,2.0,70,70,1,0.0,False
20343,69.99,1,69.99,1.0,327,327,1,0.0,False
20344,119.98,1,119.98,2.0,297,297,1,0.0,False
20346,2564.92,1,2564.92,5.0,254,254,3,0.9526028102241009,False
20348,2511.32,1,2511.32,4.0,266,266,3,0.9729345523469731,False
20352,78.98,1,78.98,2.0,258,258,1,0.0,False
20353,78.98,1,78.98,2.0,255,255,1,0.0,False
20357,69.99,1,69.99,1.0,193,193,1,0.0,False
20358,123.98,1,123.98,2.0,241,241,1,0.0,False
20359,78.98,1,78.98,2.0,206,206,1,0.0,False
20361,69.99,1,69.99,1.0,319,319,1,0.0,False
20362,69.99,1,69.99,1.0,49,49,1,0.0,False
20364,78.98,1,78.98,2.0,9,9,1,0.0,False
20366,69.99,1,69.99,1.0,309,309,1,0.0,False
20367,128.97,1,128.97,3.0,30,30,1,0.0,False
20368,69.99,1,69.99,1.0,238,238,1,0.0,False
20369,64.97,1,64.97,3.0,236,236,2,0.0,False
20370,49.97,1,49.97,3.0,236,236,1,0.0,False
20373,3226.8996,2,1613.4498,1.5,52,642,2,0.9891567745088816,True
20375,4438.3796,2,2219.1898,2.0,55,630,3,0.9837846226582333,True
20376,2475.95,1,2475.95,2.0,248,248,2,0.9868333366990448,False
20377,2443.35,1,2443.35,1.0,217,217,1,1.0,False
20378,119.98,1,119.98,2.0,318,318,1,0.0,False
20380,7.28,1,7.28,2.0,253,253,1,0.0,False
20381,69.99,1,69.99,1.0,61,61,1,0.0,False
20382,2482.23,1,2482.23,4.0,244,244,2,0.9843366650149262,False
20383,94.48,1,94.48,2.0,65,65,1,0.0,False
20385,2528.33,1,2528.33,3.0,229,229,3,0.9663888811982615,False
20386,2482.23,1,2482.23,4.0,236,236,2,0.9843366650149262,False
20387,1194.97,1,1194.97,3.0,177,177,2,0.9376720754495929,False
20388,9.99,1,9.99,1.0,117,117,1,0.0,False
20394,1158.46,1,1158.46,4.0,180,180,3,0.9672237280527597,False
20396,69.99,1,69.99,1.0,89,89,1,0.0,False
20397,78.48,1,78.48,3.0,75,75,2,0.0,False
20401,1184.46,1,1184.46,4.0,160,160,2,0.9459922665180758,False
20403,7.28,1,7.28,2.0,6,6,1,0.0,False
20407,4.99,1,4.99,1.0,138,138,1,0.0,False
20408,69.97,1,69.97,3.0,120,120,1,0.0,False
20409,14.98,1,14.98,2.0,137,137,1,0.0,False
20411,69.47,1,69.47,3.0,230,230,2,0.0,False
20412,2528.33,1,2528.33,3.0,239,239,3,0.9663888811982615,False
20413,49.97,1,49.97,3.0,282,282,1,0.0,False
20424,4132.24,2,2066.12,2.0,289,788,2,0.9966168470369583,True
20425,4118.26,2,2059.13,1.0,301,772,1,1.0,True
20427,5314.25,2,2657.125,1.5,133,766,2,0.9934158159665052,True
20430,6056.610000000001,2,3028.3050000000003,1.5,157,782,2,0.9942228408301014,True
20435,49.97,1,49.97,3.0,167,167,1,0.0,False
20436,1134.47,1,1134.47,3.0,153,153,2,0.987677065061218,False
20439,14.98,1,14.98,2.0,309,309,1,0.0,False
20441,39.98,1,39.98,2.0,127,127,1,0.0,False
20445,6078.71,2,3039.355,2.0,160,773,3,0.9906082047013264,True
20446,6029.57,2,3014.785,1.5,165,793,2,0.9986814980172716,True
20448,6044.59,2,3022.295,2.5,175,772,3,0.9961999076860466,True
20449,9.99,1,9.99,1.0,173,173,1,0.0,False
20452,6156.7,2,3078.35,3.0,172,768,3,0.9780596748257996,True
20456,6029.57,2,3014.785,1.5,156,779,2,0.9986814980172716,True
20458,49.97,1,49.97,3.0,245,245,1,0.0,False
20459,1155.48,1,1155.48,2.0,154,154,2,0.9697182123446533,False
20462,2512.32,1,2512.32,4.0,204,204,2,0.972547286969813,False
20463,1147.77,1,1147.77,3.0,164,164,2,0.9762321719508265,False
20464,22.93,1,22.93,3.0,190,190,1,0.0,False
20470,4408.6896,2,2204.3448,2.5,48,622,2,0.9904098487677608,True
20472,2482.23,1,2482.23,4.0,186,186,2,0.9843366650149262,False
20475,14.98,1,14.98,2.0,203,203,1,0.0,False
20476,2521.31,1,2521.31,5.0,211,211,3,0.9690795657812807,False
20478,96.46,1,96.46,3.0,232,232,2,0.0,False
20479,85.48,1,85.48,2.0,79,79,2,0.0,False
20483,4400.0581999999995,2,2200.0290999999997,2.0,6,602,3,0.9929614567370951,True
20485,14.98,1,14.98,2.0,175,175,1,0.0,False
20488,14.98,1,14.98,2.0,38,38,1,0.0,False
20489,49.97,1,49.97,3.0,251,251,1,0.0,False
20494,14.98,1,14.98,2.0,301,301,1,0.0,False
20496,2478.34,1,2478.34,2.0,161,161,2,0.9858816788656924,False
20497,69.99,1,69.99,1.0,305,305,1,0.0,False
20498,12.94,1,12.94,2.0,153,153,1,0.0,False
20501,64.98,1,64.98,2.0,155,155,1,0.0,False
20505,64.97,1,64.97,3.0,270,270,2,0.0,False
20507,49.97,1,49.97,3.0,199,199,1,0.0,False
20509,9.99,1,9.99,1.0,243,243,1,0.0,False
20511,14.98,1,14.98,2.0,42,42,1,0.0,False
20512,9.99,1,9.99,1.0,279,279,1,0.0,False
20514,49.97,1,49.97,3.0,96,96,1,0.0,False
20515,74.46,1,74.46,4.0,193,193,2,0.0,False
20516,14.98,1,14.98,2.0,79,79,1,0.0,False
20517,76.97,1,76.97,2.0,193,193,1,0.0,False
20518,49.97,1,49.97,3.0,138,138,1,0.0,False
20519,54.96,1,54.96,4.0,31,31,1,0.0,False
20520,14.98,1,14.98,2.0,276,276,1,0.0,False
20521,25.22,1,25.22,4.0,23,23,1,0.0,False
20523,14.98,1,14.98,2.0,33,33,1,0.0,False
20526,1170.48,1,1170.48,2.0,156,156,2,0.9572910259039027,False
20527,2478.34,1,2478.34,2.0,161,161,2,0.9858816788656924,False
20529,1174.48,1,1174.48,2.0,177,177,2,0.9540307199782031,False
20530,103.96,1,103.96,4.0,244,244,2,0.0,False
20532,93.46,1,93.46,4.0,21,21,2,0.0,False
20533,31.92,1,31.92,4.0,148,148,2,0.0,False
20535,14.98,1,14.98,2.0,71,71,1,0.0,False
20536,23.97,1,23.97,3.0,71,71,2,0.0,False
20537,23.97,1,23.97,3.0,335,335,2,0.0,False
20539,14.98,1,14.98,2.0,98,98,1,0.0,False
20542,93.46,1,93.46,4.0,137,137,2,0.0,False
20543,2492.32,1,2492.32,4.0,153,153,2,0.9803516402388139,False
20545,2542.31,1,2542.31,5.0,138,138,3,0.9610747705826594,False
20550,24.99,1,24.99,1.0,234,234,1,0.0,False
20552,3034.0681999999997,2,1517.0340999999999,2.0,27,943,2,0.9950627345819058,True
20554,34.98,1,34.98,2.0,247,247,1,0.0,False
20555,3153.95,2,1576.975,2.0,53,629,3,0.975912744336467,True
20556,3124.96,2,1562.48,1.5,58,616,2,0.9929663099687676,True
20557,64.97,1,64.97,3.0,85,85,1,0.0,False
20564,3059.0782,2,1529.5391,2.0,25,852,2,0.9869274345454785,True
20566,27.28,1,27.28,2.0,176,176,1,0.0,False
20567,3074.0782,2,1537.0391,1.5,29,768,2,0.9821117107560895,True
20569,3114.0582,2,1557.0291,2.5,17,788,3,0.9695028178985224,True
20570,114.96,1,114.96,4.0,257,257,2,0.0,False
20575,3095.0382,2,1547.5191,3.0,15,750,3,0.9754607229080405,True
20576,3147.96,2,1573.98,2.0,27,729,2,0.985711381339026,True
20577,3080.2700000000004,2,1540.1350000000002,1.5,26,731,2,0.9992565586782977,True
20579,24.99,1,24.99,1.0,27,27,1,0.0,False
20581,2439.99,1,2439.99,2.0,59,59,2,0.9508194705716007,False
20585,32.27,1,32.27,3.0,125,125,1,0.0,False
20587,2378.95,1,2378.95,5.0,58,58,3,0.9752159566195173,False
20588,27.28,1,27.28,2.0,314,314,1,0.0,False
20594,42.93,1,42.93,3.0,275,275,1,0.0,False
20596,32.27,1,32.27,3.0,276,276,1,0.0,False
20597,119.96,1,119.96,4.0,203,203,2,0.0,False
20598,3099.96,2,1549.98,1.5,47,603,2,0.992909585930141,True
20600,6056.610000000001,2,3028.3050000000003,1.5,165,790,2,0.9942228408301014,True
20602,80.47,1,80.47,3.0,264,264,1,0.0,False
20603,23.78,1,23.78,2.0,252,252,1,0.0,False
20605,84.96,1,84.96,4.0,249,249,2,0.0,False
20606,6054.219999999999,2,3027.1099999999997,1.5,164,782,2,0.9946153261691844,True
20607,23.78,1,23.78,2.0,15,15,1,0.0,False
20608,6035.6,2,3017.8,2.0,156,785,2,0.9976837431241302,True
20609,6117.6900000000005,2,3058.8450000000003,3.0,179,766,3,0.9842963602274716,True
20614,6035.6,2,3017.8,2.0,172,779,2,0.9976837431241302,True
20615,6060.5,2,3030.25,2.5,180,772,2,0.9935846877320353,True
20618,21.49,1,21.49,1.0,300,300,1,0.0,False
20621,6117.6900000000005,2,3058.8450000000003,3.0,145,755,3,0.9842963602274716,True
20622,6139.59,2,3069.795,2.5,141,736,3,0.9807853618889861,True
20624,6021.62,2,3010.81,1.0,126,744,1,1.0,True
20626,6038.5599999999995,2,3019.2799999999997,2.0,137,753,2,0.9971946954240747,True
20628,6056.610000000001,2,3028.3050000000003,1.5,147,748,2,0.9942228408301014,True
20633,68.97,1,68.97,3.0,87,87,2,0.0,False
20634,9.99,1,9.99,1.0,267,267,1,0.0,False
20636,14.98,1,14.98,2.0,299,299,1,0.0,False
20639,2466.32,1,2466.32,4.0,133,133,3,0.9906865289175779,False
20640,2498.34,1,2498.34,2.0,135,135,2,0.9779893849516079,False
20641,2457.33,1,2457.33,3.0,104,104,2,0.9943108984141326,False
20648,2457.33,1,2457.33,3.0,32,32,2,0.9943108984141326,False
20649,2487.89,1,2487.89,4.0,13,13,2,0.9820972792205445,False
20650,1174.48,1,1174.48,2.0,147,147,2,0.9540307199782031,False
20651,3198.5681999999997,2,1599.2840999999999,2.0,54,574,2,0.990939696080265,True
20652,1174.48,1,1174.48,2.0,134,134,2,0.9540307199782031,False
20653,1155.48,1,1155.48,2.0,150,150,2,0.9697182123446533,False
20655,47.42,1,47.42,4.0,120,120,2,0.0,False
20657,1193.45,1,1193.45,5.0,133,133,3,0.9388663119527421,False
20658,2457.33,1,2457.33,3.0,25,25,2,0.9943108984141326,False
20660,1179.97,1,1179.97,3.0,152,152,3,0.9495919387781045,False
20665,4408.5581999999995,2,2204.2790999999997,2.5,18,560,3,0.9910469595252255,True
20668,1750.98,1,1750.98,2.0,247,247,2,0.9714502735610915,False
20670,3228.5681999999997,2,1614.2840999999999,2.0,14,558,2,0.9817318401389199,True
20671,1735.98,1,1735.98,2.0,255,255,2,0.9798442378368414,False
20673,1754.98,1,1754.98,2.0,191,191,2,0.969236116650902,False
20676,14.98,1,14.98,2.0,261,261,1,0.0,False
20685,1155.48,1,1155.48,2.0,125,125,2,0.9697182123446533,False
20689,78.48,1,78.48,3.0,212,212,2,0.0,False
20690,39.47,1,39.47,3.0,16,16,2,0.0,False
20691,39.98,1,39.98,2.0,282,282,1,0.0,False
20698,23.97,1,23.97,3.0,217,217,2,0.0,False
20702,1750.98,1,1750.98,2.0,163,163,2,0.9714502735610915,False
20706,1759.97,1,1759.97,3.0,124,124,2,0.9664880651374739,False
20711,3240.3199999999997,2,1620.1599999999999,2.0,218,675,2,0.9956856112976498,True
20714,187.98,1,187.98,3.0,293,293,1,0.0,False
20715,196.27,1,196.27,4.0,144,144,1,0.0,False
20716,3911.29,3,1303.7633333333333,2.0,20,605,3,0.9831359986091547,True
20717,3240.3199999999997,2,1620.1599999999999,2.0,185,676,2,0.9956856112976498,True
20718,3283.4300000000003,2,1641.7150000000001,2.0,60,675,3,0.9826126946516296,True
20719,1947.46,2,973.73,2.0,223,589,3,0.9774167376993622,True
20722,2378.8,3,792.9333333333334,2.0,227,549,3,0.9647006894232387,True
20724,24.99,1,24.99,1.0,159,159,1,0.0,False
20725,63.97,1,63.97,3.0,15,15,1,0.0,False
20726,1941.95,2,970.975,2.5,212,564,3,0.9801900151909163,True
20727,30.48,1,30.48,2.0,42,42,2,0.0,False
20728,709.26,1,709.26,4.0,208,208,2,0.7965908129599865,False
20732,9.99,1,9.99,1.0,300,300,1,0.0,False
20740,140.94,2,70.47,2.5,110,181,2,0.0,False
20744,548.98,1,548.98,2.0,24,24,2,0.9836241757441072,False
20745,49.48,1,49.48,2.0,231,231,2,0.0,False
20747,69.99,1,69.99,1.0,26,26,1,0.0,False
20748,123.98,1,123.98,2.0,258,258,1,0.0,False
20749,624.97,1,624.97,3.0,31,31,3,0.8640254732227146,False
20751,574.98,1,574.98,2.0,17,17,2,0.9391457094159796,False
20755,1164.47,1,1164.47,3.0,135,135,3,0.9622317449139952,False
20759,77.96,1,77.96,4.0,193,193,2,0.0,False
20762,123.98,1,123.98,2.0,15,15,1,0.0,False
20763,123.98,1,123.98,2.0,194,194,1,0.0,False
20769,25.22,1,25.22,4.0,231,231,1,0.0,False
20770,49.97,1,49.97,3.0,50,50,1,0.0,False
20771,46.47,1,46.47,2.0,52,52,2,0.0,False
20773,30.97,1,30.97,2.0,23,23,2,0.0,False
20778,74.46,1,74.46,4.0,3,3,2,0.0,False
20782,1197.41,1,1197.41,5.0,111,111,2,0.935761351583835,False
20785,1145.48,1,1145.48,2.0,116,116,2,0.9781838181373748,False
20786,14.98,1,14.98,2.0,74,74,1,0.0,False
20787,1134.47,1,1134.47,3.0,103,103,2,0.987677065061218,False
20789,39.47,1,39.47,3.0,262,262,2,0.0,False
20790,14.98,1,14.98,2.0,163,163,1,0.0,False
20791,9.99,1,9.99,1.0,212,212,1,0.0,False
20798,123.96,1,123.96,4.0,174,174,2,0.0,False
20804,24.99,1,24.99,1.0,160,160,1,0.0,False
20806,27.28,1,27.28,2.0,176,176,1,0.0,False
20807,3249.3100000000004,2,1624.6550000000002,2.5,2,672,3,0.9929308068482233,True
20810,6.28,1,6.28,2.0,122,122,1,0.0,False
20811,3270.3199999999997,2,1635.1599999999999,2.0,212,667,3,0.9865517747498717,True
20814,4186.23,2,2093.115,2.5,291,744,3,0.9837634339250353,True
20817,4118.26,2,2059.13,1.0,290,755,1,1.0,True
20822,4134.53,2,2067.265,2.5,296,741,2,0.9960648489671137,True
20824,2512.96,2,1256.48,2.0,366,658,2,0.9884677830128615,True
20827,11.94,1,11.94,2.0,155,155,1,0.0,False
20828,1938.47,2,969.235,1.5,187,573,2,0.981949681965674,True
20833,1903.48,2,951.74,1.0,211,566,1,1.0,True
20837,2547.95,2,1273.975,2.5,338,646,2,0.9748935418669914,True
20838,2541.94,2,1270.97,3.0,319,625,3,0.9771985176676086,True
20842,1952.45,2,976.225,2.5,115,526,2,0.9749186918999206,True
20844,1155.48,1,1155.48,2.0,136,136,2,0.9697182123446533,False
20849,69.97,1,69.97,3.0,88,88,1,0.0,False
20850,2556.94,2,1278.47,3.0,290,629,3,0.9714658928250177,True
20853,1147.77,1,1147.77,3.0,134,134,2,0.9762321719508265,False
20854,1938.47,2,969.235,1.5,105,471,2,0.981949681965674,True
20855,1155.48,1,1155.48,2.0,148,148,2,0.9697182123446533,False
20858,1155.48,1,1155.48,2.0,122,122,2,0.9697182123446533,False
20862,3240.3199999999997,2,1620.1599999999999,2.0,162,593,2,0.9956856112976498,True
20863,3261.33,2,1630.665,1.5,129,582,2,0.9892712482330829,True
20865,34.98,1,34.98,2.0,151,151,1,0.0,False
20867,38.98,1,38.98,2.0,90,90,1,0.0,False
20868,37.27,1,37.27,3.0,270,270,1,0.0,False
20870,1938.47,2,969.235,1.5,105,446,2,0.981949681965674,True
20873,42.93,1,42.93,3.0,239,239,1,0.0,False
20874,1962.46,2,981.23,2.0,92,440,2,0.9699458842473222,True
20875,2518.9700000000003,2,1259.4850000000001,1.5,223,558,2,0.9861094018586963,True
20876,1938.47,2,969.235,1.5,70,446,2,0.981949681965674,True
20880,2518.9700000000003,2,1259.4850000000001,1.5,229,534,2,0.9861094018586963,True
20881,78.96,1,78.96,4.0,87,87,2,0.0,False
20882,1170.48,1,1170.48,2.0,48,48,2,0.9572910259039027,False
20883,1149.47,1,1149.47,3.0,44,44,2,0.9747883807319895,False
20885,2518.9700000000003,2,1259.4850000000001,1.5,223,547,2,0.9861094018586963,True
20886,2533.9700000000003,2,1266.9850000000001,1.5,239,544,2,0.9802720632051682,True
20888,1174.48,1,1174.48,2.0,46,46,2,0.9540307199782031,False
20889,69.97,1,69.97,3.0,145,145,1,0.0,False
20890,2527.96,2,1263.98,2.0,192,522,3,0.9826025728255195,True
20892,3240.3199999999997,2,1620.1599999999999,2.0,84,547,2,0.9956856112976498,True
20895,1120.49,1,1120.49,1.0,29,29,1,1.0,False
20897,88.97,1,88.97,3.0,71,71,2,0.0,False
20901,1120.49,1,1120.49,1.0,21,21,1,1.0,False
20903,69.97,1,69.97,3.0,217,217,1,0.0,False
20906,32.28,1,32.28,2.0,24,24,1,0.0,False
20907,32.28,1,32.28,2.0,139,139,1,0.0,False
20908,78.96,1,78.96,4.0,211,211,2,0.0,False
20909,69.97,1,69.97,3.0,264,264,1,0.0,False
20913,1947.46,2,973.73,2.0,66,424,3,0.9774167376993622,True
20914,1926.45,2,963.225,2.5,78,422,3,0.9880765137948039,True
20915,38.98,1,38.98,2.0,10,10,1,0.0,False
20916,119.96,1,119.96,4.0,196,196,2,0.0,False
20917,3234.29,2,1617.145,1.5,68,493,2,0.9975419643878565,True
20921,3234.29,2,1617.145,1.5,63,492,2,0.9975419643878565,True
20922,3226.34,2,1613.17,1.0,52,515,1,1.0,True
20924,69.97,1,69.97,3.0,185,185,1,0.0,False
20929,37.27,1,37.27,3.0,298,298,1,0.0,False
20930,2363.79,3,787.93,2.3333333333333335,36,405,2,0.9708265116613576,True
20932,47.97,1,47.97,3.0,48,48,2,0.0,False
20934,1145.48,1,1145.48,2.0,16,16,2,0.9781838181373748,False
20936,1134.47,1,1134.47,3.0,4,4,2,0.987677065061218,False
20940,38.98,1,38.98,2.0,321,321,1,0.0,False
20941,126.28,1,126.28,3.0,312,312,1,0.0,False
20943,37.27,1,37.27,3.0,94,94,1,0.0,False
20944,226.49,1,226.49,3.0,327,327,2,0.0,False
20945,1953.47,2,976.735,1.5,79,398,2,0.9744096402811407,True
20949,154.98,1,154.98,3.0,275,275,1,0.0,False
20951,37.27,1,37.27,3.0,141,141,1,0.0,False
20952,37.27,1,37.27,3.0,16,16,1,0.0,False
20953,162.99,1,162.99,2.0,42,42,1,0.0,False
20954,38.98,1,38.98,2.0,106,106,1,0.0,False
20964,38.98,1,38.98,2.0,122,122,1,0.0,False
20965,29.99,1,29.99,1.0,176,176,1,0.0,False
20966,1120.49,1,1120.49,1.0,21,21,1,1.0,False
20967,4.99,1,4.99,1.0,211,211,1,0.0,False
20969,38.98,1,38.98,2.0,230,230,1,0.0,False
20970,1962.46,2,981.23,2.0,61,421,2,0.9699458842473222,True
20971,38.98,1,38.98,2.0,58,58,1,0.0,False
20972,69.97,1,69.97,3.0,75,75,1,0.0,False
20974,126.28,1,126.28,3.0,181,181,1,0.0,False
20977,574.98,1,574.98,2.0,346,346,2,0.9391457094159796,False
20978,4.99,1,4.99,1.0,151,151,1,0.0,False
20979,1947.46,2,973.73,2.0,56,401,3,0.9774167376993622,True
20982,2546.96,2,1273.48,2.0,364,482,2,0.9752724817036783,True
20983,4178.73,2,2089.365,2.5,248,746,2,0.9855290961607954,True
20984,4153.25,2,2076.625,1.5,273,754,2,0.9915752723770541,True
20990,4196.22,2,2098.11,3.0,263,740,3,0.981421374475123,True
20993,4262.04,2,2131.02,2.5,250,761,2,0.9662649810888683,True
20994,4191.72,2,2095.86,3.0,272,761,3,0.9824749744734861,True
20998,2806.5125,2,1403.25625,3.0,250,704,3,0.9697275533246337,True
21002,2992.33,2,1496.165,1.5,216,727,2,0.9969956522175029,True
21003,49.97,1,49.97,3.0,323,323,2,0.0,False
21005,25.48,1,25.48,2.0,139,139,1,0.0,False
21008,1957.47,2,978.735,1.5,57,419,2,0.9724184789549776,True
21011,2527.96,2,1263.98,2.0,195,476,3,0.9826025728255195,True
21013,548.98,1,548.98,2.0,337,337,2,0.9836241757441072,False
21020,2497.96,2,1248.98,2.0,213,482,2,0.9944034332014926,True
21021,628.97,1,628.97,4.0,328,328,3,0.8585306135427763,False
21023,91.95,1,91.95,4.0,228,228,1,0.0,False
21024,562.96,1,562.96,4.0,316,316,3,0.9591978115674292,False
21025,69.97,1,69.97,3.0,65,65,1,0.0,False
21029,1934.75,2,967.375,2.5,52,373,2,0.9838377051298618,True
21030,539.99,1,539.99,1.0,323,323,1,1.0,False
21032,4.99,1,4.99,1.0,48,48,1,0.0,False
21034,2533.9700000000003,2,1266.9850000000001,1.5,201,483,2,0.9802720632051682,True
21036,2547.95,2,1273.975,2.5,213,470,2,0.9748935418669914,True
21038,573.98,1,573.98,2.0,27,27,2,0.9843374333600474,False
21040,2566.95,2,1283.475,2.5,340,489,3,0.9676775940318278,True
21044,2533.9700000000003,2,1266.9850000000001,1.5,209,435,2,0.9802720632051682,True
21048,578.46,1,578.46,4.0,316,316,3,0.9334958337655153,False
21049,32.28,1,32.28,2.0,167,167,1,0.0,False
21052,1120.49,1,1120.49,1.0,27,27,1,1.0,False
21053,2542.96,2,1271.48,2.0,197,434,2,0.9768065561393025,True
21055,1566.7800000000002,2,783.3900000000001,3.5,22,139,3,0.9649344515503135,False
21060,2508.4700000000003,2,1254.2350000000001,1.5,158,448,2,0.9902370767838564,True
21062,563.77,1,563.77,3.0,292,292,2,0.9578196782375792,False
21063,60.47,1,60.47,3.0,253,253,1,0.0,False
21064,553.97,1,553.97,3.0,285,285,2,0.9747639763886131,False
21065,1549.1100000000001,2,774.5550000000001,2.5,18,133,2,0.9759410242009928,False
21067,2483.98,2,1241.99,1.0,169,429,1,1.0,True
21068,81.45,1,81.45,4.0,269,269,2,0.0,False
21070,30.48,1,30.48,2.0,318,318,2,0.0,False
21074,43.97,1,43.97,3.0,189,189,2,0.0,False
21078,23.78,1,23.78,2.0,64,64,1,0.0,False
21079,37.27,1,37.27,3.0,160,160,1,0.0,False
21082,98.96,1,98.96,4.0,161,161,2,0.0,False
21084,27.77,1,27.77,3.0,258,258,1,0.0,False
21089,561.48,1,561.48,2.0,262,262,2,0.9617261523117475,False
21093,2515.25,2,1257.625,2.5,303,405,2,0.9875678361991852,True
21096,13.98,1,13.98,2.0,65,65,2,0.0,False
21097,29.48,1,29.48,2.0,133,133,2,0.0,False
21098,69.46,1,69.46,4.0,150,150,2,0.0,False
21099,21.49,1,21.49,1.0,231,231,1,0.0,False
21101,32.28,1,32.28,2.0,100,100,1,0.0,False
21106,2537.9700000000003,2,1268.9850000000001,1.5,240,425,2,0.9787270929128399,True
21107,806.76,1,806.76,4.0,111,111,2,0.9538028657841242,False
21108,819.48,1,819.48,2.0,110,110,2,0.9389979011080197,False
21109,39.98,1,39.98,2.0,49,49,1,0.0,False
21111,37.27,1,37.27,3.0,325,325,1,0.0,False
21114,4.99,1,4.99,1.0,277,277,1,0.0,False
21115,4.99,1,4.99,1.0,253,253,1,0.0,False
21117,60.47,1,60.47,3.0,131,131,1,0.0,False
21124,56.96,1,56.96,3.0,17,17,1,0.0,False
21125,27.77,1,27.77,3.0,120,120,1,0.0,False
21129,48.97,1,48.97,3.0,12,12,2,0.0,False
21134,69.97,1,69.97,3.0,234,234,1,0.0,False
21135,103.95,1,103.95,5.0,254,254,2,0.0,False
21138,4371.3782,2,2185.6891,1.5,26,518,2,0.9994761377544501,True
21141,1155.48,1,1155.48,2.0,93,93,2,0.9697182123446533,False
21144,1188.46,1,1188.46,4.0,112,112,3,0.9428083402049711,False
21149,1183.47,1,1183.47,3.0,108,108,2,0.9467836109069093,False
21150,1170.48,1,1170.48,2.0,115,115,2,0.9572910259039027,False
21151,1155.48,1,1155.48,2.0,111,111,2,0.9697182123446533,False
21153,1147.77,1,1147.77,3.0,111,111,2,0.9762321719508265,False
21154,74.46,1,74.46,4.0,25,25,2,0.0,False
21158,49.97,1,49.97,3.0,301,301,1,0.0,False
21159,74.46,1,74.46,4.0,313,313,2,0.0,False
21162,1155.48,1,1155.48,2.0,96,96,2,0.9697182123446533,False
21164,68.97,1,68.97,3.0,145,145,2,0.0,False
21165,4673.8825,2,2336.94125,2.5,144,702,2,0.9895226292060189,True
21168,4624.9125,2,2312.45625,1.0,131,713,1,1.0,True
21170,74.98,1,74.98,3.0,81,81,1,0.0,False
21171,37.29,1,37.29,2.0,238,238,1,0.0,False
21174,42.28,1,42.28,3.0,102,102,1,0.0,False
21175,35.0,1,35.0,1.0,162,162,1,0.0,False
21178,39.99,1,39.99,2.0,140,140,1,0.0,False
21181,32.28,1,32.28,2.0,107,107,1,0.0,False
21182,32.28,1,32.28,2.0,25,25,1,0.0,False
21184,74.98,1,74.98,3.0,125,125,1,0.0,False
21187,32.28,1,32.28,2.0,182,182,1,0.0,False
21189,4208.3099999999995,2,2104.1549999999997,2.5,141,704,2,0.9847991236387055,True
21191,4169.33,2,2084.665,1.5,130,727,2,0.9940062312170062,True
21194,3911.5325000000003,2,1955.7662500000001,2.0,114,705,2,0.9925911391507038,True
21197,3917.5425,2,1958.77125,1.5,113,719,2,0.9910683802409291,True
21198,69.97,1,69.97,3.0,90,90,1,0.0,False
21200,3932.5425,2,1966.27125,1.5,115,729,2,0.9872881221245543,True
21201,4921.6900000000005,2,2460.8450000000003,1.5,137,719,2,0.9928906534137665,True
21202,4632.8625,2,2316.43125,1.5,125,703,2,0.9982839982839983,True
21210,39.99,1,39.99,2.0,281,281,1,0.0,False
21211,4900.68,2,2450.34,2.0,136,716,2,0.9971473346555989,True
21213,64.26,1,64.26,4.0,65,65,1,0.0,False
21217,4659.9025,2,2329.95125,1.5,106,681,2,0.9924912592055306,True
21218,4661.5025000000005,2,2330.7512500000003,2.0,117,687,2,0.9921505995116381,True
21219,4696.4925,2,2348.24625,2.5,99,678,2,0.9847588386439454,True
21220,74.98,1,74.98,3.0,275,275,1,0.0,False
21221,29.99,1,29.99,1.0,154,154,1,0.0,False
21222,3936.5425,2,1968.27125,1.5,117,684,2,0.9862849188088278,True
21223,56.98,1,56.98,2.0,280,280,1,0.0,False
21226,4659.8025,2,2329.90125,2.0,114,681,2,0.9925125582039153,True
21230,4171.62,2,2085.81,2.0,100,693,2,0.9934605740695461,True
21231,3936.5425,2,1968.27125,1.5,71,675,2,0.9862849188088278,True
21232,39.98,1,39.98,2.0,11,11,1,0.0,False
21233,119.98,1,119.98,2.0,270,270,1,0.0,False
21235,1134.47,1,1134.47,3.0,104,104,2,0.987677065061218,False
21237,69.99,1,69.99,1.0,140,140,1,0.0,False
21238,32.27,1,32.27,3.0,271,271,1,0.0,False
21239,7.28,1,7.28,2.0,183,183,1,0.0,False
21243,14.98,1,14.98,2.0,146,146,1,0.0,False
21244,49.97,1,49.97,3.0,209,209,1,0.0,False
21250,14.98,1,14.98,2.0,250,250,1,0.0,False
21251,191.27,2,95.635,2.0,151,175,1,0.0,False
21252,94.45,2,47.225,2.5,318,323,2,0.0,False
21254,89.97,1,89.97,3.0,322,322,2,0.0,False
21255,32.28,1,32.28,2.0,297,297,1,0.0,False
21259,3907.5425,2,1953.77125,1.5,69,692,2,0.9936046760847771,True
21263,4.99,1,4.99,1.0,207,207,1,0.0,False
21264,1120.49,1,1120.49,1.0,110,110,1,1.0,False
21267,1735.98,1,1735.98,2.0,114,114,2,0.9798442378368414,False
21269,1735.98,1,1735.98,2.0,85,85,2,0.9798442378368414,False
21271,1728.27,1,1728.27,3.0,74,74,2,0.9842154293021346,False
21274,1197.97,1,1197.97,4.0,107,107,3,0.9353239229696904,False
21275,1151.76,1,1151.76,4.0,75,75,2,0.9728502465791484,False
21276,39.98,1,39.98,2.0,79,79,1,0.0,False
21277,4.99,1,4.99,1.0,79,79,1,0.0,False
21280,39.47,1,39.47,3.0,20,20,2,0.0,False
21281,1129.48,1,1129.48,2.0,63,63,2,0.9920405850479866,False
21282,1120.49,1,1120.49,1.0,82,82,1,1.0,False
21283,124.94,1,124.94,5.0,260,260,2,0.0,False
21286,68.97,1,68.97,3.0,45,45,2,0.0,False
21288,14.98,1,14.98,2.0,247,247,1,0.0,False
21289,1763.97,1,1763.97,3.0,48,48,2,0.9642964449508779,False
21290,23.97,1,23.97,3.0,43,43,2,0.0,False
21293,1763.97,1,1763.97,3.0,13,13,2,0.9642964449508779,False
21295,56.97,1,56.97,2.0,52,52,1,0.0,False
21303,68.97,1,68.97,3.0,155,155,2,0.0,False
21306,4.99,1,4.99,1.0,25,25,1,0.0,False
21307,23.97,1,23.97,3.0,275,275,2,0.0,False
21309,1183.47,1,1183.47,3.0,324,324,2,0.9467836109069093,False
21310,1120.49,1,1120.49,1.0,303,303,1,1.0,False
21311,4472.5782,2,2236.2891,2.5,4,508,3,0.9768612206713345,True
21312,94.97,1,94.97,3.0,153,153,2,0.0,False
21313,1155.48,1,1155.48,2.0,224,224,2,0.9697182123446533,False
21314,9.99,1,9.99,1.0,4,4,1,0.0,False
21316,68.97,1,68.97,3.0,78,78,2,0.0,False
21318,36.96,1,36.96,3.0,93,93,1,0.0,False
21319,23.97,1,23.97,3.0,32,32,2,0.0,False
21320,99.96,1,99.96,4.0,105,105,2,0.0,False
21321,49.97,1,49.97,3.0,290,290,1,0.0,False
21322,14.98,1,14.98,2.0,131,131,1,0.0,False
21323,1120.49,1,1120.49,1.0,194,194,1,1.0,False
21326,1179.97,1,1179.97,3.0,196,196,3,0.9495919387781045,False
21327,1120.49,1,1120.49,1.0,193,193,1,1.0,False
21329,1179.47,1,1179.47,3.0,80,80,2,0.9499944890501666,False
21330,1120.49,1,1120.49,1.0,74,74,1,1.0,False
21331,2670.8896000000004,2,1335.4448000000002,2.0,353,514,3,0.977730266350208,True
21332,2616.8581999999997,2,1308.4290999999998,2.5,324,494,2,0.9893880379150848,True
21333,1174.48,1,1174.48,2.0,173,173,2,0.9540307199782031,False
21334,1155.48,1,1155.48,2.0,148,148,2,0.9697182123446533,False
21336,2628.3496,2,1314.1748,2.0,259,473,2,0.9935548908714428,True
21337,49.97,1,49.97,3.0,132,132,1,0.0,False
21338,23.97,1,23.97,3.0,139,139,2,0.0,False
21343,1170.48,1,1170.48,2.0,122,122,2,0.9572910259039027,False
21345,29.93,1,29.93,2.0,144,144,1,0.0,False
21350,69.97,1,69.97,3.0,310,310,1,0.0,False
21352,2625.3896000000004,2,1312.6948000000002,2.0,265,475,2,0.9946750760344295,True
21353,44.98,1,44.98,2.0,169,169,1,0.0,False
21354,2646.3996,2,1323.1998,1.5,269,478,2,0.9867782628141268,True
21357,1205.47,1,1205.47,3.0,92,92,3,0.9295046745252888,False
21358,9.99,1,9.99,1.0,280,280,1,0.0,False
21359,3032.31,2,1516.155,2.5,223,685,2,0.9838505957504347,True
21360,93.97,1,93.97,3.0,112,112,2,0.0,False
21361,2997.3199999999997,2,1498.6599999999999,2.0,244,684,2,0.9953358333444545,True
21366,39.98,1,39.98,2.0,332,332,1,0.0,False
21368,14.98,1,14.98,2.0,184,184,1,0.0,False
21369,1155.48,1,1155.48,2.0,92,92,2,0.9697182123446533,False
21370,39.98,1,39.98,2.0,167,167,1,0.0,False
21372,74.96,1,74.96,4.0,131,131,1,0.0,False
21375,39.98,1,39.98,2.0,303,303,1,0.0,False
21376,4.99,1,4.99,1.0,127,127,1,0.0,False
21378,78.98,1,78.98,2.0,166,166,1,0.0,False
21379,2992.33,2,1496.165,1.5,223,685,2,0.9969956522175029,True
21380,2735.5325000000003,2,1367.7662500000001,2.0,242,688,2,0.9948894776428356,True
21381,69.99,1,69.99,1.0,47,47,1,0.0,False
21382,69.99,1,69.99,1.0,324,324,1,0.0,False
21383,69.99,1,69.99,1.0,60,60,1,0.0,False
21384,2921.0225,2,1460.51125,3.0,221,682,3,0.9317122685634912,True
21385,608.96,1,608.96,4.0,12,12,2,0.8867413294797688,False
21389,2770.5225,2,1385.26125,2.5,242,694,2,0.9823246337107895,True
21390,32.28,1,32.28,2.0,22,22,1,0.0,False
21394,4657.5125,2,2328.75625,1.5,111,699,2,0.9930005555540644,True
21398,23.97,1,23.97,3.0,35,35,2,0.0,False
21399,9.99,1,9.99,1.0,62,62,1,0.0,False
21401,1174.48,1,1174.48,2.0,78,78,2,0.9540307199782031,False
21404,4684.3925,2,2342.19625,2.0,118,678,3,0.9873025157477732,True
21405,74.98,1,74.98,3.0,186,186,1,0.0,False
21406,74.98,1,74.98,3.0,287,287,1,0.0,False
21407,42.28,1,42.28,3.0,336,336,1,0.0,False
21408,4624.9125,2,2312.45625,1.0,119,690,1,1.0,True
21409,35.0,1,35.0,1.0,250,250,1,0.0,False
21410,1155.48,1,1155.48,2.0,46,46,2,0.9697182123446533,False
21411,1147.77,1,1147.77,3.0,33,33,2,0.9762321719508265,False
21412,59.98,1,59.98,2.0,328,328,1,0.0,False
21413,14.98,1,14.98,2.0,189,189,1,0.0,False
21415,49.97,1,49.97,3.0,80,80,1,0.0,False
21416,1155.48,1,1155.48,2.0,70,70,2,0.9697182123446533,False
21418,4659.9025,2,2329.95125,1.5,98,690,2,0.9924912592055306,True
21419,64.97,1,64.97,3.0,222,222,2,0.0,False
21420,78.48,1,78.48,3.0,61,61,2,0.0,False
21421,99.96,1,99.96,4.0,161,161,2,0.0,False
21423,2888.5582,2,1444.2791,2.5,107,466,2,0.9757768425784188,True
21424,1170.48,1,1170.48,2.0,82,82,2,0.9572910259039027,False
21426,1149.47,1,1149.47,3.0,74,74,2,0.9747883807319895,False
21428,1155.48,1,1155.48,2.0,38,38,2,0.9697182123446533,False
21429,1174.48,1,1174.48,2.0,12,12,2,0.9540307199782031,False
21434,1183.47,1,1183.47,3.0,4,4,2,0.9467836109069093,False
21435,1170.48,1,1170.48,2.0,12,12,2,0.9572910259039027,False
21437,1136.76,1,1136.76,4.0,7,7,2,0.9856873922375875,False
21438,561.48,1,561.48,2.0,354,354,2,0.9617261523117475,False
21439,539.99,1,539.99,1.0,358,358,1,1.0,False
21444,22.93,1,22.93,3.0,219,219,1,0.0,False
21446,54.98,1,54.98,2.0,235,235,2,0.0,False
21447,21.98,1,21.98,1.0,173,173,1,0.0,False
21454,9.99,1,9.99,1.0,62,62,1,0.0,False
21455,14.98,1,14.98,2.0,232,232,1,0.0,False
21456,103.96,1,103.96,4.0,237,237,2,0.0,False
21457,69.97,1,69.97,3.0,94,94,1,0.0,False
21459,14.98,1,14.98,2.0,318,318,1,0.0,False
21460,14.98,1,14.98,2.0,161,161,1,0.0,False
21461,141.98,1,141.98,2.0,61,61,1,0.0,False
21466,556.26,1,556.26,4.0,341,341,2,0.9707510876208967,False
21467,23.97,1,23.97,3.0,103,103,2,0.0,False
21468,64.98,1,64.98,2.0,108,108,1,0.0,False
21469,588.96,1,588.96,4.0,354,354,2,0.9168534365661505,False
21470,562.96,1,562.96,4.0,346,346,3,0.9591978115674292,False
21471,31.97,1,31.97,2.0,270,270,1,0.0,False
21473,78.48,1,78.48,3.0,105,105,2,0.0,False
21474,44.98,1,44.98,2.0,309,309,1,0.0,False
21475,1147.77,1,1147.77,3.0,63,63,2,0.9762321719508265,False
21477,23.97,1,23.97,3.0,192,192,2,0.0,False
21481,9.99,1,9.99,1.0,114,114,1,0.0,False
21482,1129.48,1,1129.48,2.0,92,92,2,0.9920405850479866,False
21485,1149.47,1,1149.47,3.0,71,71,2,0.9747883807319895,False
21487,548.98,1,548.98,2.0,348,348,2,0.9836241757441072,False
21489,7.28,1,7.28,2.0,113,113,1,0.0,False
21493,68.97,1,68.97,3.0,17,17,2,0.0,False
21494,7.28,1,7.28,2.0,141,141,1,0.0,False
21495,23.97,1,23.97,3.0,2,2,2,0.0,False
21496,14.98,1,14.98,2.0,310,310,1,0.0,False
21498,134.98,1,134.98,3.0,46,46,1,0.0,False
21501,2661.3996,2,1330.6998,1.5,355,488,2,0.9812166500663787,True
21503,49.97,1,49.97,3.0,40,40,1,0.0,False
21506,2369.96,1,2369.96,4.0,12,12,2,0.9789152559536872,False
21509,3117.96,2,1558.98,2.0,8,395,2,0.9951955765949533,True
21512,24.99,1,24.99,1.0,97,97,1,0.0,False
21514,69.97,1,69.97,3.0,213,213,1,0.0,False
21515,49.48,1,49.48,2.0,207,207,2,0.0,False
21517,3172.9700000000003,2,1586.4850000000001,2.0,29,383,2,0.9779418021601214,True
21520,32.27,1,32.27,3.0,60,60,1,0.0,False
21522,123.96,1,123.96,4.0,181,181,2,0.0,False
21525,32.27,1,32.27,3.0,317,317,1,0.0,False
21528,34.98,1,34.98,2.0,33,33,1,0.0,False
21529,29.99,1,29.99,1.0,36,36,1,0.0,False
21530,128.95,1,128.95,5.0,144,144,2,0.0,False
21535,69.97,1,69.97,3.0,47,47,1,0.0,False
21536,78.96,1,78.96,4.0,103,103,2,0.0,False
21537,2319.99,1,2319.99,1.0,21,21,1,1.0,False
21540,1602.47,2,801.235,1.5,174,391,2,0.9688044081948491,True
21542,2329.98,1,2329.98,2.0,22,22,2,0.984982703714195,False
21543,37.27,1,37.27,3.0,155,155,1,0.0,False
21544,29.98,1,29.98,2.0,53,53,1,0.0,False
21547,72.96,1,72.96,4.0,122,122,2,0.0,False
21548,36.93,1,36.93,3.0,102,102,1,0.0,False
21554,74.98,1,74.98,3.0,127,127,1,0.0,False
21558,4919.299999999999,2,2459.6499999999996,1.5,115,677,2,0.9933730408797999,True
21563,39.99,1,39.99,2.0,304,304,1,0.0,False
21564,74.98,1,74.98,3.0,234,234,1,0.0,False
21572,4659.9025,2,2329.95125,1.5,68,663,2,0.9924912592055306,True
21573,61.97,1,61.97,3.0,143,143,1,0.0,False
21574,124.45,1,124.45,5.0,321,321,2,0.0,False
21577,39.98,1,39.98,2.0,27,27,1,0.0,False
21581,24.27,1,24.27,2.0,327,327,1,0.0,False
21582,2638.0582,2,1319.0291,2.5,242,449,2,0.9814371040032402,True
21585,1179.97,1,1179.97,3.0,65,65,3,0.9495919387781045,False
21586,1120.49,1,1120.49,1.0,68,68,1,1.0,False
21587,1155.48,1,1155.48,2.0,63,63,2,0.9697182123446533,False
21589,2589.0882,2,1294.5441,1.0,225,457,1,1.0,True
21591,69.97,1,69.97,3.0,8,8,1,0.0,False
21594,1169.97,1,1169.97,3.0,54,54,3,0.9577083173072813,False
21596,1155.48,1,1155.48,2.0,39,39,2,0.9697182123446533,False
21600,563.77,1,563.77,3.0,364,364,2,0.9578196782375792,False
21604,1179.97,1,1179.97,3.0,46,46,3,0.9495919387781045,False
21608,574.98,1,574.98,2.0,311,311,2,0.9391457094159796,False
21610,548.98,1,548.98,2.0,306,306,2,0.9836241757441072,False
21611,617.47,1,617.47,4.0,309,309,3,0.8745202196058108,False
21612,14.98,1,14.98,2.0,168,168,1,0.0,False
21613,2610.5782,2,1305.2891,1.5,194,439,2,0.9917681071572574,True
21615,1155.48,1,1155.48,2.0,56,56,2,0.9697182123446533,False
21616,68.97,1,68.97,3.0,257,257,2,0.0,False
21618,2611.0681999999997,2,1305.5340999999999,1.5,332,418,2,0.9915819893176286,True
21620,2620.3996,2,1310.1998,1.5,186,428,2,0.996569225548653,True
21623,9.99,1,9.99,1.0,13,13,1,0.0,False
21624,49.97,1,49.97,3.0,234,234,1,0.0,False
21625,68.97,1,68.97,3.0,141,141,2,0.0,False
21627,17.27,1,17.27,3.0,188,188,1,0.0,False
21628,77.96,1,77.96,4.0,116,116,2,0.0,False
21629,2624.0782,2,1312.0391,1.5,71,402,2,0.9866657937252024,True
21631,7.28,1,7.28,2.0,169,169,1,0.0,False
21632,14.98,1,14.98,2.0,265,265,1,0.0,False
21634,49.97,1,49.97,3.0,102,102,1,0.0,False
21638,1170.48,1,1170.48,2.0,53,53,2,0.9572910259039027,False
21639,9.99,1,9.99,1.0,141,141,1,0.0,False
21643,1170.48,1,1170.48,2.0,35,35,2,0.9572910259039027,False
21644,1145.48,1,1145.48,2.0,38,38,2,0.9781838181373748,False
21647,608.96,1,608.96,4.0,323,323,2,0.8867413294797688,False
21650,553.97,1,553.97,3.0,318,318,2,0.9747639763886131,False
21651,608.96,1,608.96,4.0,295,295,2,0.8867413294797688,False
21653,588.96,1,588.96,4.0,276,276,2,0.9168534365661505,False
21654,603.96,1,603.96,4.0,289,289,3,0.8940823895622226,False
21656,56.97,1,56.97,2.0,136,136,1,0.0,False
21657,14.98,1,14.98,2.0,252,252,1,0.0,False
21660,1134.47,1,1134.47,3.0,39,39,2,0.987677065061218,False
21663,39.98,1,39.98,2.0,133,133,1,0.0,False
21664,60.47,1,60.47,3.0,57,57,1,0.0,False
21666,828.47,1,828.47,3.0,97,97,2,0.92880852656101,False
21667,819.48,1,819.48,2.0,89,89,2,0.9389979011080197,False
21668,2518.9700000000003,2,1259.4850000000001,1.5,192,372,2,0.9861094018586963,True
21673,638.95,1,638.95,5.0,246,246,3,0.8451209014789889,False
21676,23.78,1,23.78,2.0,2,2,1,0.0,False
21677,21.49,1,21.49,1.0,62,62,1,0.0,False
21681,799.42,1,799.42,3.0,74,74,2,0.9625603562582872,False
21685,1205.47,1,1205.47,3.0,34,34,3,0.9295046745252888,False
21687,23.97,1,23.97,3.0,72,72,2,0.0,False
21690,93.97,1,93.97,3.0,256,256,2,0.0,False
21692,14.98,1,14.98,2.0,171,171,1,0.0,False
21693,44.98,1,44.98,2.0,213,213,1,0.0,False
21696,68.97,1,68.97,3.0,1,1,2,0.0,False
21697,14.98,1,14.98,2.0,70,70,1,0.0,False
21702,91.94,2,45.97,2.5,90,293,1,0.0,False
21706,99.96,1,99.96,4.0,129,129,2,0.0,False
21708,49.97,1,49.97,3.0,148,148,1,0.0,False
21710,4187.23,2,2093.615,2.5,51,1074,2,0.9835284901951888,True
21712,68.97,1,68.97,3.0,238,238,2,0.0,False
21715,14.98,1,14.98,2.0,321,321,1,0.0,False
21716,14.98,1,14.98,2.0,112,112,1,0.0,False
21721,14.98,1,14.98,2.0,78,78,1,0.0,False
21722,14.98,1,14.98,2.0,50,50,1,0.0,False
21723,1205.47,1,1205.47,3.0,38,38,3,0.9295046745252888,False
21726,41.95,1,41.95,4.0,169,169,1,0.0,False
21727,4132.24,2,2066.12,2.0,34,1068,2,0.9966168470369583,True
21730,17.27,1,17.27,3.0,26,26,1,0.0,False
21732,83.47,1,83.47,4.0,77,77,2,0.0,False
21733,14.98,1,14.98,2.0,15,15,1,0.0,False
21735,94.46,1,94.46,4.0,3,3,2,0.0,False
21741,4127.25,2,2063.625,1.5,303,1073,2,0.9978217941728754,True
21745,71.95,1,71.95,4.0,142,142,1,0.0,False
21749,1155.48,1,1155.48,2.0,36,36,2,0.9697182123446533,False
21750,68.97,1,68.97,3.0,272,272,2,0.0,False
21754,14.98,1,14.98,2.0,105,105,1,0.0,False
21759,64.47,1,64.47,3.0,14,14,2,0.0,False
21761,134.98,1,134.98,3.0,167,167,1,0.0,False
21763,49.97,1,49.97,3.0,46,46,1,0.0,False
21766,539.99,1,539.99,1.0,295,295,1,1.0,False
21768,4118.26,2,2059.13,1.0,260,1097,1,1.0,True
21769,603.49,1,603.49,2.0,302,302,2,0.8947787038724752,False
21771,22.93,1,22.93,3.0,172,172,1,0.0,False
21772,23.97,1,23.97,3.0,100,100,2,0.0,False
21773,14.98,1,14.98,2.0,217,217,1,0.0,False
21776,23.97,1,23.97,3.0,242,242,2,0.0,False
21779,14.98,1,14.98,2.0,11,11,1,0.0,False
21780,77.92,1,77.92,4.0,268,268,1,0.0,False
21781,1174.48,1,1174.48,2.0,56,56,2,0.9540307199782031,False
21786,119.96,1,119.96,4.0,123,123,2,0.0,False
21787,17.27,1,17.27,3.0,314,314,1,0.0,False
21788,1120.49,1,1120.49,1.0,34,34,1,1.0,False
21791,574.98,1,574.98,2.0,276,276,2,0.9391457094159796,False
21794,1179.97,1,1179.97,3.0,59,59,3,0.9495919387781045,False
21795,613.45,1,613.45,5.0,293,293,3,0.8802510392044991,False
21797,1155.48,1,1155.48,2.0,57,57,2,0.9697182123446533,False
21804,14.98,1,14.98,2.0,159,159,1,0.0,False
21805,49.97,1,49.97,3.0,259,259,1,0.0,False
21807,1120.49,1,1120.49,1.0,47,47,1,1.0,False
21810,562.96,1,562.96,4.0,304,304,3,0.9591978115674292,False
21812,1155.48,1,1155.48,2.0,47,47,2,0.9697182123446533,False
21813,4118.26,2,2059.13,1.0,6,1049,1,1.0,True
21815,64.47,1,64.47,3.0,269,269,2,0.0,False
21816,83.47,1,83.47,3.0,182,182,2,0.0,False
21818,191.28,1,191.28,3.0,242,242,1,0.0,False
21819,32.28,1,32.28,2.0,296,296,1,0.0,False
21825,4.99,1,4.99,1.0,1,1,1,0.0,False
21826,12.94,1,12.94,2.0,46,46,1,0.0,False
21829,63.97,1,63.97,3.0,79,79,1,0.0,False
21830,539.99,1,539.99,1.0,203,203,1,1.0,False
21833,2294.99,1,2294.99,1.0,21,21,1,1.0,False
21834,58.98,1,58.98,2.0,89,89,2,0.0,False
21835,2360.95,1,2360.95,4.0,21,21,3,0.9720620936487433,False
21836,4.99,1,4.99,1.0,157,157,1,0.0,False
21840,31.27,1,31.27,3.0,331,331,1,0.0,False
21843,13.98,1,13.98,2.0,268,268,2,0.0,False
21845,4.99,1,4.99,1.0,276,276,1,0.0,False
21846,39.98,1,39.98,2.0,290,290,1,0.0,False
21847,187.98,1,187.98,3.0,159,159,1,0.0,False
21849,39.98,1,39.98,2.0,283,283,1,0.0,False
21852,4.99,1,4.99,1.0,140,140,1,0.0,False
21854,24.99,1,24.99,1.0,61,61,1,0.0,False
21855,579.97,1,579.97,3.0,133,133,2,0.9741710778143696,False
21856,24.99,1,24.99,1.0,71,71,1,0.0,False
21858,2492.32,1,2492.32,4.0,344,344,2,0.9803516402388139,False
21859,4.99,1,4.99,1.0,134,134,1,0.0,False
21860,4.99,1,4.99,1.0,149,149,1,0.0,False
21862,13.98,1,13.98,2.0,221,221,2,0.0,False
21865,148.98,1,148.98,3.0,214,214,1,0.0,False
21866,4.99,1,4.99,1.0,68,68,1,0.0,False
21869,4.99,1,4.99,1.0,29,29,1,0.0,False
21872,34.98,1,34.98,2.0,104,104,1,0.0,False
21873,4661.5025000000005,2,2330.7512500000003,2.0,66,647,2,0.9921505995116381,True
21874,4638.8925,2,2319.44625,2.0,68,652,2,0.9969863496513447,True
21875,4921.6900000000005,2,2460.8450000000003,1.5,63,668,2,0.9928906534137665,True
21876,4663.3825,2,2331.69125,2.5,88,649,3,0.9917506230724159,True
21877,4624.9125,2,2312.45625,1.0,71,653,1,1.0,True
21878,4663.7925,2,2331.89625,2.5,90,657,2,0.991663436998966,True
21880,39.99,1,39.99,2.0,121,121,1,0.0,False
21882,4886.7,2,2443.35,1.0,68,641,1,1.0,True
21883,42.28,1,42.28,3.0,331,331,1,0.0,False
21884,74.98,1,74.98,3.0,85,85,1,0.0,False
21885,4641.8525,2,2320.92625,2.0,84,654,2,0.9963505949402744,True
21886,4696.4925,2,2348.24625,2.5,85,659,2,0.9847588386439454,True
21888,4925.58,2,2462.79,2.5,88,665,2,0.9921065133446213,True
21891,4921.6900000000005,2,2460.8450000000003,1.5,73,653,2,0.9928906534137665,True
21904,75.97,1,75.97,2.0,115,115,2,0.0,False
21906,14.98,1,14.98,2.0,132,132,1,0.0,False
21907,14.98,1,14.98,2.0,109,109,1,0.0,False
21911,27.77,1,27.77,3.0,175,175,1,0.0,False
21912,574.98,1,574.98,2.0,232,232,2,0.9391457094159796,False
21913,60.47,1,60.47,3.0,8,8,1,0.0,False
21914,39.98,1,39.98,2.0,254,254,1,0.0,False
21915,570.47,1,570.47,3.0,294,294,3,0.9465703717986923,False
21917,69.97,1,69.97,3.0,210,210,1,0.0,False
21919,1120.49,1,1120.49,1.0,36,36,1,1.0,False
21922,1120.49,1,1120.49,1.0,54,54,1,1.0,False
21924,1120.49,1,1120.49,1.0,4,4,1,1.0,False
21928,1170.48,1,1170.48,2.0,22,22,2,0.9572910259039027,False
21930,1233.96,1,1233.96,4.0,18,18,3,0.9080440208758792,False
21933,49.97,1,49.97,3.0,37,37,1,0.0,False
21934,9.99,1,9.99,1.0,133,133,1,0.0,False
21941,1174.48,1,1174.48,2.0,29,29,2,0.9540307199782031,False
21945,4886.7,2,2443.35,1.0,72,668,1,1.0,True
21955,4900.68,2,2450.34,2.0,38,655,2,0.9971473346555989,True
21956,4632.8625,2,2316.43125,1.5,51,658,2,0.9982839982839983,True
21959,4702.3925,2,2351.19625,2.5,51,654,3,0.9835232809681456,True
21962,35.0,1,35.0,1.0,306,306,1,0.0,False
21967,123.96,1,123.96,4.0,30,30,2,0.0,False
21968,4722.8825,2,2361.44125,2.5,38,628,3,0.9792563122203444,True
21969,4759.4725,2,2379.73625,3.5,33,612,3,0.9717279593484363,True
21971,32.28,1,32.28,2.0,171,171,1,0.0,False
21973,56.97,1,56.97,2.0,34,34,1,0.0,False
21975,85.48,1,85.48,2.0,2,2,2,0.0,False
21976,4198.33,2,2099.165,1.5,74,638,2,0.9871401247638942,True
21982,3882.5525,2,1941.27625,1.0,79,614,1,1.0,True
21984,4175.61,2,2087.805,2.5,58,627,2,0.9925112738019117,True
21985,3936.5425,2,1968.27125,1.5,50,635,2,0.9862849188088278,True
21989,35.0,1,35.0,1.0,279,279,1,0.0,False
21990,99.47,1,99.47,4.0,268,268,2,0.0,False
21992,184.26,1,184.26,5.0,2,2,1,0.0,False
21993,74.98,1,74.98,3.0,297,297,1,0.0,False
21995,37.29,1,37.29,2.0,135,135,1,0.0,False
21998,56.98,1,56.98,2.0,169,169,1,0.0,False
22001,74.98,1,74.98,3.0,240,240,1,0.0,False
22004,3917.5425,2,1958.77125,1.5,62,630,2,0.9910683802409291,True
22007,44.98,1,44.98,2.0,20,20,1,0.0,False
22009,9.99,1,9.99,1.0,287,287,1,0.0,False
22010,49.97,1,49.97,3.0,63,63,1,0.0,False
22011,68.97,1,68.97,3.0,31,31,2,0.0,False
22013,565.47,1,565.47,3.0,16,16,2,0.9549401382920403,False
22014,39.98,1,39.98,2.0,202,202,1,0.0,False
22016,574.98,1,574.98,2.0,5,5,2,0.9391457094159796,False
22018,76.97,1,76.97,2.0,201,201,1,0.0,False
22019,7.28,1,7.28,2.0,306,306,1,0.0,False
22020,56.97,1,56.97,2.0,95,95,1,0.0,False
22023,78.96,1,78.96,4.0,285,285,2,0.0,False
22025,14.98,1,14.98,2.0,175,175,1,0.0,False
22027,59.98,1,59.98,2.0,233,233,1,0.0,False
22028,69.99,1,69.99,1.0,331,331,1,0.0,False
22029,30.97,1,30.97,2.0,17,17,2,0.0,False
22030,4144.34,2,2072.17,1.0,33,620,1,1.0,True
22031,3896.5325000000003,2,1948.2662500000001,2.0,40,626,2,0.9964121946884827,True
22034,14.98,1,14.98,2.0,274,274,1,0.0,False
22038,84.95,1,84.95,5.0,329,329,1,0.0,False
22039,34.98,1,34.98,2.0,17,17,1,0.0,False
22040,37.27,1,37.27,3.0,228,228,1,0.0,False
22041,4167.23,2,2083.615,2.5,8,1066,2,0.9882487887637593,True
22042,539.99,1,539.99,1.0,287,287,1,1.0,False
22046,563.77,1,563.77,3.0,269,269,2,0.9578196782375792,False
22047,23.97,1,23.97,3.0,101,101,2,0.0,False
22048,548.98,1,548.98,2.0,265,265,2,0.9836241757441072,False
22054,563.77,1,563.77,3.0,262,262,2,0.9578196782375792,False
22055,23.97,1,23.97,3.0,323,323,2,0.0,False
22056,34.98,1,34.98,2.0,114,114,1,0.0,False
22058,4118.26,2,2059.13,1.0,29,1034,1,1.0,True
22061,1145.48,1,1145.48,2.0,4,4,2,0.9781838181373748,False
22062,1120.49,1,1120.49,1.0,10,10,1,1.0,False
22064,69.99,1,69.99,1.0,317,317,1,0.0,False
22065,69.99,1,69.99,1.0,307,307,1,0.0,False
22066,539.99,1,539.99,1.0,273,273,1,1.0,False
22070,14.98,1,14.98,2.0,146,146,1,0.0,False
22073,74.46,1,74.46,4.0,221,221,2,0.0,False
22074,553.97,1,553.97,3.0,246,246,2,0.9747639763886131,False
22078,563.77,1,563.77,3.0,246,246,2,0.9578196782375792,False
22081,29.99,1,29.99,1.0,269,269,1,0.0,False
22082,574.98,1,574.98,2.0,261,261,2,0.9391457094159796,False
22083,154.98,1,154.98,3.0,125,125,1,0.0,False
22086,29.99,1,29.99,1.0,201,201,1,0.0,False
22089,553.97,1,553.97,3.0,266,266,2,0.9747639763886131,False
22091,548.98,1,548.98,2.0,249,249,2,0.9836241757441072,False
22094,539.99,1,539.99,1.0,236,236,1,1.0,False
22096,133.47,1,133.47,4.0,241,241,2,0.0,False
22099,563.77,1,563.77,3.0,231,231,2,0.9578196782375792,False
22101,32.28,1,32.28,2.0,85,85,1,0.0,False
22103,69.97,1,69.97,3.0,221,221,1,0.0,False
22104,553.97,1,553.97,3.0,237,237,2,0.9747639763886131,False
22106,553.97,1,553.97,3.0,233,233,2,0.9747639763886131,False
22107,71.97,1,71.97,2.0,201,201,2,0.0,False
22109,5971.33,2,2985.665,1.5,354,1017,2,0.9984944727556508,True
22110,34.98,1,34.98,2.0,6,6,1,0.0,False
22112,6047.32,2,3023.66,2.0,313,1009,3,0.9859474940965586,True
22113,588.96,1,588.96,4.0,227,227,2,0.9168534365661505,False
22114,4183.23,2,2091.615,2.5,214,1035,2,0.9844689390733956,True
22115,624.97,1,624.97,3.0,237,237,3,0.8640254732227146,False
22121,5997.33,2,2998.665,1.5,216,957,2,0.9941657370863368,True
22122,94.46,1,94.46,4.0,261,261,2,0.0,False
22125,34.98,1,34.98,2.0,294,294,1,0.0,False
22127,89.97,1,89.97,3.0,235,235,1,0.0,False
22128,4142.23,2,2071.115,2.5,158,949,3,0.9942132619386178,True
22130,574.98,1,574.98,2.0,235,235,2,0.9391457094159796,False
22131,561.48,1,561.48,2.0,225,225,2,0.9617261523117475,False
22133,556.26,1,556.26,4.0,225,225,2,0.9707510876208967,False
22134,144.45,1,144.45,5.0,96,96,2,0.0,False
22135,574.98,1,574.98,2.0,238,238,2,0.9391457094159796,False
22137,1184.46,1,1184.46,4.0,25,25,2,0.9459922665180758,False
22139,548.98,1,548.98,2.0,232,232,2,0.9836241757441072,False
22140,1120.49,1,1120.49,1.0,5,5,1,1.0,False
22142,71.94,1,71.94,5.0,278,278,1,0.0,False
22147,69.99,1,69.99,1.0,128,128,1,0.0,False
22152,1205.47,1,1205.47,3.0,23,23,3,0.9295046745252888,False
22155,69.99,1,69.99,1.0,114,114,1,0.0,False
22157,32.28,1,32.28,2.0,83,83,1,0.0,False
22161,71.94,1,71.94,5.0,10,10,1,0.0,False
22162,69.97,1,69.97,3.0,208,208,1,0.0,False
22163,37.27,1,37.27,3.0,329,329,1,0.0,False
22164,563.77,1,563.77,3.0,203,203,2,0.9578196782375792,False
22166,69.97,1,69.97,3.0,201,201,1,0.0,False
22168,2997.3199999999997,2,1498.6599999999999,2.0,215,627,2,0.9953358333444545,True
22169,78.98,1,78.98,2.0,194,194,1,0.0,False
22170,2745.3325,2,1372.66625,2.0,241,636,2,0.9913380255397116,True
22171,2721.5525,2,1360.77625,1.0,229,615,1,1.0,True
22172,2932.3025,2,1466.15125,4.0,220,638,3,0.9281281518533646,True
22173,2735.5325000000003,2,1367.7662500000001,2.0,238,631,2,0.9948894776428356,True
22174,3007.83,2,1503.915,1.5,244,628,2,0.9918579175019866,True
22176,100.46,1,100.46,4.0,178,178,2,0.0,False
22177,24.27,1,24.27,2.0,170,170,1,0.0,False
22178,4233.32,2,2116.66,2.0,47,629,3,0.978981036160744,True
22179,21.98,1,21.98,1.0,198,198,1,0.0,False
22180,4632.8625,2,2316.43125,1.5,55,639,2,0.9982839982839983,True
22184,37.27,1,37.27,3.0,78,78,1,0.0,False
22185,38.98,1,38.98,2.0,279,279,2,0.0,False
22188,1179.97,1,1179.97,3.0,10,10,3,0.9495919387781045,False
22189,548.98,1,548.98,2.0,193,193,2,0.9836241757441072,False
22192,84.97,1,84.97,3.0,189,189,2,0.0,False
22194,4633.9025,2,2316.95125,1.5,34,613,2,0.9980599505492401,True
22195,4909.67,2,2454.835,2.5,27,634,3,0.9953214778182649,True
22196,4632.8625,2,2316.43125,1.5,26,626,2,0.9982839982839983,True
22202,4671.7425,2,2335.87125,3.0,2,602,2,0.9899759029955097,True
22204,42.28,1,42.28,3.0,168,168,1,0.0,False
22208,42.28,1,42.28,3.0,274,274,1,0.0,False
22215,78.96,1,78.96,4.0,260,260,2,0.0,False
22219,12.94,1,12.94,2.0,38,38,1,0.0,False
22220,1179.97,1,1179.97,3.0,4,4,3,0.9495919387781045,False
22224,624.95,1,624.95,5.0,203,203,3,0.86405312424994,False
22226,34.98,1,34.98,2.0,287,287,1,0.0,False
22229,1147.77,1,1147.77,3.0,26,26,2,0.9762321719508265,False
22230,4223.23,2,2111.615,2.5,96,949,3,0.9810642565050922,True
22233,5997.33,2,2998.665,1.5,199,957,2,0.9941657370863368,True
22235,1155.48,1,1155.48,2.0,11,11,2,0.9697182123446533,False
22236,1179.97,1,1179.97,3.0,3,3,3,0.9495919387781045,False
22238,1155.48,1,1155.48,2.0,3,3,2,0.9697182123446533,False
22240,32.28,1,32.28,2.0,209,209,1,0.0,False
22241,1149.47,1,1149.47,3.0,19,19,2,0.9747883807319895,False
22242,37.27,1,37.27,3.0,299,299,1,0.0,False
22243,1170.48,1,1170.48,2.0,26,26,2,0.9572910259039027,False
22244,29.99,1,29.99,1.0,269,269,1,0.0,False
22246,1170.48,1,1170.48,2.0,28,28,2,0.9572910259039027,False
22247,5978.610000000001,2,2989.3050000000003,2.5,169,924,2,0.9972786316551842,True
22254,553.97,1,553.97,3.0,351,351,2,0.9747639763886131,False
22255,599.47,1,599.47,3.0,187,187,3,0.9007790214689643,False
22257,539.99,1,539.99,1.0,207,207,1,1.0,False
22258,548.98,1,548.98,2.0,197,197,2,0.9836241757441072,False
22260,563.77,1,563.77,3.0,357,357,2,0.9578196782375792,False
22261,561.48,1,561.48,2.0,367,367,2,0.9617261523117475,True
22265,21.98,1,21.98,1.0,295,295,1,0.0,False
22267,4167.23,2,2083.615,2.5,90,932,3,0.9942479776734187,True
22269,94.46,1,94.46,4.0,160,160,2,0.0,False
22270,608.96,1,608.96,4.0,206,206,2,0.8867413294797688,False
22271,612.95,1,612.95,5.0,194,194,3,0.880969083938331,False
22275,615.47,1,615.47,3.0,325,325,3,0.8773620160202772,False
22276,599.47,1,599.47,3.0,331,331,3,0.9007790214689643,False
22278,7.28,1,7.28,2.0,289,289,1,0.0,False
22279,29.99,1,29.99,1.0,26,26,1,0.0,False
22280,32.28,1,32.28,2.0,227,227,1,0.0,False
22281,539.99,1,539.99,1.0,318,318,1,1.0,False
22282,574.98,1,574.98,2.0,334,334,2,0.9391457094159796,False
22283,157.27,1,157.27,4.0,132,132,1,0.0,False
22284,600.46,1,600.46,4.0,336,336,2,0.8992938746960664,False
22285,89.97,1,89.97,3.0,169,169,2,0.0,False
22286,34.98,1,34.98,2.0,232,232,1,0.0,False
22287,539.99,1,539.99,1.0,315,315,1,1.0,False
22290,600.46,1,600.46,4.0,208,208,2,0.8992938746960664,False
22292,553.97,1,553.97,3.0,187,187,2,0.9747639763886131,False
22293,561.48,1,561.48,2.0,207,207,2,0.9617261523117475,False
22297,600.46,1,600.46,4.0,197,197,2,0.8992938746960664,False
22299,4145.54,2,2072.77,2.0,63,937,2,0.9934194338976347,True
22301,539.99,1,539.99,1.0,327,327,1,1.0,False
22302,1763.97,1,1763.97,3.0,173,173,2,0.9642964449508779,False
22303,21.49,1,21.49,1.0,16,16,1,0.0,False
22307,804.47,1,804.47,3.0,90,90,2,0.9565179559212897,False
22308,1768.96,1,1768.96,4.0,183,183,3,0.9615762934153401,False
22311,1739.46,1,1739.46,4.0,168,168,3,0.9778839409931818,False
22312,2478.24,1,2478.24,3.0,353,353,2,0.9859214603912454,False
22313,1735.98,1,1735.98,2.0,149,149,2,0.9798442378368414,False
22315,39.98,1,39.98,2.0,68,68,1,0.0,False
22316,617.47,1,617.47,4.0,215,215,3,0.8745202196058108,False
22320,1735.98,1,1735.98,2.0,146,146,2,0.9798442378368414,False
22321,1700.99,1,1700.99,1.0,140,140,1,1.0,False
22323,2443.35,1,2443.35,1.0,343,343,1,1.0,False
22324,24.99,1,24.99,1.0,277,277,1,0.0,False
22325,13.98,1,13.98,2.0,154,154,2,0.0,False
22326,40.23,1,40.23,3.0,54,54,1,0.0,False
22327,574.98,1,574.98,2.0,317,317,2,0.9391457094159796,False
22333,69.97,1,69.97,3.0,301,301,1,0.0,False
22334,548.98,1,548.98,2.0,310,310,2,0.9836241757441072,False
22335,578.46,1,578.46,4.0,294,294,3,0.9334958337655153,False
22336,600.46,1,600.46,4.0,279,279,2,0.8992938746960664,False
22339,14.98,1,14.98,2.0,151,151,1,0.0,False
22340,14.98,1,14.98,2.0,119,119,1,0.0,False
22342,68.97,1,68.97,3.0,90,90,2,0.0,False
22351,69.97,1,69.97,3.0,194,194,1,0.0,False
22353,39.98,1,39.98,2.0,163,163,1,0.0,False
22355,9.99,1,9.99,1.0,209,209,1,0.0,False
22360,58.95,1,58.95,5.0,156,156,2,0.0,False
22365,32.28,1,32.28,2.0,326,326,1,0.0,False
22366,56.97,1,56.97,2.0,146,146,1,0.0,False
22367,69.97,1,69.97,3.0,248,248,1,0.0,False
22369,69.97,1,69.97,3.0,202,202,1,0.0,False
22371,39.98,1,39.98,2.0,155,155,1,0.0,False
22373,5976.32,2,2988.16,2.0,121,924,2,0.9976607678303706,True
22375,34.98,1,34.98,2.0,109,109,1,0.0,False
22376,29.99,1,29.99,1.0,199,199,1,0.0,False
22381,29.48,1,29.48,2.0,226,226,2,0.0,False
22385,58.98,1,58.98,2.0,110,110,2,0.0,False
22386,4.99,1,4.99,1.0,101,101,1,0.0,False
22397,27.77,1,27.77,3.0,216,216,1,0.0,False
22398,539.99,1,539.99,1.0,338,338,1,1.0,False
22403,69.99,1,69.99,1.0,239,239,1,0.0,False
22405,123.98,1,123.98,2.0,237,237,1,0.0,False
22406,3018.33,2,1509.165,1.5,208,582,2,0.988407496860847,True
22409,2746.0425,2,1373.02125,1.5,208,588,2,0.9910817112262466,True
22414,574.98,1,574.98,2.0,356,356,2,0.9391457094159796,False
22415,615.47,1,615.47,3.0,357,357,3,0.8773620160202772,False
22416,1764.96,1,1764.96,4.0,146,146,2,0.9637555525337684,False
22418,1732.26,1,1732.26,4.0,143,143,2,0.9819484373015598,False
22419,60.47,1,60.47,3.0,97,97,1,0.0,False
22421,58.98,1,58.98,2.0,207,207,2,0.0,False
22422,1735.98,1,1735.98,2.0,103,103,2,0.9798442378368414,False
22426,553.97,1,553.97,3.0,187,187,2,0.9747639763886131,False
22427,1700.99,1,1700.99,1.0,123,123,1,1.0,False
22428,1739.46,1,1739.46,4.0,99,99,3,0.9778839409931818,False
22432,578.46,1,578.46,4.0,359,359,3,0.9334958337655153,False
22435,23.78,1,23.78,2.0,227,227,1,0.0,False
22438,616.95,1,616.95,5.0,208,208,3,0.8752573142069859,False
22439,1700.99,1,1700.99,1.0,65,65,1,1.0,False
22441,597.95,1,597.95,5.0,341,341,3,0.9030688184630822,False
22443,553.97,1,553.97,3.0,211,211,2,0.9747639763886131,False
22445,2490.18,1,2490.18,5.0,340,340,2,0.9811941305447801,False
22446,1739.46,1,1739.46,4.0,104,104,3,0.9778839409931818,False
22448,2479.94,1,2479.94,3.0,312,312,2,0.9852456107809061,False
22454,12.94,1,12.94,2.0,53,53,1,0.0,False
22455,29.48,1,29.48,2.0,325,325,2,0.0,False
22460,1750.98,1,1750.98,2.0,80,80,2,0.9714502735610915,False
22461,1754.98,1,1754.98,2.0,77,77,2,0.969236116650902,False
22462,553.97,1,553.97,3.0,325,325,2,0.9747639763886131,False
22465,2492.32,1,2492.32,4.0,253,253,2,0.9803516402388139,False
22468,1700.99,1,1700.99,1.0,44,44,1,1.0,False
22469,563.77,1,563.77,3.0,290,290,2,0.9578196782375792,False
22470,1735.98,1,1735.98,2.0,58,58,2,0.9798442378368414,False
22472,539.99,1,539.99,1.0,176,176,1,1.0,False
22473,607.96,1,607.96,4.0,283,283,3,0.8881998815711559,False
22476,58.98,1,58.98,2.0,48,48,2,0.0,False
22477,574.98,1,574.98,2.0,301,301,2,0.9391457094159796,False
22478,553.97,1,553.97,3.0,286,286,2,0.9747639763886131,False
22479,600.46,1,600.46,4.0,283,283,2,0.8992938746960664,False
22480,616.95,1,616.95,5.0,178,178,3,0.8752573142069859,False
22485,23.78,1,23.78,2.0,70,70,1,0.0,False
22486,588.96,1,588.96,4.0,284,284,2,0.9168534365661505,False
22487,588.96,1,588.96,4.0,151,151,2,0.9168534365661505,False
22491,4.99,1,4.99,1.0,325,325,1,0.0,False
22492,67.97,1,67.97,3.0,314,314,2,0.0,False
22494,4.99,1,4.99,1.0,298,298,1,0.0,False
22496,48.97,1,48.97,3.0,86,86,2,0.0,False
22497,58.98,1,58.98,2.0,212,212,2,0.0,False
22499,23.78,1,23.78,2.0,125,125,1,0.0,False
22500,2481.82,1,2481.82,4.0,229,229,3,0.9844992787551073,False
22501,2566.8,1,2566.8,6.0,194,194,3,0.9519050958391776,False
22502,1735.98,1,1735.98,2.0,123,123,2,0.9798442378368414,False
22505,1735.98,1,1735.98,2.0,60,60,2,0.9798442378368414,False
22507,48.97,1,48.97,3.0,189,189,2,0.0,False
22510,1763.97,1,1763.97,3.0,89,89,2,0.9642964449508779,False
22511,80.47,1,80.47,3.0,154,154,1,0.0,False
22512,30.48,1,30.48,2.0,140,140,2,0.0,False
22513,23.78,1,23.78,2.0,250,250,1,0.0,False
22515,553.97,1,553.97,3.0,142,142,2,0.9747639763886131,False
22517,562.96,1,562.96,4.0,255,255,3,0.9591978115674292,False
22519,921.77,1,921.77,4.0,60,60,2,0.8347960988098984,False
22522,539.99,1,539.99,1.0,264,264,1,1.0,False
22526,1732.26,1,1732.26,4.0,41,41,2,0.9819484373015598,False
22528,39.98,1,39.98,2.0,144,144,1,0.0,False
22530,4.99,1,4.99,1.0,97,97,1,0.0,False
22531,184.48,1,184.48,3.0,89,89,1,0.0,False
22535,1750.98,1,1750.98,2.0,44,44,2,0.9714502735610915,False
22539,98.96,1,98.96,4.0,218,218,2,0.0,False
22541,588.96,1,588.96,4.0,245,245,2,0.9168534365661505,False
22545,48.97,1,48.97,3.0,147,147,2,0.0,False
22547,37.27,1,37.27,3.0,237,237,1,0.0,False
22550,29.48,1,29.48,2.0,135,135,2,0.0,False
22551,67.49,1,67.49,2.0,62,62,2,0.0,False
22552,21.49,1,21.49,1.0,185,185,1,0.0,False
22554,4.99,1,4.99,1.0,294,294,1,0.0,False
22555,143.78,1,143.78,3.0,106,106,1,0.0,False
22557,4.99,1,4.99,1.0,152,152,1,0.0,False
22558,4.99,1,4.99,1.0,218,218,1,0.0,False
22559,4.99,1,4.99,1.0,320,320,1,0.0,False
22560,93.97,1,93.97,3.0,251,251,2,0.0,False
22565,6.28,1,6.28,2.0,41,41,1,0.0,False
22567,23.78,1,23.78,2.0,204,204,1,0.0,False
22568,3.99,1,3.99,1.0,166,166,1,0.0,False
22569,48.97,1,48.97,3.0,286,286,2,0.0,False
22571,2835.0225,2,1417.51125,2.5,208,602,3,0.9599756262957351,True
22574,69.99,1,69.99,1.0,210,210,1,0.0,False
22575,3018.33,2,1509.165,1.5,203,608,2,0.988407496860847,True
22576,2721.5525,2,1360.77625,1.0,202,608,1,1.0,True
22577,2743.0425,2,1371.52125,1.5,184,580,2,0.9921656335984588,True
22578,2735.5325000000003,2,1367.7662500000001,2.0,196,600,2,0.9948894776428356,True
22579,2730.5425,2,1365.27125,1.5,211,593,2,0.9967076139631594,True
22581,2749.3225,2,1374.66125,2.5,209,599,2,0.9898993297439643,True
22584,33.98,1,33.98,2.0,187,187,1,0.0,False
22586,1739.46,1,1739.46,4.0,34,34,3,0.9778839409931818,False
22587,548.98,1,548.98,2.0,243,243,2,0.9836241757441072,False
22588,48.97,1,48.97,3.0,174,174,2,0.0,False
22590,583.97,1,583.97,3.0,231,231,3,0.9246879120502766,False
22592,1754.98,1,1754.98,2.0,44,44,2,0.969236116650902,False
22593,553.97,1,553.97,3.0,126,126,2,0.9747639763886131,False
22595,2519.93,1,2519.93,4.0,177,177,3,0.9696102669518599,False
22597,615.46,1,615.46,4.0,228,228,3,0.8773762714067527,False
22600,1735.98,1,1735.98,2.0,14,14,2,0.9798442378368414,False
22602,1754.98,1,1754.98,2.0,23,23,2,0.969236116650902,False
22603,561.48,1,561.48,2.0,125,125,2,0.9617261523117475,False
22605,1750.98,1,1750.98,2.0,18,18,2,0.9714502735610915,False
22609,608.96,1,608.96,4.0,206,206,2,0.8867413294797688,False
22611,1775.47,1,1775.47,3.0,36,36,2,0.958050544362901,False
22612,561.92,1,561.92,4.0,145,145,2,0.9609730922551252,False
22613,1183.47,1,1183.47,3.0,354,354,2,0.9467836109069093,False
22614,1155.48,1,1155.48,2.0,346,346,2,0.9697182123446533,False
22617,806.76,1,806.76,4.0,14,14,2,0.9538028657841242,False
22619,819.48,1,819.48,2.0,18,18,2,0.9389979011080197,False
22620,573.98,1,573.98,2.0,324,324,2,0.9843374333600474,False
22621,589.96,1,589.96,4.0,253,253,2,0.9152993423282934,False
22623,553.97,1,553.97,3.0,185,185,2,0.9747639763886131,False
22626,565.47,1,565.47,3.0,145,145,2,0.9549401382920403,False
22627,588.96,1,588.96,4.0,188,188,2,0.9168534365661505,False
22628,562.96,1,562.96,4.0,209,209,3,0.9591978115674292,False
22632,2492.32,1,2492.32,4.0,144,144,2,0.9803516402388139,False
22634,1775.47,1,1775.47,3.0,7,7,2,0.958050544362901,False
22636,1700.99,1,1700.99,1.0,7,7,1,1.0,False
22638,548.98,1,548.98,2.0,201,201,2,0.9836241757441072,False
22640,1149.47,1,1149.47,3.0,320,320,2,0.9747883807319895,False
22645,553.97,1,553.97,3.0,106,106,2,0.9747639763886131,False
22646,1155.48,1,1155.48,2.0,317,317,2,0.9697182123446533,False
22648,2475.95,1,2475.95,2.0,115,115,2,0.9868333366990448,False
22650,574.98,1,574.98,2.0,206,206,2,0.9391457094159796,False
22651,574.98,1,574.98,2.0,99,99,2,0.9391457094159796,False
22652,553.97,1,553.97,3.0,195,195,2,0.9747639763886131,False
22654,563.77,1,563.77,3.0,105,105,2,0.9578196782375792,False
22655,565.47,1,565.47,3.0,167,167,2,0.9549401382920403,False
22658,28.99,1,28.99,1.0,54,54,1,0.0,False
22659,38.98,1,38.98,2.0,51,51,1,0.0,False
22662,4.99,1,4.99,1.0,40,40,1,0.0,False
22663,574.98,1,574.98,2.0,97,97,2,0.9391457094159796,False
22666,574.98,1,574.98,2.0,197,197,2,0.9391457094159796,False
22669,1120.49,1,1120.49,1.0,345,345,1,1.0,False
22670,39.98,1,39.98,2.0,291,291,1,0.0,False
22671,1155.48,1,1155.48,2.0,300,300,2,0.9697182123446533,False
22674,574.98,1,574.98,2.0,181,181,2,0.9391457094159796,False
22676,28.99,1,28.99,1.0,310,310,1,0.0,False
22680,620.95,1,620.95,4.0,42,42,3,0.8696191319751992,False
22688,38.98,1,38.98,2.0,158,158,1,0.0,False
22691,2457.33,1,2457.33,3.0,74,74,2,0.9943108984141326,False
22693,1754.98,1,1754.98,2.0,331,331,2,0.969236116650902,False
22695,1174.48,1,1174.48,2.0,295,295,2,0.9540307199782031,False
22696,68.97,1,68.97,3.0,45,45,1,0.0,False
22697,83.97,1,83.97,3.0,299,299,2,0.0,False
22700,6.28,1,6.28,2.0,165,165,1,0.0,False
22702,28.99,1,28.99,1.0,47,47,1,0.0,False
22704,41.93,1,41.93,3.0,198,198,1,0.0,False
22705,38.98,1,38.98,2.0,322,322,1,0.0,False
22710,3.99,1,3.99,1.0,256,256,1,0.0,False
22713,4148.19,2,2074.095,2.0,5,923,2,0.9927848049390218,True
22714,71.95,1,71.95,4.0,188,188,1,0.0,False
22716,553.97,1,553.97,3.0,166,166,2,0.9747639763886131,False
22717,574.98,1,574.98,2.0,174,174,2,0.9391457094159796,False
22718,600.46,1,600.46,4.0,155,155,2,0.8992938746960664,False
22719,567.76,1,567.76,4.0,165,165,2,0.9510884880935607,False
22720,29.99,1,29.99,1.0,4,4,1,0.0,False
22722,562.96,1,562.96,4.0,163,163,3,0.9591978115674292,False
22723,69.97,1,69.97,3.0,92,92,1,0.0,False
22725,38.98,1,38.98,2.0,149,149,2,0.0,False
22727,34.98,1,34.98,2.0,268,268,1,0.0,False
22733,548.98,1,548.98,2.0,179,179,2,0.9836241757441072,False
22734,73.96,1,73.96,4.0,309,309,2,0.0,False
22736,29.99,1,29.99,1.0,293,293,1,0.0,False
22741,34.98,1,34.98,2.0,281,281,1,0.0,False
22747,32.28,1,32.28,2.0,259,259,1,0.0,False
22750,29.99,1,29.99,1.0,73,73,1,0.0,False
22751,133.47,1,133.47,4.0,200,200,2,0.0,False
22755,4.99,1,4.99,1.0,18,18,1,0.0,False
22759,37.27,1,37.27,3.0,195,195,1,0.0,False
22760,548.98,1,548.98,2.0,254,254,2,0.9836241757441072,False
22763,69.97,1,69.97,3.0,82,82,1,0.0,False
22764,29.99,1,29.99,1.0,118,118,1,0.0,False
22765,5978.610000000001,2,2989.3050000000003,2.5,111,908,2,0.9972786316551842,True
22766,29.99,1,29.99,1.0,224,224,1,0.0,False
22767,69.97,1,69.97,3.0,280,280,1,0.0,False
22768,600.46,1,600.46,4.0,255,255,2,0.8992938746960664,False
22769,29.99,1,29.99,1.0,205,205,1,0.0,False
22770,539.99,1,539.99,1.0,163,163,1,1.0,False
22772,4.99,1,4.99,1.0,282,282,1,0.0,False
22774,29.99,1,29.99,1.0,5,5,1,0.0,False
22777,193.98,1,193.98,3.0,208,208,1,0.0,False
22780,722.77,1,722.77,4.0,253,253,2,0.7471118059687037,False
22782,567.76,1,567.76,4.0,161,161,2,0.9510884880935607,False
22784,564.48,1,564.48,2.0,175,175,2,0.9566149376417233,False
22785,6029.57,2,3014.785,1.5,363,911,2,0.9986814980172716,True
22788,603.96,1,603.96,4.0,170,170,3,0.8940823895622226,False
22789,574.98,1,574.98,2.0,166,166,2,0.9391457094159796,False
22797,2309.97,1,2309.97,3.0,10,10,2,0.9935150672952464,False
22799,34.98,1,34.98,2.0,37,37,1,0.0,False
22800,2359.98,1,2359.98,3.0,22,22,2,0.9830549411435691,False
22806,38.98,1,38.98,2.0,76,76,1,0.0,False
22810,2354.98,1,2354.98,2.0,8,8,2,0.9851421243492514,False
22811,34.98,1,34.98,2.0,43,43,1,0.0,False
22813,119.96,1,119.96,4.0,64,64,2,0.0,False
22817,2400.93,1,2400.93,6.0,17,17,3,0.9662880633754424,False
22822,2475.95,1,2475.95,2.0,364,364,2,0.9868333366990448,False
22823,43.97,1,43.97,3.0,111,111,2,0.0,False
22825,78.96,1,78.96,4.0,115,115,2,0.0,False
22827,89.97,1,89.97,3.0,206,206,2,0.0,False
22828,2451.3,1,2451.3,2.0,350,350,2,0.9967568229102926,False
22829,4.99,1,4.99,1.0,25,25,1,0.0,False
22830,14.23,1,14.23,3.0,3,3,1,0.0,False
22834,12.98,1,12.98,2.0,115,115,2,0.0,False
22836,2334.98,1,2334.98,3.0,22,22,2,0.9828735149765737,False
22837,69.97,1,69.97,3.0,109,109,1,0.0,False
22839,39.25,1,39.25,4.0,328,328,1,0.0,False
22840,37.29,1,37.29,2.0,70,70,1,0.0,False
22844,39.99,1,39.99,2.0,274,274,1,0.0,False
22847,37.29,1,37.29,2.0,233,233,1,0.0,False
22848,39.99,1,39.99,2.0,328,328,1,0.0,False
22851,4632.8625,2,2316.43125,1.5,28,599,2,0.9982839982839983,True
22854,4659.9025,2,2329.95125,1.5,12,598,2,0.9924912592055306,True
22857,4886.7,2,2443.35,1.0,24,601,1,1.0,True
22861,69.97,1,69.97,3.0,159,159,1,0.0,False
22863,29.99,1,29.99,1.0,255,255,1,0.0,False
22865,37.27,1,37.27,3.0,89,89,1,0.0,False
22866,6.28,1,6.28,2.0,280,280,1,0.0,False
22870,68.97,1,68.97,3.0,250,250,1,0.0,False
22873,539.99,1,539.99,1.0,162,162,1,1.0,False
22874,548.98,1,548.98,2.0,253,253,2,0.9836241757441072,False
22876,574.98,1,574.98,2.0,256,256,2,0.9391457094159796,False
22881,5997.33,2,2998.665,1.5,42,898,2,0.9941657370863368,True
22883,29.99,1,29.99,1.0,284,284,1,0.0,False
22884,34.98,1,34.98,2.0,4,4,1,0.0,False
22885,548.98,1,548.98,2.0,275,275,2,0.9836241757441072,False
22887,578.46,1,578.46,4.0,247,247,3,0.9334958337655153,False
22893,6056.51,2,3028.255,2.0,320,890,2,0.9942392566015741,True
22894,32.28,1,32.28,2.0,298,298,1,0.0,False
22904,4759.9925,2,2379.99625,3.0,7,597,3,0.9716218040259518,True
22905,4624.9125,2,2312.45625,1.0,5,567,1,1.0,True
22907,4169.33,2,2084.665,1.5,37,575,2,0.9940062312170062,True
22908,4661.5025000000005,2,2330.7512500000003,2.0,24,568,2,0.9921505995116381,True
22909,3980.5225,2,1990.26125,2.5,55,573,3,0.9753876532540642,True
22910,3882.5525,2,1941.27625,1.0,43,550,1,1.0,True
22911,39.98,1,39.98,2.0,126,126,1,0.0,False
22912,4659.9025,2,2329.95125,1.5,5,577,2,0.9924912592055306,True
22913,4684.3925,2,2342.19625,2.0,25,579,3,0.9873025157477732,True
22914,59.98,1,59.98,2.0,270,270,1,0.0,False
22917,4.99,1,4.99,1.0,302,302,1,0.0,False
22920,91.95,1,91.95,4.0,34,34,1,0.0,False
22926,3936.5425,2,1968.27125,1.5,13,557,2,0.9862849188088278,True
22927,3913.8225,2,1956.91125,2.5,12,579,2,0.9920103683802729,True
22929,4673.8825,2,2336.94125,2.5,27,572,2,0.9895226292060189,True
22931,3882.5525,2,1941.27625,1.0,345,567,1,1.0,True
22933,3917.5425,2,1958.77125,1.5,26,552,2,0.9910683802409291,True
22935,3951.5225,2,1975.76125,2.5,27,563,2,0.9825459680414322,True
22936,3946.5225,2,1973.26125,2.5,17,566,2,0.9837907930336139,True
22937,4179.33,2,2089.665,1.5,12,550,2,0.991627844654526,True
22939,3961.0325000000003,2,1980.5162500000001,2.0,18,572,2,0.9801869840754905,True
22943,4144.34,2,2072.17,1.0,14,567,1,1.0,True
22945,12.94,1,12.94,2.0,285,285,1,0.0,False
22946,3911.5325000000003,2,1955.7662500000001,2.0,311,561,2,0.9925911391507038,True
22949,71.97,1,71.97,2.0,256,256,2,0.0,False
22950,3917.5425,2,1958.77125,1.5,331,555,2,0.9910683802409291,True
22951,4242.3099999999995,2,2121.1549999999997,2.5,282,557,3,0.9769064495522488,True
22953,3899.4925000000003,2,1949.7462500000001,2.0,279,577,2,0.9956558449593121,True
22954,4179.33,2,2089.665,1.5,282,571,2,0.991627844654526,True
22955,13.98,1,13.98,2.0,126,126,2,0.0,False
22956,64.47,1,64.47,3.0,71,71,2,0.0,False
22958,4208.3099999999995,2,2104.1549999999997,2.5,8,566,2,0.9847991236387055,True
22959,3917.5425,2,1958.77125,1.5,5,569,2,0.9910683802409291,True
22961,3891.5425,2,1945.77125,1.5,281,573,2,0.9976898620534146,True
22963,58.98,1,58.98,2.0,282,282,2,0.0,False
22972,539.99,1,539.99,1.0,216,216,1,1.0,False
22973,7.28,1,7.28,2.0,2,2,1,0.0,False
22974,7.28,1,7.28,2.0,282,282,1,0.0,False
22975,3578.27,1,3578.27,1.0,908,908,1,1.0,True
22976,5971.33,2,2985.665,1.5,35,859,2,0.9984944727556508,True
22979,78.96,1,78.96,4.0,54,54,2,0.0,False
22980,29.99,1,29.99,1.0,328,328,1,0.0,False
22982,69.97,1,69.97,3.0,300,300,1,0.0,False
22985,81.45,1,81.45,4.0,90,90,2,0.0,False
22988,4194.33,2,2097.165,1.5,24,561,2,0.9880815291119202,True
22989,69.97,1,69.97,3.0,228,228,1,0.0,False
22990,29.99,1,29.99,1.0,250,250,1,0.0,False
22992,607.96,1,607.96,4.0,230,230,3,0.8881998815711559,False
22993,565.47,1,565.47,3.0,127,127,2,0.9549401382920403,False
23001,37.27,1,37.27,3.0,84,84,1,0.0,False
23002,67.2,1,67.2,5.0,262,262,1,0.0,False
23003,32.28,1,32.28,2.0,252,252,1,0.0,False
23004,56.96,1,56.96,3.0,61,61,1,0.0,False
23005,32.28,1,32.28,2.0,254,254,1,0.0,False
23006,39.47,1,39.47,3.0,61,61,2,0.0,False
23011,14.98,1,14.98,2.0,183,183,1,0.0,False
23012,4.99,1,4.99,1.0,114,114,1,0.0,False
23013,12.94,1,12.94,2.0,193,193,1,0.0,False
23017,563.77,1,563.77,3.0,139,139,2,0.9578196782375792,False
23018,607.96,1,607.96,4.0,130,130,3,0.8881998815711559,False
23019,613.45,1,613.45,5.0,229,229,3,0.8802510392044991,False
23022,7.28,1,7.28,2.0,220,220,1,0.0,False
23024,106.95,1,106.95,4.0,231,231,2,0.0,False
23025,29.99,1,29.99,1.0,124,124,1,0.0,False
23027,37.27,1,37.27,3.0,142,142,1,0.0,False
23028,600.46,1,600.46,4.0,128,128,2,0.8992938746960664,False
23029,120.46,1,120.46,4.0,271,271,2,0.0,False
23033,588.96,1,588.96,4.0,134,134,2,0.9168534365661505,False
23038,564.48,1,564.48,2.0,231,231,2,0.9566149376417233,False
23045,34.98,1,34.98,2.0,198,198,1,0.0,False
23047,553.97,1,553.97,3.0,141,141,2,0.9747639763886131,False
23051,34.98,1,34.98,2.0,287,287,1,0.0,False
23052,29.99,1,29.99,1.0,148,148,1,0.0,False
23054,29.99,1,29.99,1.0,169,169,1,0.0,False
23056,599.47,1,599.47,3.0,136,136,3,0.9007790214689643,False
23058,588.96,1,588.96,4.0,152,152,2,0.9168534365661505,False
23059,600.46,1,600.46,4.0,142,142,2,0.8992938746960664,False
23066,617.47,1,617.47,4.0,241,241,3,0.8745202196058108,False
23067,84.97,1,84.97,3.0,213,213,2,0.0,False
23068,37.27,1,37.27,3.0,49,49,1,0.0,False
23069,69.97,1,69.97,3.0,319,319,1,0.0,False
23071,32.28,1,32.28,2.0,205,205,1,0.0,False
23072,37.27,1,37.27,3.0,253,253,1,0.0,False
23073,539.99,1,539.99,1.0,136,136,1,1.0,False
23078,15.23,1,15.23,3.0,176,176,1,0.0,False
23079,7.28,1,7.28,2.0,176,176,1,0.0,False
23081,608.96,1,608.96,4.0,149,149,2,0.8867413294797688,False
23085,7.28,1,7.28,2.0,74,74,1,0.0,False
23086,12.94,1,12.94,2.0,281,281,1,0.0,False
23088,32.28,1,32.28,2.0,325,325,1,0.0,False
23089,37.27,1,37.27,3.0,294,294,1,0.0,False
23091,97.96,1,97.96,4.0,36,36,2,0.0,False
23092,29.99,1,29.99,1.0,188,188,1,0.0,False
23094,67.93,1,67.93,3.0,247,247,1,0.0,False
23095,4.99,1,4.99,1.0,195,195,1,0.0,False
23098,2745.3325,2,1372.66625,2.0,157,577,2,0.9913380255397116,True
23100,3007.12,2,1503.56,2.0,171,552,2,0.9920921014126474,True
23102,2730.5425,2,1365.27125,1.5,168,577,2,0.9967076139631594,True
23104,3490.0325000000003,2,1745.0162500000001,2.5,344,551,2,0.9461380373965,True
23106,3956.0125,2,1978.00625,3.0,257,563,3,0.9814307967934887,True
23107,3896.5325000000003,2,1948.2662500000001,2.0,257,551,2,0.9964121946884827,True
23109,37.27,1,37.27,3.0,316,316,1,0.0,False
23111,553.97,1,553.97,3.0,216,216,2,0.9747639763886131,False
23114,5996.32,2,2998.16,2.0,20,873,2,0.994333191023828,True
23116,3936.5425,2,1968.27125,1.5,248,520,2,0.9862849188088278,True
23118,3913.8225,2,1956.91125,2.5,218,544,2,0.9920103683802729,True
23120,4144.34,2,2072.17,1.0,226,545,1,1.0,True
23121,4144.34,2,2072.17,1.0,221,545,1,1.0,True
23125,603.49,1,603.49,2.0,151,151,2,0.8947787038724752,False
23127,565.47,1,565.47,3.0,233,233,2,0.9549401382920403,False
23129,4.99,1,4.99,1.0,238,238,1,0.0,False
23131,29.99,1,29.99,1.0,90,90,1,0.0,False
23132,160.23,1,160.23,4.0,288,288,1,0.0,False
23134,39.98,1,39.98,2.0,51,51,1,0.0,False
23135,553.97,1,553.97,3.0,125,125,2,0.9747639763886131,False
23136,574.98,1,574.98,2.0,115,115,2,0.9391457094159796,False
23138,599.47,1,599.47,3.0,99,99,3,0.9007790214689643,False
23139,553.97,1,553.97,3.0,207,207,2,0.9747639763886131,False
23140,38.98,1,38.98,2.0,317,317,2,0.0,False
23147,157.27,1,157.27,4.0,46,46,1,0.0,False
23148,539.99,1,539.99,1.0,195,195,1,1.0,False
23154,563.77,1,563.77,3.0,199,199,2,0.9578196782375792,False
23158,599.47,1,599.47,3.0,189,189,3,0.9007790214689643,False
23160,673.97,1,673.97,4.0,104,104,2,0.8012077688917905,False
23161,574.98,1,574.98,2.0,121,121,2,0.9391457094159796,False
23164,4807.1,2,2403.55,2.0,321,861,2,0.9970918017099708,True
23168,539.99,1,539.99,1.0,119,119,1,1.0,False
23170,574.98,1,574.98,2.0,118,118,2,0.9391457094159796,False
23172,4809.389999999999,2,2404.6949999999997,2.5,324,880,2,0.9966170345927448,True
23174,553.97,1,553.97,3.0,118,118,2,0.9747639763886131,False
23177,553.97,1,553.97,3.0,202,202,2,0.9747639763886131,False
23178,539.99,1,539.99,1.0,192,192,1,1.0,False
23179,539.99,1,539.99,1.0,214,214,1,1.0,False
23180,152.28,1,152.28,3.0,184,184,1,0.0,False
23183,548.98,1,548.98,2.0,179,179,2,0.9836241757441072,False
23185,638.95,1,638.95,5.0,97,97,3,0.8451209014789889,False
23187,574.98,1,574.98,2.0,103,103,2,0.9391457094159796,False
23188,119.96,1,119.96,4.0,307,307,2,0.0,False
23190,14.98,1,14.98,2.0,34,34,1,0.0,False
23191,34.98,1,34.98,2.0,168,168,1,0.0,False
23194,69.97,1,69.97,3.0,55,55,1,0.0,False
23196,39.98,1,39.98,2.0,207,207,1,0.0,False
23199,45.22,1,45.22,4.0,167,167,1,0.0,False
23200,91.95,1,91.95,4.0,207,207,1,0.0,False
23205,69.97,1,69.97,3.0,235,235,1,0.0,False
23207,29.99,1,29.99,1.0,145,145,1,0.0,False
23208,59.98,1,59.98,2.0,151,151,1,0.0,False
23209,4802.11,2,2401.055,1.5,321,873,2,0.9981279062745335,True
23214,628.97,1,628.97,3.0,72,72,3,0.8585306135427763,False
23217,563.77,1,563.77,3.0,180,180,2,0.9578196782375792,False
23218,38.98,1,38.98,2.0,15,15,1,0.0,False
23220,1174.48,1,1174.48,2.0,279,279,2,0.9540307199782031,False
23221,38.98,1,38.98,2.0,170,170,1,0.0,False
23223,1155.48,1,1155.48,2.0,318,318,2,0.9697182123446533,False
23226,588.96,1,588.96,4.0,168,168,2,0.9168534365661505,False
23228,62.97,1,62.97,3.0,274,274,2,0.0,False
23229,28.48,1,28.48,2.0,83,83,2,0.0,False
23236,7.28,1,7.28,2.0,124,124,1,0.0,False
23239,539.99,1,539.99,1.0,169,169,1,1.0,False
23241,69.97,1,69.97,3.0,200,200,1,0.0,False
23242,553.97,1,553.97,3.0,164,164,2,0.9747639763886131,False
23246,32.28,1,32.28,2.0,136,136,1,0.0,False
23248,49.97,1,49.97,3.0,103,103,1,0.0,False
23249,49.97,1,49.97,3.0,330,330,1,0.0,False
23250,64.98,1,64.98,2.0,97,97,1,0.0,False
23254,9.99,1,9.99,1.0,310,310,1,0.0,False
23256,74.46,1,74.46,4.0,101,101,2,0.0,False
23257,539.99,1,539.99,1.0,170,170,1,1.0,False
23258,14.98,1,14.98,2.0,191,191,1,0.0,False
23260,93.46,1,93.46,4.0,68,68,2,0.0,False
23261,77.92,1,77.92,4.0,173,173,1,0.0,False
23264,539.99,1,539.99,1.0,162,162,1,1.0,False
23266,603.96,1,603.96,4.0,170,170,3,0.8940823895622226,False
23275,68.97,1,68.97,3.0,54,54,2,0.0,False
23281,4828.11,2,2414.055,1.5,282,824,2,0.9927528577435063,True
23283,4828.11,2,2414.055,1.5,257,839,2,0.9927528577435063,True
23284,39.98,1,39.98,2.0,160,160,1,0.0,False
23286,29.99,1,29.99,1.0,166,166,1,0.0,False
23292,34.98,1,34.98,2.0,153,153,1,0.0,False
23294,37.27,1,37.27,3.0,212,212,1,0.0,False
23295,34.98,1,34.98,2.0,108,108,1,0.0,False
23296,570.47,1,570.47,3.0,130,130,3,0.9465703717986923,False
23297,37.27,1,37.27,3.0,118,118,1,0.0,False
23299,29.99,1,29.99,1.0,307,307,1,0.0,False
23302,553.97,1,553.97,3.0,134,134,2,0.9747639763886131,False
23303,37.27,1,37.27,3.0,67,67,1,0.0,False
23304,37.27,1,37.27,3.0,92,92,1,0.0,False
23306,4828.11,2,2414.055,1.5,264,845,2,0.9927528577435063,True
23311,3337.0425,2,1668.52125,1.5,332,543,2,0.9895146675536797,True
23313,2906.0325000000003,2,1453.0162500000001,2.5,154,536,2,0.9365182598611682,True
23315,15.23,1,15.23,3.0,64,64,1,0.0,False
23318,561.48,1,561.48,2.0,149,149,2,0.9617261523117475,False
23319,574.98,1,574.98,2.0,79,79,2,0.9391457094159796,False
23323,2745.3325,2,1372.66625,2.0,155,523,2,0.9913380255397116,True
23324,2730.5425,2,1365.27125,1.5,176,538,2,0.9967076139631594,True
23325,2997.3199999999997,2,1498.6599999999999,2.0,160,523,2,0.9953358333444545,True
23327,73.96,1,73.96,4.0,88,88,2,0.0,False
23328,2442.54,1,2442.54,4.0,126,126,3,0.9760618045149724,False
23329,39.98,1,39.98,2.0,129,129,1,0.0,False
23331,4144.34,2,2072.17,1.0,214,521,1,1.0,True
23332,4144.34,2,2072.17,1.0,192,548,1,1.0,True
23333,119.96,1,119.96,4.0,171,171,2,0.0,False
23335,32.28,1,32.28,2.0,72,72,1,0.0,False
23337,29.99,1,29.99,1.0,93,93,1,0.0,False
23340,553.97,1,553.97,3.0,90,90,2,0.9747639763886131,False
23341,561.48,1,561.48,2.0,83,83,2,0.9617261523117475,False
23345,4.99,1,4.99,1.0,159,159,1,0.0,False
23346,4.99,1,4.99,1.0,254,254,1,0.0,False
23347,4.99,1,4.99,1.0,115,115,1,0.0,False
23349,65.95,1,65.95,4.0,94,94,2,0.0,False
23353,45.22,1,45.22,4.0,91,91,1,0.0,False
23355,603.49,1,603.49,2.0,145,145,2,0.8947787038724752,False
23356,588.96,1,588.96,4.0,145,145,2,0.9168534365661505,False
23360,29.99,1,29.99,1.0,299,299,1,0.0,False
23362,7.28,1,7.28,2.0,53,53,1,0.0,False
23364,32.28,1,32.28,2.0,267,267,1,0.0,False
23366,59.25,1,59.25,4.0,267,267,1,0.0,False
23368,4.99,1,4.99,1.0,181,181,1,0.0,False
23369,608.96,1,608.96,4.0,111,111,2,0.8867413294797688,False
23370,563.77,1,563.77,3.0,92,92,2,0.9578196782375792,False
23371,564.48,1,564.48,2.0,116,116,2,0.9566149376417233,False
23372,553.97,1,553.97,3.0,121,121,2,0.9747639763886131,False
23375,564.48,1,564.48,2.0,68,68,2,0.9566149376417233,False
23376,5314.25,2,2657.125,1.5,271,829,2,0.9934158159665052,True
23377,556.93,1,556.93,3.0,70,70,2,0.9695832510369345,False
23378,5317.23,2,2658.615,2.5,228,835,3,0.9928590638358695,True
23382,600.46,1,600.46,4.0,123,123,2,0.8992938746960664,False
23383,600.46,1,600.46,4.0,116,116,2,0.8992938746960664,False
23384,548.98,1,548.98,2.0,100,100,2,0.9836241757441072,False
23386,548.98,1,548.98,2.0,98,98,2,0.9836241757441072,False
23388,69.97,1,69.97,3.0,24,24,1,0.0,False
23390,539.99,1,539.99,1.0,116,116,1,1.0,False
23398,553.97,1,553.97,3.0,103,103,2,0.9747639763886131,False
23408,4218.82,2,2109.41,2.0,191,545,2,0.9823457744108544,True
23409,3917.5425,2,1958.77125,1.5,195,543,2,0.9910683802409291,True
23412,3586.81,2,1793.405,2.5,314,534,3,0.9935959808297625,True
23414,3391.0325000000003,2,1695.5162500000001,2.0,288,545,3,0.9737602043035566,True
23420,4144.34,2,2072.17,1.0,192,523,1,1.0,True
23423,3936.5425,2,1968.27125,1.5,179,514,2,0.9862849188088278,True
23424,29.48,1,29.48,2.0,256,256,2,0.0,False
23426,39.98,1,39.98,2.0,78,78,1,0.0,False
23429,3936.5425,2,1968.27125,1.5,174,501,2,0.9862849188088278,True
23430,4.99,1,4.99,1.0,183,183,1,0.0,False
23431,4158.32,2,2079.16,2.0,183,517,2,0.9966380653725544,True
23432,4179.33,2,2089.665,1.5,168,514,2,0.991627844654526,True
23433,3882.5525,2,1941.27625,1.0,171,503,1,1.0,True
23435,3917.5425,2,1958.77125,1.5,155,497,2,0.9910683802409291,True
23438,123.48,1,123.48,3.0,104,104,2,0.0,False
23439,68.97,1,68.97,3.0,290,290,2,0.0,False
23442,4.99,1,4.99,1.0,301,301,1,0.0,False
23444,548.98,1,548.98,2.0,85,85,2,0.9836241757441072,False
23446,6.28,1,6.28,2.0,236,236,1,0.0,False
23450,578.46,1,578.46,4.0,116,116,3,0.9334958337655153,False
23455,12.94,1,12.94,2.0,16,16,1,0.0,False
23456,157.27,1,157.27,4.0,221,221,1,0.0,False
23457,69.97,1,69.97,3.0,114,114,1,0.0,False
23459,39.98,1,39.98,2.0,101,101,1,0.0,False
23463,574.98,1,574.98,2.0,86,86,2,0.9391457094159796,False
23465,34.98,1,34.98,2.0,279,279,1,0.0,False
23466,29.99,1,29.99,1.0,333,333,1,0.0,False
23469,29.99,1,29.99,1.0,257,257,1,0.0,False
23472,32.28,1,32.28,2.0,297,297,1,0.0,False
23474,600.46,1,600.46,4.0,85,85,2,0.8992938746960664,False
23475,121.94,1,121.94,5.0,174,174,1,0.0,False
23478,588.96,1,588.96,4.0,84,84,2,0.9168534365661505,False
23479,588.96,1,588.96,4.0,77,77,2,0.9168534365661505,False
23481,29.99,1,29.99,1.0,188,188,1,0.0,False
23482,29.99,1,29.99,1.0,34,34,1,0.0,False
23484,539.99,1,539.99,1.0,50,50,1,1.0,False
23487,89.97,1,89.97,3.0,49,49,2,0.0,False
23488,4.99,1,4.99,1.0,54,54,1,0.0,False
23489,34.98,1,34.98,2.0,5,5,1,0.0,False
23490,43.97,1,43.97,3.0,231,231,2,0.0,False
23493,548.98,1,548.98,2.0,38,38,2,0.9836241757441072,False
23498,4.99,1,4.99,1.0,270,270,1,0.0,False
23500,34.98,1,34.98,2.0,210,210,1,0.0,False
23502,32.28,1,32.28,2.0,321,321,1,0.0,False
23503,7.28,1,7.28,2.0,284,284,1,0.0,False
23505,616.95,1,616.95,5.0,59,59,3,0.8752573142069859,False
23506,539.99,1,539.99,1.0,55,55,1,1.0,False
23507,574.98,1,574.98,2.0,60,60,2,0.9391457094159796,False
23508,561.48,1,561.48,2.0,40,40,2,0.9617261523117475,False
23511,4843.11,2,2421.555,1.5,195,794,2,0.989678120050959,True
23512,29.99,1,29.99,1.0,242,242,1,0.0,False
23513,64.47,1,64.47,3.0,2,2,2,0.0,False
23514,69.97,1,69.97,3.0,95,95,1,0.0,False
23515,539.99,1,539.99,1.0,101,101,1,1.0,False
23516,599.47,1,599.47,3.0,95,95,3,0.9007790214689643,False
23518,4.99,1,4.99,1.0,2,2,1,0.0,False
23519,23.97,1,23.97,3.0,68,68,2,0.0,False
23521,21.98,1,21.98,1.0,136,136,1,0.0,False
23522,120.47,1,120.47,3.0,263,263,2,0.0,False
23529,3617.83,2,1808.915,1.5,299,498,2,0.9850766896178096,True
23531,3337.2825000000003,2,1668.6412500000001,2.5,300,514,2,0.9894435068053126,True
23534,4179.33,2,2089.665,1.5,169,493,2,0.991627844654526,True
23537,59.98,1,59.98,2.0,48,48,1,0.0,False
23540,3626.8199999999997,2,1813.4099999999999,2.0,255,499,2,0.9826349253616117,True
23545,3882.5525,2,1941.27625,1.0,136,516,1,1.0,True
23548,48.97,1,48.97,3.0,9,9,2,0.0,False
23549,93.49,1,93.49,2.0,215,215,2,0.0,False
23550,111.95,1,111.95,4.0,61,61,1,0.0,False
23551,39.98,1,39.98,2.0,102,102,1,0.0,False
23552,103.48,1,103.48,3.0,35,35,2,0.0,False
23553,4.99,1,4.99,1.0,126,126,1,0.0,False
23559,64.47,1,64.47,3.0,333,333,2,0.0,False
23561,29.99,1,29.99,1.0,180,180,1,0.0,False
23562,4.99,1,4.99,1.0,215,215,1,0.0,False
23564,34.98,1,34.98,2.0,106,106,1,0.0,False
23565,34.98,1,34.98,2.0,3,3,1,0.0,False
23568,567.76,1,567.76,4.0,66,66,2,0.9510884880935607,False
23569,39.98,1,39.98,2.0,164,164,1,0.0,False
23570,21.98,1,21.98,1.0,245,245,1,0.0,False
23574,3337.0425,2,1668.52125,1.5,237,498,2,0.9895146675536797,True
23577,94.46,1,94.46,4.0,306,306,2,0.0,False
23579,34.98,1,34.98,2.0,58,58,1,0.0,False
23581,69.97,1,69.97,3.0,135,135,1,0.0,False
23582,628.97,1,628.97,4.0,91,91,3,0.8585306135427763,False
23583,4829.389999999999,2,2414.6949999999997,2.5,200,795,2,0.9924897347284026,True
23585,565.47,1,565.47,3.0,57,57,2,0.9549401382920403,False
23587,565.47,1,565.47,3.0,33,33,2,0.9549401382920403,False
23588,37.27,1,37.27,3.0,243,243,1,0.0,False
23592,5279.26,2,2639.63,1.0,82,818,1,1.0,True
23596,38.98,1,38.98,2.0,120,120,1,0.0,False
23597,2482.23,1,2482.23,4.0,337,337,2,0.9843366650149262,False
23599,42.93,1,42.93,3.0,14,14,1,0.0,False
23600,6.28,1,6.28,2.0,292,292,1,0.0,False
23602,38.98,1,38.98,2.0,318,318,1,0.0,False
23603,2372.95,1,2372.95,5.0,12,12,3,0.9671463789797513,False
23604,3.99,1,3.99,1.0,95,95,1,0.0,False
23605,2344.96,1,2344.96,4.0,31,31,2,0.9786904680676859,False
23606,2543.44,1,2543.44,4.0,348,348,3,0.9606477841034191,False
23608,2510.94,1,2510.94,3.0,310,310,2,0.9730817940691535,False
23609,12.98,1,12.98,2.0,228,228,2,0.0,False
23611,3.99,1,3.99,1.0,199,199,1,0.0,False
23614,144.45,1,144.45,5.0,226,226,2,0.0,False
23615,32.28,1,32.28,2.0,90,90,1,0.0,False
23616,819.48,1,819.48,2.0,101,101,2,0.9389979011080197,False
23617,34.98,1,34.98,2.0,23,23,1,0.0,False
23618,2481.82,1,2481.82,4.0,325,325,3,0.9844992787551073,False
23620,78.96,1,78.96,4.0,133,133,2,0.0,False
23621,2309.97,1,2309.97,3.0,13,13,2,0.9935150672952464,False
23623,3.99,1,3.99,1.0,311,311,1,0.0,False
23624,62.97,1,62.97,3.0,221,221,2,0.0,False
23632,162.99,1,162.99,2.0,266,266,1,0.0,False
23637,28.48,1,28.48,2.0,111,111,2,0.0,False
23641,64.47,1,64.47,3.0,206,206,2,0.0,False
23643,4.99,1,4.99,1.0,240,240,1,0.0,False
23646,13.98,1,13.98,2.0,180,180,2,0.0,False
23647,12.94,1,12.94,2.0,100,100,1,0.0,False
23648,4144.34,2,2072.17,1.0,147,493,1,1.0,True
23649,3945.5325000000003,2,1972.7662500000001,2.0,126,503,2,0.9840376425742281,True
23650,39.98,1,39.98,2.0,217,217,1,0.0,False
23653,3975.0325000000003,2,1987.5162500000001,2.5,134,485,3,0.9767347814137369,True
23654,59.98,1,59.98,2.0,154,154,1,0.0,False
23655,4144.34,2,2072.17,1.0,107,484,1,1.0,True
23656,4144.34,2,2072.17,1.0,110,462,1,1.0,True
23657,4.99,1,4.99,1.0,76,76,1,0.0,False
23658,3936.5425,2,1968.27125,1.5,94,467,2,0.9862849188088278,True
23661,3961.0325000000003,2,1980.5162500000001,2.0,110,464,2,0.9801869840754905,True
23662,3917.5425,2,1958.77125,1.5,90,474,2,0.9910683802409291,True
23664,3941.5325000000003,2,1970.7662500000001,2.0,67,473,2,0.9850362771333232,True
23665,4207.32,2,2103.66,2.0,75,480,2,0.9850308509930313,True
23666,2453.04,1,2453.04,4.0,93,93,2,0.9718838665492616,False
23667,2398.05,1,2398.05,3.0,8,8,2,0.9941702633389631,False
23672,29.99,1,29.99,1.0,205,205,1,0.0,False
23679,39.98,1,39.98,2.0,327,327,1,0.0,False
23680,539.99,1,539.99,1.0,68,68,1,1.0,False
23681,13.98,1,13.98,2.0,31,31,2,0.0,False
23682,59.98,1,59.98,2.0,323,323,1,0.0,False
23687,29.99,1,29.99,1.0,179,179,1,0.0,False
23688,1214.85,1,1214.85,1.0,352,352,1,1.0,False
23689,43.97,1,43.97,3.0,179,179,2,0.0,False
23690,38.98,1,38.98,2.0,332,332,2,0.0,False
23691,29.99,1,29.99,1.0,201,201,1,0.0,False
23695,150.93,1,150.93,6.0,327,327,2,0.0,False
23698,29.99,1,29.99,1.0,4,4,1,0.0,False
23699,1274.33,1,1274.33,3.0,150,150,3,0.9533244920860373,False
23700,29.99,1,29.99,1.0,8,8,1,0.0,False
23701,588.96,1,588.96,4.0,92,92,2,0.9168534365661505,False
23703,34.98,1,34.98,2.0,79,79,1,0.0,False
23706,539.99,1,539.99,1.0,60,60,1,1.0,False
23708,574.98,1,574.98,2.0,47,47,2,0.9391457094159796,False
23711,34.98,1,34.98,2.0,312,312,1,0.0,False
23713,34.98,1,34.98,2.0,11,11,1,0.0,False
23716,26.97,1,26.97,2.0,258,258,1,0.0,False
23718,567.76,1,567.76,4.0,73,73,2,0.9510884880935607,False
23720,34.98,1,34.98,2.0,38,38,1,0.0,False
23721,588.96,1,588.96,4.0,74,74,2,0.9168534365661505,False
23722,32.28,1,32.28,2.0,286,286,1,0.0,False
23723,628.45,1,628.45,5.0,87,87,3,0.8592409897366536,False
23724,588.96,1,588.96,4.0,43,43,2,0.9168534365661505,False
23725,4828.11,2,2414.055,1.5,203,821,2,0.9927528577435063,True
23726,562.96,1,562.96,4.0,66,66,3,0.9591978115674292,False
23728,69.97,1,69.97,3.0,264,264,1,0.0,False
23729,71.58,1,71.58,3.0,330,330,1,0.0,False
23733,567.76,1,567.76,4.0,83,83,2,0.9510884880935607,False
23734,69.97,1,69.97,3.0,169,169,1,0.0,False
23735,34.98,1,34.98,2.0,303,303,1,0.0,False
23740,36.59,1,36.59,2.0,149,149,1,0.0,False
23743,39.98,1,39.98,2.0,309,309,1,0.0,False
23744,567.76,1,567.76,4.0,70,70,2,0.9510884880935607,False
23746,539.99,1,539.99,1.0,91,91,1,1.0,False
23747,1142.42,1,1142.42,4.0,249,249,2,0.9808039074946167,False
23751,1155.48,1,1155.48,2.0,294,294,2,0.9697182123446533,False
23752,1164.47,1,1164.47,3.0,268,268,3,0.9622317449139952,False
23753,1193.45,1,1193.45,5.0,250,250,3,0.9388663119527421,False
23756,151.28,1,151.28,3.0,273,273,1,0.0,False
23760,1183.47,1,1183.47,3.0,260,260,2,0.9467836109069093,False
23762,1164.47,1,1164.47,3.0,253,253,3,0.9622317449139952,False
23765,2535.81,1,2535.81,5.0,281,281,3,0.9635382777100812,False
23766,68.97,1,68.97,3.0,152,152,1,0.0,False
23772,38.98,1,38.98,2.0,168,168,1,0.0,False
23773,88.97,1,88.97,3.0,274,274,1,0.0,False
23777,1179.47,1,1179.47,3.0,243,243,2,0.9499944890501666,False
23778,588.96,1,588.96,4.0,68,68,2,0.9168534365661505,False
23783,58.98,1,58.98,2.0,302,302,2,0.0,False
23785,37.27,1,37.27,3.0,330,330,1,0.0,False
23789,1251.12,1,1251.12,4.0,97,97,2,0.9710099750623441,False
23790,46.83,1,46.83,4.0,176,176,1,0.0,False
23791,71.58,1,71.58,3.0,183,183,1,0.0,False
23792,32.6,1,32.6,1.0,167,167,1,0.0,False
23795,71.58,1,71.58,3.0,286,286,1,0.0,False
23799,1228.83,1,1228.83,3.0,18,18,2,0.9886233246258637,False
23800,71.58,1,71.58,3.0,85,85,1,0.0,False
23801,82.59,1,82.59,2.0,318,318,2,0.0,False
23802,32.6,1,32.6,1.0,27,27,1,0.0,False
23806,3578.27,1,3578.27,1.0,795,795,1,1.0,True
23812,69.97,1,69.97,3.0,89,89,1,0.0,False
23813,564.48,1,564.48,2.0,75,75,2,0.9566149376417233,False
23814,29.99,1,29.99,1.0,111,111,1,0.0,False
23819,4802.11,2,2401.055,1.5,171,808,2,0.9981279062745335,True
23822,37.27,1,37.27,3.0,239,239,1,0.0,False
23823,59.47,1,59.47,3.0,226,226,2,0.0,False
23824,69.97,1,69.97,3.0,327,327,1,0.0,False
23826,32.28,1,32.28,2.0,263,263,1,0.0,False
23829,4802.11,2,2401.055,1.5,179,816,2,0.9981279062745335,True
23838,539.99,1,539.99,1.0,40,40,1,1.0,False
23840,539.99,1,539.99,1.0,38,38,1,1.0,False
23846,4828.11,2,2414.055,1.5,94,796,2,0.9927528577435063,True
23849,600.46,1,600.46,4.0,51,51,2,0.8992938746960664,False
23850,539.99,1,539.99,1.0,48,48,1,1.0,False
23851,539.99,1,539.99,1.0,58,58,1,1.0,False
23856,603.49,1,603.49,2.0,59,59,2,0.8947787038724752,False
23858,4712.74,2,2356.37,2.0,312,821,2,0.9970335728259994,True
23862,69.97,1,69.97,3.0,274,274,1,0.0,False
23867,4802.11,2,2401.055,1.5,63,777,2,0.9981279062745335,True
23868,4829.389999999999,2,2414.6949999999997,2.5,68,776,2,0.9924897347284026,True
23871,673.97,1,673.97,4.0,20,20,2,0.8012077688917905,False
23872,556.26,1,556.26,4.0,11,11,2,0.9707510876208967,False
23874,539.99,1,539.99,1.0,61,61,1,1.0,False
23875,37.27,1,37.27,3.0,36,36,1,0.0,False
23876,36.59,1,36.59,2.0,88,88,1,0.0,False
23878,588.96,1,588.96,4.0,23,23,2,0.9168534365661505,False
23881,548.98,1,548.98,2.0,29,29,2,0.9836241757441072,False
23883,575.71,1,575.71,5.0,6,6,2,0.9379548731131994,False
23885,539.99,1,539.99,1.0,8,8,1,1.0,False
23889,69.97,1,69.97,3.0,8,8,1,0.0,False
23892,4.99,1,4.99,1.0,208,208,1,0.0,False
23895,539.99,1,539.99,1.0,23,23,1,1.0,False
23897,38.98,1,38.98,2.0,291,291,1,0.0,False
23903,539.99,1,539.99,1.0,146,146,1,1.0,False
23904,1198.97,1,1198.97,3.0,255,255,2,0.9345438167760661,False
23908,574.98,1,574.98,2.0,33,33,2,0.9391457094159796,False
23914,6.28,1,6.28,2.0,116,116,1,0.0,False
23915,28.48,1,28.48,2.0,30,30,2,0.0,False
23918,68.97,1,68.97,3.0,286,286,1,0.0,False
23922,2466.32,1,2466.32,4.0,245,245,3,0.9906865289175779,False
23923,1174.48,1,1174.48,2.0,197,197,2,0.9540307199782031,False
23924,1129.48,1,1129.48,2.0,209,209,2,0.9920405850479866,False
23925,2457.33,1,2457.33,3.0,242,242,2,0.9943108984141326,False
23926,2443.35,1,2443.35,1.0,184,184,1,1.0,False
23932,588.96,1,588.96,4.0,33,33,2,0.9168534365661505,False
23933,563.77,1,563.77,3.0,143,143,2,0.9578196782375792,False
23935,4.99,1,4.99,1.0,174,174,1,0.0,False
23939,1709.98,1,1709.98,2.0,268,268,2,0.9947426285687552,False
23940,1120.49,1,1120.49,1.0,192,192,1,1.0,False
23941,38.98,1,38.98,2.0,336,336,1,0.0,False
23942,6.28,1,6.28,2.0,202,202,1,0.0,False
23944,1155.48,1,1155.48,2.0,272,272,2,0.9697182123446533,False
23946,53.98,1,53.98,2.0,71,71,2,0.0,False
23947,38.98,1,38.98,2.0,34,34,1,0.0,False
23949,92.96,1,92.96,4.0,251,251,2,0.0,False
23950,88.97,1,88.97,3.0,101,101,1,0.0,False
23951,36.27,1,36.27,3.0,68,68,1,0.0,False
23953,3.99,1,3.99,1.0,241,241,1,0.0,False
23955,44.22,1,44.22,4.0,12,12,1,0.0,False
23958,663.44,1,663.44,6.0,41,41,3,0.8139243940672856,False
23960,600.46,1,600.46,4.0,137,137,2,0.8992938746960664,False
23961,685.47,1,685.47,4.0,125,125,2,0.787766058324945,False
23964,36.27,1,36.27,3.0,308,308,1,0.0,False
23965,38.98,1,38.98,2.0,244,244,1,0.0,False
23966,29.48,1,29.48,2.0,275,275,2,0.0,False
23967,4.99,1,4.99,1.0,176,176,1,0.0,False
23969,36.27,1,36.27,3.0,169,169,1,0.0,False
23970,36.27,1,36.27,3.0,63,63,1,0.0,False
23972,68.97,1,68.97,3.0,66,66,1,0.0,False
23979,6.28,1,6.28,2.0,198,198,1,0.0,False
23980,68.97,1,68.97,3.0,97,97,1,0.0,False
23981,33.98,1,33.98,2.0,309,309,1,0.0,False
23983,1195.47,1,1195.47,3.0,225,225,3,0.9372798982826838,False
23985,39.98,1,39.98,2.0,126,126,1,0.0,False
23997,39.98,1,39.98,2.0,257,257,1,0.0,False
23999,2730.5425,2,1365.27125,1.5,150,459,2,0.9967076139631594,True
24001,2983.34,2,1491.67,1.0,143,485,1,1.0,True
24002,2744.5225,2,1372.26125,2.5,138,462,3,0.9916306024089803,True
24003,2806.5325000000003,2,1403.2662500000001,2.0,150,488,3,0.9697206428217028,True
24004,2744.5225,2,1372.26125,2.5,145,461,3,0.9916306024089803,True
24007,3042.8199999999997,2,1521.4099999999999,2.0,132,471,3,0.9804523435497337,True
24009,2746.0425,2,1373.02125,1.5,142,487,2,0.9910817112262466,True
24010,565.47,1,565.47,3.0,42,42,2,0.9549401382920403,False
24012,68.97,1,68.97,3.0,77,77,1,0.0,False
24014,38.98,1,38.98,2.0,79,79,1,0.0,False
24017,553.97,1,553.97,3.0,113,113,2,0.9747639763886131,False
24020,13.98,1,13.98,2.0,134,134,2,0.0,False
24023,588.96,1,588.96,4.0,62,62,2,0.9168534365661505,False
24024,603.49,1,603.49,2.0,94,94,2,0.8947787038724752,False
24026,1212.97,1,1212.97,4.0,203,203,3,0.9237573888884308,False
24028,597.95,1,597.95,5.0,7,7,3,0.9030688184630822,False
24030,1170.48,1,1170.48,2.0,187,187,2,0.9572910259039027,False
24031,1170.48,1,1170.48,2.0,211,211,2,0.9572910259039027,False
24036,607.96,1,607.96,4.0,101,101,3,0.8881998815711559,False
24037,539.99,1,539.99,1.0,3,3,1,1.0,False
24038,570.47,1,570.47,3.0,18,18,3,0.9465703717986923,False
24039,1700.99,1,1700.99,1.0,208,208,1,1.0,False
24040,2482.23,1,2482.23,4.0,176,176,2,0.9843366650149262,False
24041,93.97,1,93.97,3.0,61,61,1,0.0,False
24043,31.28,1,31.28,2.0,27,27,1,0.0,False
24045,4.99,1,4.99,1.0,86,86,1,0.0,False
24046,553.97,1,553.97,3.0,97,97,2,0.9747639763886131,False
24047,1174.48,1,1174.48,2.0,178,178,2,0.9540307199782031,False
24048,1174.48,1,1174.48,2.0,163,163,2,0.9540307199782031,False
24052,548.98,1,548.98,2.0,107,107,2,0.9836241757441072,False
24053,2443.35,1,2443.35,1.0,156,156,1,1.0,False
24056,628.97,1,628.97,4.0,29,29,3,0.8585306135427763,False
24060,603.49,1,603.49,2.0,103,103,2,0.8947787038724752,False
24061,2413.06,1,2413.06,2.0,359,359,2,0.9879862083827174,False
24062,28.99,1,28.99,1.0,147,147,1,0.0,False
24063,2433.04,1,2433.04,4.0,335,335,2,0.9798729161871571,False
24064,4.99,1,4.99,1.0,315,315,1,0.0,False
24067,2492.32,1,2492.32,4.0,91,91,2,0.9803516402388139,False
24071,12.94,1,12.94,2.0,223,223,1,0.0,False
24073,68.49,1,68.49,2.0,104,104,2,0.0,False
24074,38.98,1,38.98,2.0,103,103,1,0.0,False
24077,588.96,1,588.96,4.0,109,109,2,0.9168534365661505,False
24079,39.98,1,39.98,2.0,223,223,1,0.0,False
24083,2419.06,1,2419.06,2.0,318,318,2,0.9855357039511216,False
24087,38.98,1,38.98,2.0,34,34,1,0.0,False
24093,2466.32,1,2466.32,4.0,331,331,3,0.9906865289175779,False
24096,7.28,1,7.28,2.0,221,221,1,0.0,False
24098,655.45,1,655.45,5.0,77,77,2,0.8238462125257456,False
24099,563.77,1,563.77,3.0,91,91,2,0.9578196782375792,False
24100,1169.46,1,1169.46,4.0,179,179,2,0.9581259726711473,False
24102,1779.47,1,1779.47,3.0,339,339,2,0.9558969805616279,False
24111,4.99,1,4.99,1.0,137,137,1,0.0,False
24112,1155.48,1,1155.48,2.0,79,79,2,0.9697182123446533,False
24115,1164.47,1,1164.47,3.0,83,83,3,0.9622317449139952,False
24117,12.98,1,12.98,2.0,100,100,2,0.0,False
24119,13.98,1,13.98,2.0,109,109,2,0.0,False
24122,4.99,1,4.99,1.0,95,95,1,0.0,False
24123,7.28,1,7.28,2.0,176,176,1,0.0,False
24126,29.48,1,29.48,2.0,134,134,2,0.0,False
24127,548.98,1,548.98,2.0,76,76,2,0.9836241757441072,False
24135,2419.06,1,2419.06,2.0,277,277,2,0.9855357039511216,False
24136,2413.06,1,2413.06,2.0,272,272,2,0.9879862083827174,False
24139,38.98,1,38.98,2.0,51,51,1,0.0,False
24140,2419.06,1,2419.06,2.0,246,246,2,0.9855357039511216,False
24141,15.23,1,15.23,3.0,324,324,1,0.0,False
24143,6.28,1,6.28,2.0,5,5,1,0.0,False
24146,59.98,1,59.98,2.0,247,247,1,0.0,False
24147,38.98,1,38.98,2.0,11,11,1,0.0,False
24148,11.94,1,11.94,2.0,271,271,1,0.0,False
24149,7.28,1,7.28,2.0,107,107,1,0.0,False
24150,3.99,1,3.99,1.0,70,70,1,0.0,False
24160,3046.84,2,1523.42,1.5,138,460,2,0.979158734951622,True
24161,2983.34,2,1491.67,1.0,143,434,1,1.0,True
24162,3004.83,2,1502.415,1.5,146,444,2,0.9928481810951036,True
24163,2756.5425,2,1378.27125,1.5,145,453,2,0.9873065624781769,True
24164,2760.0225,2,1380.01125,2.5,138,440,3,0.9860617078302806,True
24165,3046.84,2,1523.42,1.5,139,432,2,0.979158734951622,True
24166,2789.5225,2,1394.76125,2.5,116,442,3,0.9756338226345193,True
24167,2983.34,2,1491.67,1.0,117,452,1,1.0,True
24169,2735.5325000000003,2,1367.7662500000001,2.0,122,441,2,0.9948894776428356,True
24173,2771.5225,2,1385.76125,2.5,101,451,3,0.9819701986904312,True
24174,2983.34,2,1491.67,1.0,98,440,1,1.0,True
24177,2721.5525,2,1360.77625,1.0,122,457,1,1.0,True
24181,6.28,1,6.28,2.0,298,298,1,0.0,False
24182,562.96,1,562.96,4.0,90,90,3,0.9591978115674292,False
24187,1155.48,1,1155.48,2.0,139,139,2,0.9697182123446533,False
24193,1199.46,1,1199.46,4.0,101,101,3,0.9341620395844796,False
24198,2433.04,1,2433.04,4.0,201,201,2,0.9798729161871571,False
24199,1155.48,1,1155.48,2.0,70,70,2,0.9697182123446533,False
24200,1120.49,1,1120.49,1.0,63,63,1,1.0,False
24202,1120.49,1,1120.49,1.0,123,123,1,1.0,False
24204,597.95,1,597.95,5.0,68,68,3,0.9030688184630822,False
24210,1729.97,1,1729.97,3.0,280,280,2,0.9832482644207703,False
24212,1155.48,1,1155.48,2.0,114,114,2,0.9697182123446533,False
24213,1214.46,1,1214.46,4.0,102,102,3,0.9226240469015036,False
24214,583.97,1,583.97,3.0,82,82,3,0.9246879120502766,False
24215,88.97,1,88.97,3.0,15,15,2,0.0,False
24217,1209.47,1,1209.47,3.0,115,115,3,0.9264305852976924,False
24218,4.99,1,4.99,1.0,239,239,1,0.0,False
24219,2433.04,1,2433.04,4.0,151,151,2,0.9798729161871571,False
24221,553.97,1,553.97,3.0,25,25,2,0.9747639763886131,False
24222,37.27,1,37.27,3.0,88,88,1,0.0,False
24227,34.98,1,34.98,2.0,156,156,1,0.0,False
24230,13.98,1,13.98,2.0,133,133,2,0.0,False
24231,563.77,1,563.77,3.0,5,5,2,0.9578196782375792,False
24233,553.97,1,553.97,3.0,30,30,2,0.9747639763886131,False
24234,563.77,1,563.77,3.0,19,19,2,0.9578196782375792,False
24235,4829.389999999999,2,2414.6949999999997,2.5,90,782,2,0.9924897347284026,True
24236,121.57,1,121.57,4.0,240,240,2,0.0,False
24237,71.58,1,71.58,3.0,15,15,1,0.0,False
24241,2997.3199999999997,2,1498.6599999999999,2.0,122,452,2,0.9953358333444545,True
24244,3617.83,2,1808.915,1.5,220,441,2,0.9850766896178096,True
24245,17.27,1,17.27,3.0,12,12,1,0.0,False
24246,9.99,1,9.99,1.0,235,235,1,0.0,False
24250,2738.4925,2,1369.24625,2.0,99,436,2,0.9938141148825496,True
24251,2983.34,2,1491.67,1.0,116,441,1,1.0,True
24256,39.98,1,39.98,2.0,280,280,1,0.0,False
24257,2770.5225,2,1385.26125,2.5,84,431,2,0.9823246337107895,True
24258,4.99,1,4.99,1.0,33,33,1,0.0,False
24262,38.88,1,38.88,3.0,189,189,1,0.0,False
24264,71.58,1,71.58,3.0,78,78,1,0.0,False
24265,96.07,1,96.07,4.0,162,162,2,0.0,False
24266,2749.3225,2,1374.66125,2.5,89,455,2,0.9898993297439643,True
24268,49.97,1,49.97,3.0,217,217,1,0.0,False
24269,14.98,1,14.98,2.0,108,108,1,0.0,False
24270,2844.5125,2,1422.25625,3.0,81,445,3,0.9567729092419178,True
24273,2721.5525,2,1360.77625,1.0,70,446,1,1.0,True
24276,23.97,1,23.97,3.0,297,297,2,0.0,False
24278,184.48,1,184.48,3.0,212,212,1,0.0,False
24280,27.77,1,27.77,3.0,166,166,1,0.0,False
24281,3302.0525,2,1651.02625,1.0,231,400,1,1.0,True
24286,575.71,1,575.71,5.0,12,12,2,0.9379548731131994,False
24288,71.58,1,71.58,3.0,85,85,1,0.0,False
24289,32.6,1,32.6,1.0,270,270,1,0.0,False
24290,32.6,1,32.6,1.0,160,160,1,0.0,False
24293,34.89,1,34.89,2.0,336,336,1,0.0,False
24294,45.58,1,45.58,3.0,109,109,2,0.0,False
24295,608.96,1,608.96,4.0,21,21,2,0.8867413294797688,False
24296,574.98,1,574.98,2.0,29,29,2,0.9391457094159796,False
24298,86.58,1,86.58,3.0,293,293,2,0.0,False
24299,38.88,1,38.88,3.0,291,291,1,0.0,False
24300,4144.34,2,2072.17,1.0,66,405,1,1.0,True
24302,3882.5525,2,1941.27625,1.0,67,422,1,1.0,True
24303,4207.32,2,2103.66,2.0,88,399,2,0.9850308509930313,True
24305,3945.5325000000003,2,1972.7662500000001,2.0,89,404,2,0.9840376425742281,True
24312,36.59,1,36.59,2.0,157,157,1,0.0,False
24313,45.58,1,45.58,3.0,226,226,2,0.0,False
24317,34.89,1,34.89,2.0,313,313,1,0.0,False
24318,71.58,1,71.58,3.0,249,249,1,0.0,False
24323,600.46,1,600.46,4.0,25,25,2,0.8992938746960664,False
24324,600.46,1,600.46,4.0,10,10,2,0.8992938746960664,False
24325,567.76,1,567.76,4.0,22,22,2,0.9510884880935607,False
24328,574.98,1,574.98,2.0,13,13,2,0.9391457094159796,False
24331,548.98,1,548.98,2.0,29,29,2,0.9836241757441072,False
24337,600.46,1,600.46,4.0,14,14,2,0.8992938746960664,False
24339,2384.07,1,2384.07,1.0,367,367,1,1.0,True
24343,2443.55,1,2443.55,3.0,297,297,3,0.9756583659020689,False
24348,2443.55,1,2443.55,3.0,260,260,3,0.9756583659020689,False
24350,71.58,1,71.58,3.0,241,241,1,0.0,False
24352,2393.06,1,2393.06,2.0,225,225,2,0.9962433035527736,False
24353,2398.05,1,2398.05,3.0,239,239,2,0.9941702633389631,False
24355,36.59,1,36.59,2.0,229,229,1,0.0,False
24356,615.47,1,615.47,3.0,8,8,3,0.8773620160202772,False
24357,2443.55,1,2443.55,3.0,231,231,3,0.9756583659020689,False
24359,2420.34,1,2420.34,4.0,239,239,2,0.9850145020947472,False
24362,3600.77,2,1800.385,2.5,242,414,2,0.9897438603409828,True
24364,3965.5225,2,1982.76125,2.5,34,417,3,0.9790771581802904,True
24365,3331.0325000000003,2,1665.5162500000001,2.0,242,411,2,0.9912999948214256,True
24369,4.99,1,4.99,1.0,63,63,1,0.0,False
24370,67.93,1,67.93,3.0,130,130,1,0.0,False
24376,4.99,1,4.99,1.0,23,23,1,0.0,False
24377,3945.5325000000003,2,1972.7662500000001,2.0,59,409,2,0.9840376425742281,True
24378,4173.32,2,2086.66,2.0,36,398,2,0.9930558883574709,True
24379,13.98,1,13.98,2.0,250,250,2,0.0,False
24380,4.99,1,4.99,1.0,145,145,1,0.0,False
24381,3970.5225,2,1985.26125,2.5,34,407,3,0.9778442257914419,True
24382,143.78,1,143.78,3.0,157,157,1,0.0,False
24383,2384.07,1,2384.07,1.0,138,138,1,1.0,False
24385,562.96,1,562.96,4.0,8,8,3,0.9591978115674292,False
24387,539.99,1,539.99,1.0,5,5,1,1.0,False
24388,588.96,1,588.96,4.0,23,23,2,0.9168534365661505,False
24390,32.6,1,32.6,1.0,192,192,1,0.0,False
24392,4329.61,2,2164.805,1.5,262,744,2,0.9979236005090528,True
24395,36.59,1,36.59,2.0,274,274,1,0.0,False
24399,132.94,1,132.94,3.0,277,277,1,0.0,False
24402,574.98,1,574.98,2.0,12,12,2,0.9391457094159796,False
24403,2393.06,1,2393.06,2.0,358,358,2,0.9962433035527736,False
24408,96.07,1,96.07,4.0,33,33,2,0.0,False
24414,2398.05,1,2398.05,3.0,344,344,2,0.9941702633389631,False
24416,96.07,1,96.07,4.0,123,123,2,0.0,False
24417,2467.02,1,2467.02,6.0,356,356,2,0.9663764379696966,False
24424,249.58,1,249.58,4.0,284,284,2,0.0,False
24429,146.06,1,146.06,5.0,316,316,2,0.0,False
24430,130.56,1,130.56,5.0,215,215,2,0.0,False
24431,4334.6,2,2167.3,2.0,232,751,2,0.9967747889078578,True
24435,46.83,1,46.83,4.0,256,256,1,0.0,False
24437,2427.04,1,2427.04,4.0,312,312,3,0.9822953062166263,False
24439,71.58,1,71.58,3.0,121,121,1,0.0,False
24440,61.08,1,61.08,3.0,250,250,2,0.0,False
24445,2419.06,1,2419.06,2.0,214,214,2,0.9855357039511216,False
24448,71.58,1,71.58,3.0,86,86,1,0.0,False
24449,38.88,1,38.88,3.0,230,230,1,0.0,False
24450,67.59,1,67.59,2.0,288,288,1,0.0,False
24451,38.88,1,38.88,3.0,261,261,1,0.0,False
24452,32.6,1,32.6,1.0,299,299,1,0.0,False
24453,60.47,1,60.47,3.0,72,72,1,0.0,False
24454,21.49,1,21.49,1.0,202,202,1,0.0,False
24456,21.49,1,21.49,1.0,160,160,1,0.0,False
24458,4144.34,2,2072.17,1.0,56,417,1,1.0,True
24459,3961.0325000000003,2,1980.5162500000001,2.0,44,406,2,0.9801869840754905,True
24462,3617.83,2,1808.915,1.5,212,408,2,0.9850766896178096,True
24463,3917.5425,2,1958.77125,1.5,62,388,2,0.9910683802409291,True
24465,3356.0425,2,1678.02125,1.5,209,397,2,0.9839125994381777,True
24468,4144.34,2,2072.17,1.0,39,397,1,1.0,True
24469,64.47,1,64.47,3.0,317,317,2,0.0,False
24471,4.99,1,4.99,1.0,273,273,1,0.0,False
24474,3882.5525,2,1941.27625,1.0,30,391,1,1.0,True
24476,3563.84,2,1781.92,1.0,214,397,1,1.0,True
24477,3302.0525,2,1651.02625,1.0,178,369,1,1.0,True
24480,4175.61,2,2087.805,2.5,11,387,2,0.9925112738019117,True
24483,23.97,1,23.97,3.0,105,105,2,0.0,False
24486,36.59,1,36.59,2.0,332,332,1,0.0,False
24489,4.99,1,4.99,1.0,261,261,1,0.0,False
24492,791.32,1,791.32,4.0,302,302,2,0.9381160592427842,False
24494,9.99,1,9.99,1.0,333,333,1,0.0,False
24496,4349.61,2,2174.805,1.5,209,757,2,0.9933350346352892,True
24497,71.58,1,71.58,3.0,329,329,1,0.0,False
24498,2407.04,1,2407.04,4.0,203,203,3,0.9904571590002662,False
24501,3578.27,1,3578.27,1.0,734,734,1,1.0,True
24503,3617.83,2,1808.915,1.5,153,378,2,0.9850766896178096,True
24505,3302.0525,2,1651.02625,1.0,171,377,1,1.0,True
24509,34.89,1,34.89,2.0,53,53,1,0.0,False
24512,32.6,1,32.6,1.0,170,170,1,0.0,False
24513,38.88,1,38.88,3.0,263,263,1,0.0,False
24514,36.59,1,36.59,2.0,165,165,1,0.0,False
24516,38.88,1,38.88,3.0,325,325,1,0.0,False
24518,36.59,1,36.59,2.0,176,176,1,0.0,False
24519,38.88,1,38.88,3.0,85,85,1,0.0,False
24520,2462.55,1,2462.55,3.0,185,185,2,0.9681305963330695,False
24521,2419.06,1,2419.06,2.0,317,317,2,0.9855357039511216,False
24522,2482.56,1,2482.56,3.0,329,329,3,0.9603272428460944,False
24525,7.28,1,7.28,2.0,294,294,1,0.0,False
24528,2420.34,1,2420.34,4.0,329,329,2,0.9850145020947472,False
24529,2398.05,1,2398.05,3.0,329,329,2,0.9941702633389631,False
24530,36.59,1,36.59,2.0,243,243,1,0.0,False
24531,67.49,1,67.49,2.0,164,164,2,0.0,False
24532,38.98,1,38.98,2.0,57,57,1,0.0,False
24534,2533.93,1,2533.93,4.0,302,302,3,0.9642531561645351,False
24540,69.97,1,69.97,3.0,204,204,1,0.0,False
24542,123.99,1,123.99,2.0,27,27,1,0.0,False
24545,69.97,1,69.97,3.0,95,95,1,0.0,False
24546,37.27,1,37.27,3.0,259,259,1,0.0,False
24547,38.98,1,38.98,2.0,189,189,1,0.0,False
24550,37.27,1,37.27,3.0,329,329,1,0.0,False
24551,142.45,1,142.45,5.0,308,308,2,0.0,False
24553,3.99,1,3.99,1.0,7,7,1,0.0,False
24554,69.97,1,69.97,3.0,140,140,1,0.0,False
24555,58.95,1,58.95,5.0,141,141,2,0.0,False
24557,69.97,1,69.97,3.0,215,215,1,0.0,False
24561,3.99,1,3.99,1.0,326,326,1,0.0,False
24562,3.99,1,3.99,1.0,88,88,1,0.0,False
24564,38.98,1,38.98,2.0,89,89,1,0.0,False
24565,574.98,1,574.98,2.0,167,167,2,0.9826254826254827,False
24566,4.99,1,4.99,1.0,39,39,1,0.0,False
24567,6.28,1,6.28,2.0,285,285,1,0.0,False
24568,13.98,1,13.98,2.0,173,173,2,0.0,False
24569,2479.94,1,2479.94,3.0,216,216,2,0.9852456107809061,False
24570,58.98,1,58.98,2.0,36,36,1,0.0,False
24572,3.99,1,3.99,1.0,258,258,1,0.0,False
24574,98.96,1,98.96,4.0,145,145,2,0.0,False
24577,2487.33,1,2487.33,3.0,223,223,3,0.9823183895984853,False
24581,39.98,1,39.98,2.0,63,63,1,0.0,False
24584,30.48,1,30.48,2.0,207,207,2,0.0,False
24585,3366.0225,2,1683.01125,2.5,181,377,2,0.9809953736197546,True
24588,13.98,1,13.98,2.0,163,163,2,0.0,False
24589,68.97,1,68.97,3.0,285,285,2,0.0,False
24591,58.98,1,58.98,2.0,147,147,2,0.0,False
24592,3896.5325000000003,2,1948.2662500000001,2.0,23,383,2,0.9964121946884827,True
24597,4009.5025,2,2004.75125,3.5,19,388,3,0.9683377177093669,True
24600,4.99,1,4.99,1.0,91,91,1,0.0,False
24604,3681.8,2,1840.9,3.0,365,370,3,0.9679613232657941,True
24605,3627.81,2,1813.905,2.5,344,382,2,0.9823667722400017,True
24609,2120.9275,2,1060.46375,1.0,330,685,1,1.0,True
24613,2148.2075,2,1074.10375,2.0,330,654,2,0.9873010405186651,True
24615,2155.9175,2,1077.95875,1.5,298,641,2,0.9837702509488421,True
24616,71.58,1,71.58,3.0,144,144,1,0.0,False
24619,32.6,1,32.6,1.0,291,291,1,0.0,False
24620,195.59,1,195.59,3.0,64,64,1,0.0,False
24621,12.94,1,12.94,2.0,222,222,1,0.0,False
24624,38.88,1,38.88,3.0,170,170,1,0.0,False
24625,13.98,1,13.98,2.0,87,87,2,0.0,False
24626,38.88,1,38.88,3.0,136,136,1,0.0,False
24630,4.99,1,4.99,1.0,215,215,1,0.0,False
24631,146.06,1,146.06,5.0,41,41,2,0.0,False
24632,2483.03,1,2483.03,5.0,185,185,3,0.960145467432935,False
24634,130.56,1,130.56,5.0,81,81,2,0.0,False
24637,13.98,1,13.98,2.0,51,51,2,0.0,False
24638,57.09,1,57.09,2.0,56,56,2,0.0,False
24640,2419.06,1,2419.06,2.0,195,195,2,0.9855357039511216,False
24643,34.89,1,34.89,2.0,176,176,1,0.0,False
24645,2438.06,1,2438.06,2.0,187,187,2,0.9778553440030189,False
24646,3578.27,1,3578.27,1.0,740,740,1,1.0,True
24649,4.99,1,4.99,1.0,209,209,1,0.0,False
24650,36.59,1,36.59,2.0,118,118,1,0.0,False
24651,71.58,1,71.58,3.0,207,207,1,0.0,False
24652,91.58,1,91.58,3.0,332,332,1,0.0,False
24654,2453.04,1,2453.04,4.0,173,173,2,0.9718838665492616,False
24655,32.6,1,32.6,1.0,101,101,1,0.0,False
24657,100.09,1,100.09,3.0,33,33,2,0.0,False
24658,38.88,1,38.88,3.0,222,222,1,0.0,False
24659,15.23,1,15.23,3.0,94,94,1,0.0,False
24660,2419.06,1,2419.06,2.0,332,332,2,0.9855357039511216,False
24664,4368.58,2,2184.29,3.0,133,734,2,0.989021604274158,True
24666,4370.61,2,2185.305,1.5,43,747,2,0.9885622373078358,True
24668,2473.04,1,2473.04,4.0,153,153,2,0.964024035195549,False
24671,4354.6,2,2177.3,2.0,19,742,2,0.9921967574518901,True
24674,2384.07,1,2384.07,1.0,298,298,1,1.0,False
24675,2419.06,1,2419.06,2.0,301,301,2,0.9855357039511216,False
24676,2461.55,1,2461.55,4.0,177,177,3,0.9685238975442304,False
24677,32.6,1,32.6,1.0,230,230,1,0.0,False
24678,100.09,1,100.09,3.0,140,140,2,0.0,False
24680,2418.05,1,2418.05,3.0,284,284,2,0.9859473542730715,False
24681,2453.04,1,2453.04,4.0,299,299,2,0.9718838665492616,False
24682,59.98,1,59.98,2.0,67,67,1,0.0,False
24683,2393.06,1,2393.06,2.0,177,177,2,0.9962433035527736,False
24688,2393.06,1,2393.06,2.0,125,125,2,0.9962433035527736,False
24690,609.45,1,609.45,5.0,68,68,3,0.8860283862498974,False
24691,3.99,1,3.99,1.0,217,217,1,0.0,False
24692,38.98,1,38.98,2.0,10,10,1,0.0,False
24693,7.28,1,7.28,2.0,262,262,1,0.0,False
24694,57.98,1,57.98,2.0,236,236,2,0.0,False
24695,166.28,1,166.28,3.0,295,295,1,0.0,False
24698,574.98,1,574.98,2.0,87,87,2,0.9391457094159796,False
24699,29.48,1,29.48,2.0,20,20,2,0.0,False
24701,1744.97,1,1744.97,3.0,133,133,3,0.9747961283002,False
24705,1155.48,1,1155.48,2.0,73,73,2,0.9697182123446533,False
24706,578.46,1,578.46,4.0,66,66,3,0.9334958337655153,False
24711,1750.98,1,1750.98,2.0,292,292,2,0.9714502735610915,False
24712,1120.49,1,1120.49,1.0,58,58,1,1.0,False
24716,561.92,1,561.92,4.0,92,92,2,0.9609730922551252,False
24717,539.99,1,539.99,1.0,65,65,1,1.0,False
24719,68.97,1,68.97,3.0,71,71,1,0.0,False
24722,33.98,1,33.98,2.0,104,104,1,0.0,False
24724,28.98,1,28.98,2.0,92,92,1,0.0,False
24727,71.58,1,71.58,3.0,2,2,1,0.0,False
24728,57.09,1,57.09,2.0,128,128,2,0.0,False
24731,4.99,1,4.99,1.0,26,26,1,0.0,False
24732,99.57,1,99.57,4.0,147,147,2,0.0,False
24734,2492.02,1,2492.02,6.0,288,288,3,0.956681728076019,False
24735,2478.04,1,2478.04,4.0,291,291,3,0.9620789010669726,False
24736,71.58,1,71.58,3.0,213,213,1,0.0,False
24737,46.83,1,46.83,4.0,272,272,1,0.0,False
24738,2433.04,1,2433.04,4.0,147,147,2,0.9798729161871571,False
24739,2453.04,1,2453.04,4.0,145,145,2,0.9718838665492616,False
24740,96.07,1,96.07,4.0,241,241,2,0.0,False
24741,32.6,1,32.6,1.0,335,335,1,0.0,False
24742,36.59,1,36.59,2.0,277,277,1,0.0,False
24743,37.93,1,37.93,3.0,137,137,1,0.0,False
24755,39.98,1,39.98,2.0,142,142,1,0.0,False
24756,2398.05,1,2398.05,3.0,133,133,2,0.9941702633389631,False
24757,4343.59,2,2171.795,2.5,2,736,3,0.9947117476557411,True
24759,4369.59,2,2184.795,2.5,28,746,2,0.9887929988854791,True
24761,2419.06,1,2419.06,2.0,125,125,2,0.9855357039511216,False
24762,2393.06,1,2393.06,2.0,137,137,2,0.9962433035527736,False
24763,4.99,1,4.99,1.0,261,261,1,0.0,False
24764,2398.05,1,2398.05,3.0,138,138,2,0.9941702633389631,False
24768,32.6,1,32.6,1.0,251,251,1,0.0,False
24769,34.89,1,34.89,2.0,68,68,1,0.0,False
24770,2398.05,1,2398.05,3.0,150,150,2,0.9941702633389631,False
24771,59.98,1,59.98,2.0,303,303,1,0.0,False
24777,71.58,1,71.58,3.0,321,321,1,0.0,False
24779,2419.06,1,2419.06,2.0,281,281,2,0.9855357039511216,False
24780,2384.07,1,2384.07,1.0,298,298,1,1.0,False
24781,2181.5625,1,2181.5625,1.0,726,726,1,1.0,True
24782,2420.34,1,2420.34,4.0,148,148,2,0.9850145020947472,False
24783,2420.34,1,2420.34,4.0,104,104,2,0.9850145020947472,False
24785,2406.0,1,2406.0,4.0,103,103,2,0.9908852867830427,False
24786,2443.35,1,2443.35,1.0,714,714,1,1.0,True
24788,2418.05,1,2418.05,3.0,106,106,2,0.9859473542730715,False
24790,2433.04,1,2433.04,4.0,109,109,2,0.9798729161871571,False
24791,2419.06,1,2419.06,2.0,104,104,2,0.9855357039511216,False
24792,2419.06,1,2419.06,2.0,93,93,2,0.9855357039511216,False
24801,2419.06,1,2419.06,2.0,88,88,2,0.9855357039511216,False
24802,2407.04,1,2407.04,4.0,272,272,3,0.9904571590002662,False
24804,2384.07,1,2384.07,1.0,269,269,1,1.0,False
24805,4.99,1,4.99,1.0,186,186,1,0.0,False
24807,2469.05,1,2469.05,3.0,262,262,3,0.9655819039711632,False
24811,2438.06,1,2438.06,2.0,90,90,2,0.9778553440030189,False
24812,82.59,1,82.59,2.0,210,210,2,0.0,False
24813,71.58,1,71.58,3.0,261,261,1,0.0,False
24816,4.99,1,4.99,1.0,185,185,1,0.0,False
24818,2438.06,1,2438.06,2.0,248,248,2,0.9778553440030189,False
24820,38.88,1,38.88,3.0,329,329,1,0.0,False
24822,195.59,1,195.59,3.0,145,145,1,0.0,False
24827,34.89,1,34.89,2.0,267,267,1,0.0,False
24830,96.07,1,96.07,4.0,261,261,2,0.0,False
24832,2181.5625,1,2181.5625,1.0,703,703,1,1.0,True
24837,587.92,1,587.92,4.0,135,135,2,0.9609980949789086,False
24838,23.78,1,23.78,2.0,102,102,1,0.0,False
24842,23.78,1,23.78,2.0,197,197,1,0.0,False
24844,25.48,1,25.48,2.0,19,19,1,0.0,False
24845,69.46,1,69.46,4.0,88,88,2,0.0,False
24846,23.78,1,23.78,2.0,206,206,1,0.0,False
24847,2552.82,1,2552.82,4.0,196,196,3,0.9571180106705528,False
24853,39.98,1,39.98,2.0,135,135,1,0.0,False
24856,27.77,1,27.77,3.0,82,82,1,0.0,False
24857,4.99,1,4.99,1.0,184,184,1,0.0,False
24861,75.48,1,75.48,2.0,63,63,2,0.0,False
24862,75.48,1,75.48,2.0,204,204,2,0.0,False
24864,155.72,1,155.72,5.0,164,164,1,0.0,False
24865,2478.34,1,2478.34,2.0,158,158,2,0.9858816788656924,False
24866,27.77,1,27.77,3.0,296,296,1,0.0,False
24867,21.49,1,21.49,1.0,147,147,1,0.0,False
24868,2501.31,1,2501.31,5.0,166,166,3,0.9768281420535643,False
24873,548.98,1,548.98,2.0,33,33,2,0.9836241757441072,False
24874,21.49,1,21.49,1.0,75,75,1,0.0,False
24875,27.77,1,27.77,3.0,186,186,1,0.0,False
24879,21.49,1,21.49,1.0,84,84,1,0.0,False
24884,23.78,1,23.78,2.0,91,91,1,0.0,False
24889,2269.9075000000003,2,1134.9537500000001,2.5,287,641,2,0.9343673695954573,True
24890,39.98,1,39.98,2.0,326,326,1,0.0,False
24892,7.28,1,7.28,2.0,11,11,1,0.0,False
24893,23.78,1,23.78,2.0,224,224,1,0.0,False
24897,4.99,1,4.99,1.0,168,168,1,0.0,False
24898,7.28,1,7.28,2.0,250,250,1,0.0,False
24899,105.45,1,105.45,5.0,313,313,2,0.0,False
24900,2155.9175,2,1077.95875,1.5,299,615,2,0.9837702509488421,True
24901,2174.9175,2,1087.45875,1.5,300,620,2,0.9751760698969042,True
24902,2120.9275,2,1060.46375,1.0,279,635,1,1.0,True
24908,2155.9175,2,1077.95875,1.5,257,594,2,0.9837702509488421,True
24910,2183.9075000000003,2,1091.9537500000001,2.0,263,602,2,0.97116178226413,True
24912,2120.9275,2,1060.46375,1.0,261,572,1,1.0,True
24915,2145.9175,2,1072.95875,1.5,235,549,2,0.9883546315270741,True
24916,2169.8975,2,1084.94875,2.5,242,559,2,0.9774321137288746,True
24919,2212.8875,2,1106.44375,3.0,242,563,3,0.9584434364602813,True
24921,2180.4075000000003,2,1090.2037500000001,2.0,232,538,3,0.9727206955580553,True
24922,2145.9175,2,1072.95875,1.5,217,539,2,0.9883546315270741,True
24923,2159.3975,2,1079.69875,2.5,225,548,3,0.9821848455414071,True
24924,2143.8975,2,1071.94875,2.5,211,540,3,0.9892858683775697,True
24927,191.27,1,191.27,4.0,270,270,1,0.0,False
24928,27.28,1,27.28,2.0,261,261,1,0.0,False
24930,64.97,1,64.97,3.0,321,321,1,0.0,False
24931,36.59,1,36.59,2.0,176,176,1,0.0,False
24936,38.88,1,38.88,3.0,50,50,1,0.0,False
24937,32.6,1,32.6,1.0,27,27,1,0.0,False
24940,34.89,1,34.89,2.0,336,336,1,0.0,False
24941,32.6,1,32.6,1.0,283,283,1,0.0,False
24942,2419.06,1,2419.06,2.0,62,62,2,0.9855357039511216,False
24946,38.88,1,38.88,3.0,253,253,1,0.0,False
24954,71.58,1,71.58,3.0,84,84,1,0.0,False
24955,742.35,1,742.35,1.0,176,176,1,1.0,False
24957,777.34,1,777.34,2.0,179,179,2,0.9549875215478426,False
24958,2384.07,1,2384.07,1.0,43,43,1,1.0,False
24959,2419.06,1,2419.06,2.0,258,258,2,0.9855357039511216,False
24961,71.58,1,71.58,3.0,179,179,1,0.0,False
24965,71.58,1,71.58,3.0,191,191,1,0.0,False
24970,38.88,1,38.88,3.0,198,198,1,0.0,False
24972,2398.05,1,2398.05,3.0,57,57,2,0.9941702633389631,False
24975,67.93,1,67.93,3.0,73,73,1,0.0,False
24978,155.08,1,155.08,4.0,169,169,2,0.0,False
24981,32.6,1,32.6,1.0,108,108,1,0.0,False
24984,36.59,1,36.59,2.0,150,150,1,0.0,False
24985,96.07,1,96.07,4.0,115,115,2,0.0,False
24986,4.99,1,4.99,1.0,58,58,1,0.0,False
24989,36.59,1,36.59,2.0,330,330,1,0.0,False
24990,2468.04,1,2468.04,4.0,249,249,3,0.9659770506150632,False
24992,42.84,1,42.84,3.0,208,208,1,0.0,False
24995,4.99,1,4.99,1.0,284,284,1,0.0,False
24996,2418.05,1,2418.05,3.0,60,60,2,0.9859473542730715,False
24997,2438.06,1,2438.06,2.0,11,11,2,0.9778553440030189,False
24998,2438.06,1,2438.06,2.0,272,272,2,0.9778553440030189,False
25000,2418.05,1,2418.05,3.0,17,17,2,0.9859473542730715,False
25003,49.48,1,49.48,2.0,197,197,2,0.0,False
25006,29.98,1,29.98,2.0,184,184,1,0.0,False
25007,27.28,1,27.28,2.0,249,249,1,0.0,False
25011,1589.3975,2,794.69875,2.5,83,528,2,0.9691895828450717,True
25013,69.97,1,69.97,3.0,50,50,1,0.0,False
25014,2419.06,1,2419.06,2.0,20,20,2,0.9855357039511216,False
25018,197.88,1,197.88,4.0,214,214,1,0.0,False
25019,23.97,1,23.97,3.0,38,38,2,0.0,False
25021,1554.4075,2,777.20375,2.0,83,512,2,0.9910062194115764,True
25024,32.6,1,32.6,1.0,141,141,1,0.0,False
25026,6.28,1,6.28,2.0,306,306,1,0.0,False
25030,2180.4075000000003,2,1090.2037500000001,2.0,131,497,3,0.9727206955580553,True
25031,25.48,1,25.48,2.0,242,242,1,0.0,False
25034,2164.9075000000003,2,1082.4537500000001,2.0,193,514,3,0.9796850442801831,True
25035,2183.9075000000003,2,1091.9537500000001,2.0,196,512,2,0.97116178226413,True
25036,2120.9275,2,1060.46375,1.0,207,489,1,1.0,True
25037,2174.9175,2,1087.45875,1.5,191,473,2,0.9751760698969042,True
25039,32.6,1,32.6,1.0,41,41,1,0.0,False
25040,2420.34,1,2420.34,4.0,28,28,2,0.9850145020947472,False
25041,32.6,1,32.6,1.0,38,38,1,0.0,False
25042,2419.06,1,2419.06,2.0,9,9,2,0.9855357039511216,False
25043,161.59,1,161.59,3.0,129,129,2,0.0,False
25047,2448.04,1,2448.04,4.0,29,29,3,0.9738688910311926,False
25048,3046.84,2,1523.42,1.5,284,728,2,0.979158734951622,True
25051,2174.9175,2,1087.45875,1.5,199,482,2,0.9751760698969042,True
25054,103.48,1,103.48,3.0,160,160,2,0.0,False
25057,2120.9275,2,1060.46375,1.0,213,471,1,1.0,True
25058,7.28,1,7.28,2.0,64,64,1,0.0,False
25059,2462.55,1,2462.55,3.0,243,243,2,0.9681305963330695,False
25060,2419.06,1,2419.06,2.0,234,234,2,0.9855357039511216,False
25062,13.98,1,13.98,2.0,262,262,2,0.0,False
25063,2419.06,1,2419.06,2.0,25,25,2,0.9855357039511216,False
25064,2447.05,1,2447.05,3.0,241,241,2,0.9742628879671443,False
25067,71.58,1,71.58,3.0,7,7,1,0.0,False
25068,32.6,1,32.6,1.0,78,78,1,0.0,False
25070,68.49,1,68.49,2.0,103,103,2,0.0,False
25075,2469.05,1,2469.05,3.0,241,241,3,0.9655819039711632,False
25078,2473.04,1,2473.04,4.0,27,27,2,0.964024035195549,False
25081,777.34,1,777.34,2.0,132,132,2,0.9549875215478426,False
25084,2393.06,1,2393.06,2.0,18,18,2,0.9962433035527736,False
25086,1308.31,1,1308.31,5.0,365,365,3,0.9285643310836117,False
25087,1249.84,1,1249.84,2.0,342,342,2,0.9720044165653203,False
25088,1249.84,1,1249.84,2.0,351,351,2,0.9720044165653203,False
25093,2181.5625,1,2181.5625,1.0,716,716,1,1.0,True
25096,1236.78,1,1236.78,4.0,321,321,2,0.9822684713530296,False
25097,1268.84,1,1268.84,2.0,320,320,2,0.9574493237918098,False
25098,1251.12,1,1251.12,4.0,311,311,2,0.9710099750623441,False
25100,2443.35,1,2443.35,1.0,696,696,1,1.0,True
25102,71.58,1,71.58,3.0,314,314,1,0.0,False
25104,3018.33,2,1509.165,1.5,262,671,2,0.988407496860847,True
25106,2170.9175,2,1085.45875,1.5,199,470,2,0.976972869765894,True
25107,2143.8975,2,1071.94875,2.5,214,485,3,0.9892858683775697,True
25108,2199.4075000000003,2,1099.7037500000001,2.0,146,457,2,0.9643176628251019,True
25112,2155.9175,2,1077.95875,1.5,130,452,2,0.9837702509488421,True
25115,2155.9175,2,1077.95875,1.5,197,450,2,0.9837702509488421,True
25118,7.28,1,7.28,2.0,132,132,1,0.0,False
25119,2148.2075,2,1074.10375,2.0,195,454,2,0.9873010405186651,True
25120,2155.9175,2,1077.95875,1.5,197,458,2,0.9837702509488421,True
25123,39.98,1,39.98,2.0,110,110,1,0.0,False
25128,60.47,1,60.47,3.0,128,128,1,0.0,False
25129,60.47,1,60.47,3.0,312,312,1,0.0,False
25130,7.28,1,7.28,2.0,235,235,1,0.0,False
25131,4.99,1,4.99,1.0,162,162,1,0.0,False
25132,4.99,1,4.99,1.0,104,104,1,0.0,False
25135,7.28,1,7.28,2.0,28,28,1,0.0,False
25136,39.98,1,39.98,2.0,269,269,1,0.0,False
25141,4.99,1,4.99,1.0,234,234,1,0.0,False
25145,23.78,1,23.78,2.0,192,192,1,0.0,False
25147,39.98,1,39.98,2.0,152,152,1,0.0,False
25149,45.58,1,45.58,3.0,30,30,2,0.0,False
25152,34.89,1,34.89,2.0,288,288,1,0.0,False
25153,96.07,1,96.07,4.0,89,89,2,0.0,False
25155,2419.06,1,2419.06,2.0,215,215,2,0.9855357039511216,False
25157,7.28,1,7.28,2.0,180,180,1,0.0,False
25158,71.58,1,71.58,3.0,117,117,1,0.0,False
25160,46.83,1,46.83,4.0,198,198,1,0.0,False
25163,2433.04,1,2433.04,4.0,227,227,2,0.9798729161871571,False
25164,34.89,1,34.89,2.0,226,226,1,0.0,False
25165,91.58,1,91.58,3.0,14,14,2,0.0,False
25166,134.56,1,134.56,5.0,96,96,2,0.0,False
25168,38.88,1,38.88,3.0,129,129,1,0.0,False
25171,36.59,1,36.59,2.0,248,248,1,0.0,False
25172,96.07,1,96.07,4.0,194,194,2,0.0,False
25173,36.96,1,36.96,3.0,195,195,1,0.0,False
25176,36.59,1,36.59,2.0,97,97,1,0.0,False
25180,2447.05,1,2447.05,3.0,223,223,2,0.9742628879671443,False
25190,36.59,1,36.59,2.0,108,108,1,0.0,False
25192,2480.99,1,2480.99,5.0,232,232,2,0.960934949354895,False
25193,2419.06,1,2419.06,2.0,210,210,2,0.9855357039511216,False
25195,36.59,1,36.59,2.0,140,140,1,0.0,False
25197,36.59,1,36.59,2.0,232,232,1,0.0,False
25198,1249.84,1,1249.84,2.0,284,284,2,0.9720044165653203,False
25199,1249.84,1,1249.84,2.0,292,292,2,0.9720044165653203,False
25202,36.59,1,36.59,2.0,45,45,1,0.0,False
25207,86.95,1,86.95,4.0,237,237,1,0.0,False
25208,27.28,1,27.28,2.0,223,223,1,0.0,False
25211,79.47,1,79.47,3.0,70,70,2,0.0,False
25213,2184.8975,2,1092.44875,2.5,179,414,2,0.970721738662798,True
25216,79.47,1,79.47,3.0,116,116,2,0.0,False
25217,39.98,1,39.98,2.0,249,249,1,0.0,False
25218,2184.8975,2,1092.44875,2.5,172,414,2,0.970721738662798,True
25222,2120.9275,2,1060.46375,1.0,127,428,1,1.0,True
25223,102.96,1,102.96,4.0,278,278,2,0.0,False
25225,2129.9175,2,1064.95875,1.5,155,388,2,0.9957791792405106,True
25227,39.98,1,39.98,2.0,83,83,1,0.0,False
25228,2120.9275,2,1060.46375,1.0,153,373,1,1.0,True
25233,7.28,1,7.28,2.0,172,172,1,0.0,False
25238,7.28,1,7.28,2.0,207,207,1,0.0,False
25241,4.99,1,4.99,1.0,194,194,1,0.0,False
25242,2120.9275,2,1060.46375,1.0,145,383,1,1.0,True
25243,2155.9175,2,1077.95875,1.5,150,381,2,0.9837702509488421,True
25244,21.93,1,21.93,3.0,302,302,2,0.0,False
25246,27.77,1,27.77,3.0,51,51,1,0.0,False
25247,4.99,1,4.99,1.0,33,33,1,0.0,False
25248,39.98,1,39.98,2.0,39,39,1,0.0,False
25249,1868.5582,2,934.2791,2.5,129,1093,2,0.9737926279202863,True
25252,1893.0482000000002,2,946.5241000000001,3.0,130,1078,3,0.9611948602259572,True
25255,32.6,1,32.6,1.0,145,145,1,0.0,False
25261,71.58,1,71.58,3.0,280,280,1,0.0,False
25262,35.72,1,35.72,4.0,17,17,1,0.0,False
25263,60.47,1,60.47,3.0,113,113,1,0.0,False
25265,54.98,1,54.98,2.0,286,286,2,0.0,False
25269,23.78,1,23.78,2.0,111,111,1,0.0,False
25272,1873.5782,2,936.7891,1.5,147,1043,2,0.9711834819598136,True
25275,34.89,1,34.89,2.0,137,137,1,0.0,False
25276,38.88,1,38.88,3.0,143,143,1,0.0,False
25277,96.07,1,96.07,4.0,76,76,2,0.0,False
25278,36.59,1,36.59,2.0,89,89,1,0.0,False
25279,32.6,1,32.6,1.0,7,7,1,0.0,False
25283,38.88,1,38.88,3.0,161,161,1,0.0,False
25284,2419.06,1,2419.06,2.0,212,212,2,0.9855357039511216,False
25287,2983.34,2,1491.67,1.0,216,701,1,1.0,True
25288,2721.5525,2,1360.77625,1.0,226,683,1,1.0,True
25289,2453.04,1,2453.04,4.0,189,189,2,0.9718838665492616,False
25292,158.88,1,158.88,4.0,230,230,1,0.0,False
25293,67.59,1,67.59,2.0,94,94,1,0.0,False
25297,23.78,1,23.78,2.0,35,35,1,0.0,False
25301,1170.48,1,1170.48,2.0,69,69,2,0.9572910259039027,False
25302,69.46,1,69.46,4.0,22,22,2,0.0,False
25303,574.98,1,574.98,2.0,40,40,2,0.9391457094159796,False
25305,1725.98,1,1725.98,2.0,261,261,2,0.985521269076119,False
25306,1769.96,1,1769.96,4.0,228,228,2,0.9610330176953151,False
25307,1759.97,1,1759.97,3.0,189,189,2,0.9664880651374739,False
25308,1120.49,1,1120.49,1.0,86,86,1,1.0,False
25310,60.47,1,60.47,3.0,335,335,1,0.0,False
25312,1198.97,1,1198.97,3.0,51,51,2,0.9345438167760661,False
25313,3.99,1,3.99,1.0,158,158,1,0.0,False
25315,6.28,1,6.28,2.0,24,24,1,0.0,False
25319,2420.34,1,2420.34,4.0,39,39,2,0.9850145020947472,False
25324,39.98,1,39.98,2.0,308,308,1,0.0,False
25326,78.97,1,78.97,3.0,177,177,2,0.0,False
25328,89.97,1,89.97,3.0,181,181,2,0.0,False
25330,100.09,1,100.09,3.0,1,1,2,0.0,False
25331,7.28,1,7.28,2.0,207,207,1,0.0,False
25335,59.98,1,59.98,2.0,328,328,1,0.0,False
25338,27.28,1,27.28,2.0,243,243,1,0.0,False
25341,64.97,1,64.97,3.0,187,187,1,0.0,False
25344,801.83,1,801.83,3.0,73,73,3,0.9258196874649239,False
25345,24.99,1,24.99,1.0,112,112,1,0.0,False
25348,64.97,1,64.97,3.0,240,240,1,0.0,False
25351,49.48,1,49.48,2.0,269,269,2,0.0,False
25352,29.98,1,29.98,2.0,118,118,1,0.0,False
25353,27.28,1,27.28,2.0,115,115,1,0.0,False
25356,27.28,1,27.28,2.0,256,256,1,0.0,False
25360,32.27,1,32.27,3.0,78,78,1,0.0,False
25361,2443.35,1,2443.35,1.0,697,697,1,1.0,True
25366,1243.84,1,1243.84,2.0,289,289,2,0.976693143812709,False
25369,156.59,1,156.59,3.0,115,115,1,0.0,False
25370,1263.82,1,1263.82,4.0,254,254,2,0.9612523935370543,False
25371,2181.5625,1,2181.5625,1.0,685,685,1,1.0,True
25372,32.6,1,32.6,1.0,271,271,1,0.0,False
25376,32.6,1,32.6,1.0,23,23,1,0.0,False
25378,38.88,1,38.88,3.0,312,312,1,0.0,False
25379,1214.85,1,1214.85,1.0,245,245,1,1.0,False
25380,1249.84,1,1249.84,2.0,257,257,2,0.9720044165653203,False
25382,1283.82,1,1283.82,4.0,275,275,2,0.9462775155395616,False
25383,1228.83,1,1228.83,3.0,264,264,2,0.9886233246258637,False
25384,1249.84,1,1249.84,2.0,275,275,2,0.9720044165653203,False
25389,1303.83,1,1303.83,3.0,228,228,3,0.931754906697959,False
25391,1256.78,1,1256.78,4.0,215,215,2,0.9666369611228695,False
25393,2443.35,1,2443.35,1.0,675,675,1,1.0,True
25397,2427.04,1,2427.04,4.0,189,189,3,0.9822953062166263,False
25398,2419.06,1,2419.06,2.0,209,209,2,0.9855357039511216,False
25400,2469.05,1,2469.05,3.0,196,196,3,0.9655819039711632,False
25402,1249.84,1,1249.84,2.0,199,199,2,0.9720044165653203,False
25403,1283.82,1,1283.82,4.0,211,211,2,0.9462775155395616,False
25404,2433.04,1,2433.04,4.0,212,212,2,0.9798729161871571,False
25405,2433.04,1,2433.04,4.0,197,197,2,0.9798729161871571,False
25406,2433.04,1,2433.04,4.0,208,208,2,0.9798729161871571,False
25409,2384.07,1,2384.07,1.0,195,195,1,1.0,False
25410,2384.07,1,2384.07,1.0,204,204,1,1.0,False
25417,1308.31,1,1308.31,5.0,187,187,3,0.9285643310836117,False
25418,1223.84,1,1223.84,2.0,213,213,2,0.9926542685318342,False
25420,1268.84,1,1268.84,2.0,163,163,2,0.9574493237918098,False
25421,1249.84,1,1249.84,2.0,168,168,2,0.9720044165653203,False
25422,71.58,1,71.58,3.0,191,191,1,0.0,False
25425,2438.06,1,2438.06,2.0,204,204,2,0.9778553440030189,False
25426,2419.06,1,2419.06,2.0,203,203,2,0.9855357039511216,False
25427,2393.06,1,2393.06,2.0,205,205,2,0.9962433035527736,False
25429,2393.06,1,2393.06,2.0,194,194,2,0.9962433035527736,False
25433,4.99,1,4.99,1.0,59,59,1,0.0,False
25435,36.59,1,36.59,2.0,314,314,1,0.0,False
25437,13.98,1,13.98,2.0,6,6,2,0.0,False
25438,95.57,1,95.57,4.0,75,75,2,0.0,False
25439,71.58,1,71.58,3.0,332,332,1,0.0,False
25444,1754.98,1,1754.98,2.0,180,180,2,0.969236116650902,False
25446,1151.76,1,1151.76,4.0,37,37,2,0.9728502465791484,False
25451,574.98,1,574.98,2.0,34,34,2,0.9391457094159796,False
25453,1170.48,1,1170.48,2.0,70,70,2,0.9572910259039027,False
25455,565.47,1,565.47,3.0,47,47,2,0.9549401382920403,False
25459,553.97,1,553.97,3.0,43,43,2,0.9747639763886131,False
25464,2453.04,1,2453.04,4.0,11,11,2,0.9718838665492616,False
25467,1151.76,1,1151.76,4.0,55,55,2,0.9728502465791484,False
25470,162.99,1,162.99,2.0,236,236,1,0.0,False
25471,39.98,1,39.98,2.0,42,42,1,0.0,False
25472,27.77,1,27.77,3.0,147,147,1,0.0,False
25474,38.98,1,38.98,2.0,158,158,1,0.0,False
25475,39.98,1,39.98,2.0,20,20,1,0.0,False
25477,3.99,1,3.99,1.0,192,192,1,0.0,False
25478,1735.98,1,1735.98,2.0,92,92,2,0.9798442378368414,False
25479,1799.95,1,1799.95,5.0,74,74,3,0.9450206950193061,False
25481,2478.34,1,2478.34,2.0,175,175,2,0.9858816788656924,False
25484,2469.05,1,2469.05,3.0,25,25,3,0.9655819039711632,False
25485,1223.84,1,1223.84,2.0,292,292,2,0.9926542685318342,False
25486,548.98,1,548.98,2.0,49,49,2,0.9836241757441072,False
25487,31.73,1,31.73,3.0,115,115,1,0.0,False
25489,1147.77,1,1147.77,3.0,4,4,2,0.9762321719508265,False
25490,7.28,1,7.28,2.0,161,161,1,0.0,False
25491,7.28,1,7.28,2.0,165,165,1,0.0,False
25494,39.98,1,39.98,2.0,167,167,1,0.0,False
25495,39.98,1,39.98,2.0,195,195,1,0.0,False
25496,13.98,1,13.98,2.0,141,141,2,0.0,False
25497,1700.99,1,1700.99,1.0,129,129,1,1.0,False
25499,38.98,1,38.98,2.0,27,27,1,0.0,False
25503,48.97,1,48.97,3.0,176,176,2,0.0,False
25504,578.46,1,578.46,4.0,50,50,3,0.9334958337655153,False
25506,1155.48,1,1155.48,2.0,48,48,2,0.9697182123446533,False
25507,4.99,1,4.99,1.0,269,269,1,0.0,False
25508,539.99,1,539.99,1.0,57,57,1,1.0,False
25510,1212.95,1,1212.95,5.0,44,44,3,0.9237726204707531,False
25511,1134.47,1,1134.47,3.0,38,38,2,0.987677065061218,False
25515,39.98,1,39.98,2.0,51,51,1,0.0,False
25516,21.49,1,21.49,1.0,276,276,1,0.0,False
25518,39.98,1,39.98,2.0,125,125,1,0.0,False
25520,114.46,1,114.46,4.0,194,194,2,0.0,False
25521,30.48,1,30.48,2.0,318,318,2,0.0,False
25523,38.98,1,38.98,2.0,135,135,1,0.0,False
25526,60.47,1,60.47,3.0,289,289,1,0.0,False
25527,7.28,1,7.28,2.0,95,95,1,0.0,False
25531,1188.46,1,1188.46,4.0,57,57,3,0.9428083402049711,False
25532,1223.84,1,1223.84,2.0,296,296,2,0.9926542685318342,False
25540,1223.84,1,1223.84,2.0,200,200,2,0.9926542685318342,False
25543,49.97,1,49.97,3.0,36,36,2,0.0,False
25548,603.49,1,603.49,2.0,48,48,2,0.8947787038724752,False
25549,7.28,1,7.28,2.0,176,176,1,0.0,False
25553,1120.49,1,1120.49,1.0,53,53,1,1.0,False
25555,1277.5582,2,638.7791,2.5,68,1048,3,0.9698878689049156,True
25558,1307.0582,2,653.5291,2.5,90,1033,3,0.9479977249674115,True
25560,1288.0582,2,644.0291,2.5,73,979,2,0.9619815315798618,True
25561,1288.0582,2,644.0291,2.5,68,977,2,0.9619815315798618,True
25562,1239.0882000000001,2,619.5441000000001,1.0,65,997,1,1.0,True
25564,1253.0682000000002,2,626.5341000000001,2.0,64,960,2,0.9888433845819405,True
25566,1253.0682000000002,2,626.5341000000001,2.0,75,958,2,0.9888433845819405,True
25568,1253.0682000000002,2,626.5341000000001,2.0,75,926,2,0.9888433845819405,True
25571,588.96,1,588.96,4.0,13,13,2,0.9168534365661505,False
25575,539.99,1,539.99,1.0,27,27,1,1.0,False
25576,1170.48,1,1170.48,2.0,48,48,2,0.9572910259039027,False
25578,1155.48,1,1155.48,2.0,17,17,2,0.9697182123446533,False
25580,39.98,1,39.98,2.0,193,193,1,0.0,False
25581,34.47,1,34.47,3.0,94,94,2,0.0,False
25583,583.97,1,583.97,3.0,17,17,3,0.9246879120502766,False
25587,539.99,1,539.99,1.0,6,6,1,1.0,False
25590,583.97,1,583.97,3.0,18,18,3,0.9246879120502766,False
25591,548.98,1,548.98,2.0,5,5,2,0.9836241757441072,False
25592,38.98,1,38.98,2.0,240,240,1,0.0,False
25593,1264.84,1,1264.84,2.0,164,164,2,0.9604772145093451,False
25595,553.97,1,553.97,3.0,9,9,2,0.9747639763886131,False
25600,1268.84,1,1268.84,2.0,124,124,2,0.9574493237918098,False
25603,1169.46,1,1169.46,4.0,13,13,2,0.9581259726711473,False
25604,1174.48,1,1174.48,2.0,13,13,2,0.9540307199782031,False
25606,1249.84,1,1249.84,2.0,143,143,2,0.9720044165653203,False
25607,1253.32,1,1253.32,4.0,136,136,3,0.9693055245268567,False
25608,539.99,1,539.99,1.0,342,342,1,1.0,False
25609,565.47,1,565.47,3.0,364,364,2,0.9549401382920403,False
25610,574.98,1,574.98,2.0,5,5,2,0.9391457094159796,False
25612,574.98,1,574.98,2.0,326,326,2,0.9391457094159796,False
25615,574.98,1,574.98,2.0,317,317,2,0.9391457094159796,False
25616,539.99,1,539.99,1.0,323,323,1,1.0,False
25618,2398.05,1,2398.05,3.0,363,363,2,0.9941702633389631,False
25621,89.97,1,89.97,3.0,92,92,2,0.0,False
25623,2398.05,1,2398.05,3.0,190,190,2,0.9941702633389631,False
25627,47.97,1,47.97,3.0,324,324,2,0.0,False
25630,39.98,1,39.98,2.0,272,272,1,0.0,False
25631,38.98,1,38.98,2.0,113,113,1,0.0,False
25633,110.46,1,110.46,4.0,166,166,2,0.0,False
25635,1754.98,1,1754.98,2.0,121,121,2,0.969236116650902,False
25637,2510.94,1,2510.94,3.0,150,150,2,0.9730817940691535,False
25638,39.98,1,39.98,2.0,275,275,1,0.0,False
25640,2428.05,1,2428.05,3.0,316,316,3,0.9818866992030644,False
25647,563.77,1,563.77,3.0,281,281,2,0.9578196782375792,False
25649,1264.84,1,1264.84,2.0,34,34,2,0.9604772145093451,False
25651,1785.97,1,1785.97,3.0,101,101,3,0.9524180137404323,False
25653,30.48,1,30.48,2.0,230,230,2,0.0,False
25655,571.72,1,571.72,4.0,284,284,2,0.9445008045896592,False
25656,539.99,1,539.99,1.0,257,257,1,1.0,False
25657,609.45,1,609.45,5.0,253,253,3,0.8860283862498974,False
25658,1735.98,1,1735.98,2.0,123,123,2,0.9798442378368414,False
25660,1735.98,1,1735.98,2.0,42,42,2,0.9798442378368414,False
25661,1735.98,1,1735.98,2.0,50,50,2,0.9798442378368414,False
25664,27.77,1,27.77,3.0,72,72,1,0.0,False
25671,30.48,1,30.48,2.0,292,292,2,0.0,False
25672,7.28,1,7.28,2.0,318,318,1,0.0,False
25673,7.28,1,7.28,2.0,99,99,1,0.0,False
25674,2419.06,1,2419.06,2.0,298,298,2,0.9855357039511216,False
25676,66.97,1,66.97,3.0,231,231,2,0.0,False
25677,59.98,1,59.98,2.0,192,192,1,0.0,False
25685,21.49,1,21.49,1.0,152,152,1,0.0,False
25687,12.98,1,12.98,2.0,24,24,2,0.0,False
25690,38.98,1,38.98,2.0,238,238,1,0.0,False
25691,27.77,1,27.77,3.0,303,303,1,0.0,False
25692,66.97,1,66.97,3.0,296,296,2,0.0,False
25694,1223.84,1,1223.84,2.0,29,29,2,0.9926542685318342,False
25695,33.98,1,33.98,2.0,207,207,1,0.0,False
25696,42.97,1,42.97,3.0,93,93,2,0.0,False
25704,1239.0882000000001,2,619.5441000000001,1.0,89,914,1,1.0,True
25705,1274.0782,2,637.0391,1.5,34,917,2,0.9725370075400396,True
25707,1262.0582,2,631.0291,2.5,62,926,3,0.9817995715253068,True
25710,1239.0882000000001,2,619.5441000000001,1.0,32,926,1,1.0,True
25711,1274.0782,2,637.0391,1.5,33,896,2,0.9725370075400396,True
25712,1262.0582,2,631.0291,2.5,32,884,3,0.9817995715253068,True
25715,1274.0782,2,637.0391,1.5,34,886,2,0.9725370075400396,True
25717,1274.0782,2,637.0391,1.5,58,896,2,0.9725370075400396,True
25727,539.99,1,539.99,1.0,285,285,1,1.0,False
25729,2433.04,1,2433.04,4.0,224,224,2,0.9798729161871571,False
25730,2469.05,1,2469.05,3.0,239,239,3,0.9655819039711632,False
25731,548.98,1,548.98,2.0,280,280,2,0.9836241757441072,False
25732,638.95,1,638.95,5.0,298,298,3,0.8451209014789889,False
25738,2398.05,1,2398.05,3.0,189,189,2,0.9941702633389631,False
25739,539.99,1,539.99,1.0,286,286,1,1.0,False
25740,53.99,1,53.99,1.0,198,198,1,0.0,False
25742,2462.03,1,2462.03,5.0,154,154,3,0.9683350730900927,False
25743,786.33,1,786.33,3.0,321,321,3,0.9440692838884438,False
25745,2473.04,1,2473.04,4.0,155,155,2,0.964024035195549,False
25746,561.48,1,561.48,2.0,280,280,2,0.9617261523117475,False
25747,539.99,1,539.99,1.0,291,291,1,1.0,False
25748,539.99,1,539.99,1.0,293,293,1,1.0,False
25750,553.97,1,553.97,3.0,219,219,2,0.9747639763886131,False
25751,1759.97,1,1759.97,3.0,81,81,2,0.9664880651374739,False
25754,23.78,1,23.78,2.0,114,114,1,0.0,False
25755,6.28,1,6.28,2.0,123,123,1,0.0,False
25757,628.97,1,628.97,4.0,268,268,3,0.8585306135427763,False
25758,2428.05,1,2428.05,3.0,172,172,3,0.9818866992030644,False
25761,562.96,1,562.96,4.0,272,272,3,0.9591978115674292,False
25762,2517.02,1,2517.02,6.0,117,117,3,0.9471796012745235,False
25764,71.58,1,71.58,3.0,199,199,1,0.0,False
25765,2438.06,1,2438.06,2.0,206,206,2,0.9778553440030189,False
25766,32.6,1,32.6,1.0,41,41,1,0.0,False
25768,75.47,1,75.47,3.0,256,256,2,0.0,False
25770,2294.99,1,2294.99,1.0,6,6,1,1.0,False
25772,75.48,1,75.48,2.0,147,147,2,0.0,False
25773,60.47,1,60.47,3.0,130,130,1,0.0,False
25775,2451.3,1,2451.3,2.0,97,97,2,0.9967568229102926,False
25777,2309.97,1,2309.97,3.0,25,25,2,0.9935150672952464,False
25781,39.98,1,39.98,2.0,157,157,1,0.0,False
25782,58.98,1,58.98,2.0,216,216,2,0.0,False
25786,2329.98,1,2329.98,2.0,13,13,2,0.984982703714195,False
25787,27.77,1,27.77,3.0,175,175,1,0.0,False
25789,25.48,1,25.48,2.0,20,20,1,0.0,False
25792,75.48,1,75.48,2.0,21,21,2,0.0,False
25794,23.78,1,23.78,2.0,57,57,1,0.0,False
25798,2452.34,1,2452.34,2.0,79,79,2,0.9963341135405369,False
25800,39.98,1,39.98,2.0,231,231,1,0.0,False
25804,4.99,1,4.99,1.0,300,300,1,0.0,False
25805,2501.31,1,2501.31,5.0,35,35,3,0.9768281420535643,False
25806,23.78,1,23.78,2.0,121,121,1,0.0,False
25807,88.98,1,88.98,3.0,1,1,2,0.0,False
25808,77.96,1,77.96,4.0,102,102,2,0.0,False
25809,21.49,1,21.49,1.0,125,125,1,0.0,False
25814,61.96,1,61.96,3.0,120,120,1,0.0,False
25820,48.97,1,48.97,3.0,322,322,2,0.0,False
25826,1854.5782,2,927.2891,1.5,105,843,2,0.981133176266172,True
25827,1873.5782,2,936.7891,1.5,98,842,2,0.9711834819598136,True
25830,1833.5682000000002,2,916.7841000000001,2.0,100,851,2,0.9923755222194626,True
25837,24.99,1,24.99,1.0,206,206,1,0.0,False
25839,107.94,1,107.94,6.0,328,328,2,0.0,False
25842,27.28,1,27.28,2.0,243,243,1,0.0,False
25844,24.99,1,24.99,1.0,325,325,1,0.0,False
25847,24.99,1,24.99,1.0,99,99,1,0.0,False
25849,35.23,1,35.23,3.0,327,327,1,0.0,False
25850,64.47,1,64.47,3.0,219,219,2,0.0,False
25852,29.98,1,29.98,2.0,219,219,1,0.0,False
25853,27.28,1,27.28,2.0,5,5,1,0.0,False
25857,3399.99,1,3399.99,1.0,1076,1076,1,1.0,True
25859,64.97,1,64.97,3.0,199,199,1,0.0,False
25861,3399.99,1,3399.99,1.0,1089,1089,1,1.0,True
25866,4603.82,2,2301.91,2.0,146,1071,2,0.9969633912707274,True
25868,5798.04,2,2899.02,2.0,208,1043,2,0.9975888403667447,True
25873,39.98,1,39.98,2.0,57,57,1,0.0,False
25874,34.89,1,34.89,2.0,55,55,1,0.0,False
25876,4629.07,2,2314.535,2.5,134,1046,2,0.9915252955777295,True
25878,4649.83,2,2324.915,1.5,135,1041,2,0.9924749937094475,True
25879,4658.82,2,2329.41,2.0,135,1019,3,0.9905598413332132,True
25882,64.97,1,64.97,3.0,215,215,1,0.0,False
25888,4623.82,2,2311.91,2.0,152,1027,2,0.9926510980098707,True
25889,4651.11,2,2325.555,2.5,134,1024,2,0.992201861491128,True
25890,24.99,1,24.99,1.0,318,318,1,0.0,False
25892,2443.35,1,2443.35,1.0,687,687,1,1.0,True
25893,24.99,1,24.99,1.0,248,248,1,0.0,False
25894,49.48,1,49.48,2.0,157,157,2,0.0,False
25895,4649.83,2,2324.915,1.5,143,1001,2,0.9924749937094475,True
25898,38.88,1,38.88,3.0,176,176,1,0.0,False
25900,41.59,1,41.59,2.0,226,226,2,0.0,False
25905,4598.83,2,2299.415,1.5,116,1000,2,0.9980451549633277,True
25906,6.28,1,6.28,2.0,47,47,1,0.0,False
25911,2181.5625,1,2181.5625,1.0,641,641,1,1.0,True
25912,63.47,1,63.47,3.0,186,186,2,0.0,False
25916,4649.83,2,2324.915,1.5,105,962,2,0.9924749937094475,True
25917,4699.82,2,2349.91,2.0,103,974,3,0.9819184564515238,True
25918,1260.5782,2,630.2891,1.5,55,796,2,0.982952267459488,True
25920,1819.5882000000001,2,909.7941000000001,1.0,150,804,1,1.0,True
25922,1274.0782,2,637.0391,1.5,47,767,2,0.9725370075400396,True
25923,6.28,1,6.28,2.0,331,331,1,0.0,False
25924,5819.049999999999,2,2909.5249999999996,1.5,159,962,2,0.9939869910036863,True
25927,1272.5182,2,636.2591,2.5,45,793,2,0.9737292558959078,True
25929,27.28,1,27.28,2.0,264,264,1,0.0,False
25931,27.28,1,27.28,2.0,159,159,1,0.0,False
25935,1256.0282,2,628.0141,2.0,32,781,2,0.9865130416657842,True
25936,1248.0782,2,624.0391,1.5,34,786,2,0.9927969257054566,True
25940,1277.5582,2,638.7791,2.5,38,743,3,0.9698878689049156,True
25943,5808.03,2,2904.015,2.5,171,932,2,0.9915685697215753,True
25945,1248.0782,2,624.0391,1.5,58,739,2,0.9927969257054566,True
25950,54.25,1,54.25,4.0,12,12,1,0.0,False
25951,4703.3099999999995,2,2351.6549999999997,2.5,94,932,3,0.9758744373643244,True
25956,24.99,1,24.99,1.0,156,156,1,0.0,False
25957,89.46,1,89.46,4.0,199,199,2,0.0,False
25958,1903.48,2,951.74,1.0,120,723,1,1.0,True
25962,5819.049999999999,2,2909.5249999999996,1.5,176,915,2,0.9939869910036863,True
25966,27.28,1,27.28,2.0,176,176,1,0.0,False
25967,29.98,1,29.98,2.0,182,182,1,0.0,False
25968,24.99,1,24.99,1.0,42,42,1,0.0,False
25972,5780.99,2,2890.495,2.5,162,942,2,0.9962065320991734,True
25973,5793.049999999999,2,2896.5249999999996,1.5,174,941,2,0.998448140444153,True
25974,5819.049999999999,2,2909.5249999999996,1.5,163,924,2,0.9939869910036863,True
25977,4624.83,2,2312.415,1.5,87,911,2,0.9924343165046067,True
25979,5784.0599999999995,2,2892.0299999999997,1.0,171,903,1,1.0,True
25980,5819.049999999999,2,2909.5249999999996,1.5,174,900,2,0.9939869910036863,True
25981,3018.33,2,1509.165,1.5,199,656,2,0.988407496860847,True
25983,29.98,1,29.98,2.0,141,141,1,0.0,False
25984,4624.83,2,2312.415,1.5,91,906,2,0.9924343165046067,True
25985,4658.8099999999995,2,2329.4049999999997,2.5,67,903,2,0.9851957903413104,True
25990,5847.04,2,2923.52,2.0,172,867,2,0.9892287379597199,True
25992,2721.5525,2,1360.77625,1.0,201,621,1,1.0,True
25994,4626.11,2,2313.055,2.5,85,878,2,0.9921597195051567,True
25996,4598.83,2,2299.415,1.5,63,855,2,0.9980451549633277,True
25997,4623.83,2,2311.915,1.5,65,844,2,0.9980557243670292,True
26000,32.27,1,32.27,3.0,212,212,1,0.0,False
26001,4673.3099999999995,2,2336.6549999999997,2.5,53,829,3,0.9874885252636784,True
26003,4648.3099999999995,2,2324.1549999999997,2.5,56,842,3,0.9874212348143735,True
26005,4623.83,2,2311.915,1.5,32,838,2,0.9980557243670292,True
26006,24.99,1,24.99,1.0,35,35,1,0.0,False
26007,24.99,1,24.99,1.0,206,206,1,0.0,False
26011,5768.049999999999,2,2884.0249999999996,1.5,154,847,2,0.9984414143428022,True
26013,2443.35,1,2443.35,1.0,531,531,1,1.0,True
26018,5869.04,2,2934.52,2.0,177,799,3,0.9855206302904734,True
26020,1932.46,2,966.23,2.0,75,722,2,0.9850035705784337,True
26021,1917.46,2,958.73,2.0,71,707,2,0.992709104753163,True
26022,1938.47,2,969.235,1.5,89,703,2,0.981949681965674,True
26023,1917.46,2,958.73,2.0,95,723,2,0.992709104753163,True
26025,1917.46,2,958.73,2.0,69,671,2,0.992709104753163,True
26026,4.99,1,4.99,1.0,298,298,1,0.0,False
26028,1938.47,2,969.235,1.5,68,671,2,0.981949681965674,True
26029,1930.76,2,965.38,2.0,70,676,2,0.9858708487849345,True
26033,1903.48,2,951.74,1.0,91,693,1,1.0,True
26038,2503.03,1,2503.03,5.0,123,123,3,0.9524736019943831,False
26041,5860.98,2,2930.49,3.0,165,822,2,0.9868759149493772,True
26043,191.27,1,191.27,4.0,62,62,1,0.0,False
26045,27.28,1,27.28,2.0,92,92,1,0.0,False
26046,93.48,1,93.48,3.0,87,87,2,0.0,False
26051,4.99,1,4.99,1.0,5,5,1,0.0,False
26052,24.99,1,24.99,1.0,225,225,1,0.0,False
26053,27.28,1,27.28,2.0,286,286,1,0.0,False
26054,24.99,1,24.99,1.0,274,274,1,0.0,False
26057,5927.51,2,2963.755,3.5,160,770,3,0.9757992816545229,True
26058,5838.049999999999,2,2919.0249999999996,1.5,168,770,2,0.9907520490574764,True
26060,5794.049999999999,2,2897.0249999999996,1.5,172,771,2,0.9939610462457176,True
26061,5838.049999999999,2,2919.0249999999996,1.5,174,781,2,0.9907520490574764,True
26062,49.48,1,49.48,2.0,226,226,2,0.0,False
26064,49.48,1,49.48,2.0,185,185,2,0.0,False
26066,5832.02,2,2916.01,3.0,165,769,3,0.9874897548362318,True
26073,59.98,1,59.98,2.0,33,33,1,0.0,False
26074,7.28,1,7.28,2.0,127,127,1,0.0,False
26076,76.96,1,76.96,3.0,192,192,2,0.0,False
26077,7.28,1,7.28,2.0,36,36,1,0.0,False
26078,64.97,1,64.97,3.0,309,309,1,0.0,False
26079,64.97,1,64.97,3.0,169,169,1,0.0,False
26080,24.99,1,24.99,1.0,204,204,1,0.0,False
26081,64.97,1,64.97,3.0,293,293,1,0.0,False
26082,5768.049999999999,2,2884.0249999999996,1.5,136,788,2,0.9984414143428022,True
26083,5794.049999999999,2,2897.0249999999996,1.5,125,764,2,0.9939610462457176,True
26084,5768.049999999999,2,2884.0249999999996,1.5,138,763,2,0.9984414143428022,True
26087,64.97,1,64.97,3.0,80,80,1,0.0,False
26093,4657.8099999999995,2,2328.9049999999997,2.5,40,770,3,0.9854073051498452,True
26101,24.99,1,24.99,1.0,175,175,1,0.0,False
26102,147.28,1,147.28,3.0,274,274,1,0.0,False
26106,5768.049999999999,2,2884.0249999999996,1.5,149,742,2,0.9984414143428022,True
26112,5794.049999999999,2,2897.0249999999996,1.5,140,753,2,0.9939610462457176,True
26117,32.27,1,32.27,3.0,221,221,1,0.0,False
26118,35.23,1,35.23,3.0,195,195,1,0.0,False
26119,64.97,1,64.97,3.0,15,15,1,0.0,False
26120,3335.2396,2,1667.6198,2.5,32,706,2,0.9853173966871828,True
26122,64.97,1,64.97,3.0,11,11,1,0.0,False
26131,1952.45,2,976.225,2.5,112,693,2,0.9749186918999206,True
26132,39.98,1,39.98,2.0,333,333,1,0.0,False
26133,1938.47,2,969.235,1.5,71,691,2,0.981949681965674,True
26135,1967.45,2,983.725,2.5,92,651,2,0.967485831914407,True
26140,1917.46,2,958.73,2.0,73,648,2,0.992709104753163,True
26141,78.98,1,78.98,2.0,326,326,1,0.0,False
26144,27.77,1,27.77,3.0,239,239,1,0.0,False
26146,69.99,1,69.99,1.0,18,18,1,0.0,False
26147,78.98,1,78.98,2.0,8,8,1,0.0,False
26148,1917.46,2,958.73,2.0,49,659,2,0.992709104753163,True
26150,1992.46,2,996.23,2.0,32,646,3,0.9553416379751664,True
26151,69.99,1,69.99,1.0,188,188,1,0.0,False
26153,1957.47,2,978.735,1.5,120,661,2,0.9724184789549776,True
26154,1938.47,2,969.235,1.5,100,651,2,0.981949681965674,True
26157,69.99,1,69.99,1.0,94,94,1,0.0,False
26160,1938.47,2,969.235,1.5,40,628,2,0.981949681965674,True
26161,1903.48,2,951.74,1.0,117,629,1,1.0,True
26166,128.97,1,128.97,3.0,6,6,1,0.0,False
26169,36.27,1,36.27,3.0,41,41,1,0.0,False
26176,4.99,1,4.99,1.0,89,89,1,0.0,False
26178,101.95,1,101.95,4.0,79,79,2,0.0,False
26179,38.98,1,38.98,2.0,279,279,1,0.0,False
26181,32.27,1,32.27,3.0,263,263,1,0.0,False
26182,6.28,1,6.28,2.0,60,60,1,0.0,False
26183,2071.4196,1,2071.4196,1.0,706,706,1,1.0,True
26187,1932.46,2,966.23,2.0,101,629,2,0.9850035705784337,True
26190,1932.46,2,966.23,2.0,76,622,2,0.9850035705784337,True
26191,1938.47,2,969.235,1.5,77,611,2,0.981949681965674,True
26192,1903.48,2,951.74,1.0,69,613,1,1.0,True
26194,66.94,1,66.94,5.0,24,24,1,0.0,False
26196,29.98,1,29.98,2.0,130,130,1,0.0,False
26200,2756.5425,2,1378.27125,1.5,179,460,2,0.9873065624781769,True
26202,2749.3225,2,1374.66125,2.5,174,480,2,0.9898993297439643,True
26203,188.98,1,188.98,3.0,70,70,1,0.0,False
26204,1967.45,2,983.725,2.5,41,629,2,0.967485831914407,True
26206,2478.34,1,2478.34,2.0,7,7,2,0.9858816788656924,False
26209,2384.07,1,2384.07,1.0,112,112,1,1.0,False
26210,553.97,1,553.97,3.0,272,272,2,0.9747639763886131,False
26213,62.98,1,62.98,2.0,47,47,1,0.0,False
26214,553.97,1,553.97,3.0,216,216,2,0.9747639763886131,False
26215,13.98,1,13.98,2.0,4,4,2,0.0,False
26218,6.28,1,6.28,2.0,262,262,1,0.0,False
26220,539.99,1,539.99,1.0,223,223,1,1.0,False
26221,2419.06,1,2419.06,2.0,113,113,2,0.9855357039511216,False
26223,2407.04,1,2407.04,4.0,96,96,3,0.9904571590002662,False
26224,777.34,1,777.34,2.0,301,301,2,0.9549875215478426,False
26225,742.35,1,742.35,1.0,303,303,1,1.0,False
26229,2419.06,1,2419.06,2.0,65,65,2,0.9855357039511216,False
26232,4.99,1,4.99,1.0,251,251,1,0.0,False
26233,48.97,1,48.97,3.0,329,329,2,0.0,False
26238,3298.9381999999996,2,1649.4690999999998,1.5,52,722,2,0.9893935569935806,True
26239,51.96,1,51.96,3.0,51,51,1,0.0,False
26241,3320.2496,2,1660.1248,2.0,54,708,2,0.9897658296532889,True
26242,67.93,1,67.93,3.0,253,253,1,0.0,False
26244,49.48,1,49.48,2.0,123,123,2,0.0,False
26245,4490.479600000001,2,2245.2398000000003,1.5,142,703,2,0.9922079592567351,True
26246,27.28,1,27.28,2.0,87,87,1,0.0,False
26247,4468.1582,2,2234.0791,1.5,133,719,2,0.992169032869069,True
26249,2071.4196,1,2071.4196,1.0,721,721,1,1.0,True
26251,68.97,1,68.97,3.0,18,18,1,0.0,False
26254,33.98,1,33.98,2.0,169,169,1,0.0,False
26258,36.27,1,36.27,3.0,85,85,1,0.0,False
26259,68.97,1,68.97,3.0,273,273,1,0.0,False
26260,93.46,1,93.46,4.0,224,224,2,0.0,False
26263,28.99,1,28.99,1.0,289,289,1,0.0,False
26268,60.47,1,60.47,3.0,240,240,1,0.0,False
26270,4.99,1,4.99,1.0,158,158,1,0.0,False
26271,23.78,1,23.78,2.0,161,161,1,0.0,False
26273,60.47,1,60.47,3.0,183,183,1,0.0,False
26276,3361.9182,2,1680.9591,2.5,42,703,3,0.9708588983515425,True
26277,3321.2596000000003,2,1660.6298000000002,1.5,30,686,2,0.989464840387665,True
26278,29.98,1,29.98,2.0,330,330,1,0.0,False
26285,3309.2396,2,1654.6198,2.5,22,686,3,0.99305882837858,True
26286,3308.1682,2,1654.0841,3.0,13,687,2,0.9866330859476857,True
26290,3295.2596000000003,2,1647.6298000000002,1.5,16,693,2,0.9972718386132614,True
26291,35.23,1,35.23,3.0,294,294,1,0.0,False
26292,4456.138199999999,2,2228.0690999999997,2.5,147,676,3,0.9948453124725801,True
26295,3298.9381999999996,2,1649.4690999999998,1.5,27,683,2,0.9893935569935806,True
26296,3355.2396,2,1677.6198,2.5,6,694,2,0.979444090967453,True
26299,3396.8882,2,1698.4441,4.0,18,684,3,0.9608641815176612,True
26300,3298.9381999999996,2,1649.4690999999998,1.5,26,690,2,0.9893935569935806,True
26301,4484.479600000001,2,2242.2398000000003,1.5,138,685,2,0.9935354817981557,True
26304,3263.9482,2,1631.9741,1.0,11,671,1,1.0,True
26305,3272.9381999999996,2,1636.4690999999998,1.5,14,680,2,0.9972532325847155,True
26307,2848.7596000000003,2,1424.3798000000002,1.5,352,662,2,0.9877174613119338,True
26309,2800.4382,2,1400.2191,1.5,344,661,2,0.9967897881124462,True
26310,2181.5625,1,2181.5625,1.0,427,427,1,1.0,True
26311,2822.7596000000003,2,1411.3798000000002,1.5,348,645,2,0.9968151733502209,True
26312,2881.7396000000003,2,1440.8698000000002,2.5,358,651,3,0.9764135524250701,True
26315,2825.4282,2,1412.7141,2.0,312,653,2,0.9879735043346706,True
26316,1000.4375,1,1000.4375,1.0,683,683,1,1.0,True
26318,13.98,1,13.98,2.0,136,136,2,0.0,False
26320,4464.479600000001,2,2232.2398000000003,1.5,125,670,2,0.9979863274546041,True
26321,1554.4075,2,777.20375,2.0,177,621,2,0.9910062194115764,True
26323,27.28,1,27.28,2.0,44,44,1,0.0,False
26325,4478.4596,2,2239.2298,2.5,128,645,3,0.9948710043069274,True
26329,2860.4182,2,1430.2091,2.5,289,635,2,0.975888141111674,True
26330,2821.7196000000004,2,1410.8598000000002,1.5,298,636,2,0.9971825690972271,True
26331,2800.4382,2,1400.2191,1.5,266,623,2,0.9967897881124462,True
26332,49.48,1,49.48,2.0,136,136,2,0.0,False
26333,32.27,1,32.27,3.0,238,238,1,0.0,False
26335,89.46,1,89.46,4.0,262,262,2,0.0,False
26337,29.98,1,29.98,2.0,249,249,1,0.0,False
26343,2800.4382,2,1400.2191,1.5,254,635,2,0.9967897881124462,True
26348,89.97,1,89.97,3.0,325,325,2,0.0,False
26349,27.28,1,27.28,2.0,272,272,1,0.0,False
26351,2800.4382,2,1400.2191,1.5,263,616,2,0.9967897881124462,True
26352,1763.97,1,1763.97,3.0,90,90,2,0.9642964449508779,False
26355,62.98,1,62.98,2.0,26,26,1,0.0,False
26359,600.46,1,600.46,4.0,224,224,2,0.8992938746960664,False
26360,539.99,1,539.99,1.0,224,224,1,1.0,False
26363,1744.97,1,1744.97,3.0,42,42,3,0.9747961283002,False
26364,38.98,1,38.98,2.0,143,143,1,0.0,False
26366,49.97,1,49.97,3.0,55,55,2,0.0,False
26367,78.48,1,78.48,2.0,190,190,1,0.0,False
26372,548.98,1,548.98,2.0,231,231,2,0.9836241757441072,False
26375,1971.45,2,985.725,2.5,41,635,3,0.9655228385198712,True
26376,121.93,1,121.93,6.0,73,73,1,0.0,False
26377,39.98,1,39.98,2.0,29,29,1,0.0,False
26378,60.47,1,60.47,3.0,70,70,1,0.0,False
26379,1783.96,1,1783.96,4.0,166,166,3,0.953491109666136,False
26380,33.98,1,33.98,2.0,154,154,1,0.0,False
26382,2443.35,1,2443.35,1.0,338,338,1,1.0,False
26383,33.98,1,33.98,2.0,148,148,1,0.0,False
26384,33.98,1,33.98,2.0,106,106,1,0.0,False
26387,4.99,1,4.99,1.0,42,42,1,0.0,False
26389,36.27,1,36.27,3.0,247,247,1,0.0,False
26390,1725.98,1,1725.98,2.0,148,148,2,0.985521269076119,False
26391,68.97,1,68.97,3.0,217,217,1,0.0,False
26392,60.47,1,60.47,3.0,265,265,1,0.0,False
26393,21.49,1,21.49,1.0,200,200,1,0.0,False
26394,33.98,1,33.98,2.0,84,84,1,0.0,False
26395,25.48,1,25.48,2.0,322,322,1,0.0,False
26399,2543.44,1,2543.44,4.0,306,306,3,0.9606477841034191,False
26401,38.98,1,38.98,2.0,321,321,1,0.0,False
26403,41.93,1,41.93,3.0,115,115,1,0.0,False
26404,1775.47,1,1775.47,3.0,8,8,2,0.958050544362901,False
26405,36.27,1,36.27,3.0,109,109,1,0.0,False
26406,2334.46,1,2334.46,4.0,13,13,3,0.9830924496457427,False
26409,67.49,1,67.49,2.0,291,291,2,0.0,False
26414,58.47,1,58.47,3.0,327,327,2,0.0,False
26417,6.28,1,6.28,2.0,210,210,1,0.0,False
26418,36.27,1,36.27,3.0,176,176,1,0.0,False
26421,60.47,1,60.47,3.0,68,68,1,0.0,False
26423,2001.97,2,1000.985,2.0,51,586,3,0.9508034585932856,True
26430,69.99,1,69.99,1.0,99,99,1,0.0,False
26431,23.78,1,23.78,2.0,15,15,1,0.0,False
26432,123.98,1,123.98,2.0,248,248,1,0.0,False
26433,1903.48,2,951.74,1.0,62,599,1,1.0,True
26435,1957.47,2,978.735,1.5,36,583,2,0.9724184789549776,True
26437,1953.47,2,976.735,1.5,32,583,2,0.9744096402811407,True
26438,1938.47,2,969.235,1.5,54,598,2,0.981949681965674,True
26440,1957.47,2,978.735,1.5,40,592,2,0.9724184789549776,True
26442,1919.75,2,959.875,2.5,60,605,2,0.9915249381429874,True
26445,1938.47,2,969.235,1.5,35,590,2,0.981949681965674,True
26450,30.48,1,30.48,2.0,76,76,2,0.0,False
26451,27.28,1,27.28,2.0,168,168,1,0.0,False
26453,53.95,1,53.95,5.0,83,83,2,0.0,False
26458,32.27,1,32.27,3.0,206,206,1,0.0,False
26466,24.99,1,24.99,1.0,210,210,1,0.0,False
26468,27.28,1,27.28,2.0,325,325,1,0.0,False
26470,35.23,1,35.23,3.0,290,290,1,0.0,False
26471,24.99,1,24.99,1.0,124,124,1,0.0,False
26472,114.96,1,114.96,4.0,285,285,2,0.0,False
26474,13.98,1,13.98,2.0,158,158,2,0.0,False
26480,23.78,1,23.78,2.0,320,320,1,0.0,False
26481,2071.4196,1,2071.4196,1.0,620,620,1,1.0,True
26484,2813.7696,2,1406.8848,1.0,258,611,1,1.0,True
26485,2813.7696,2,1406.8848,1.0,258,638,1,1.0,True
26488,4.99,1,4.99,1.0,310,310,1,0.0,False
26490,4468.1582,2,2234.0791,1.5,145,625,2,0.992169032869069,True
26491,4469.4382000000005,2,2234.7191000000003,2.5,130,600,2,0.9918848861138746,True
26495,58.98,1,58.98,2.0,106,106,2,0.0,False
26496,1000.4375,1,1000.4375,1.0,583,583,1,1.0,True
26497,64.97,1,64.97,3.0,91,91,1,0.0,False
26500,24.99,1,24.99,1.0,114,114,1,0.0,False
26503,1000.4375,1,1000.4375,1.0,575,575,1,1.0,True
26506,64.97,1,64.97,3.0,310,310,1,0.0,False
26507,27.28,1,27.28,2.0,211,211,1,0.0,False
26510,2813.7696,2,1406.8848,1.0,215,586,1,1.0,True
26513,2848.7596000000003,2,1424.3798000000002,1.5,190,607,2,0.9877174613119338,True
26514,29.98,1,29.98,2.0,196,196,1,0.0,False
26515,89.46,1,89.46,4.0,131,131,2,0.0,False
26516,32.27,1,32.27,3.0,170,170,1,0.0,False
26517,24.99,1,24.99,1.0,284,284,1,0.0,False
26520,2827.7182,2,1413.8591,2.5,210,585,2,0.9871734036298244,True
26522,24.99,1,24.99,1.0,146,146,1,0.0,False
26523,49.48,1,49.48,2.0,73,73,2,0.0,False
26524,27.28,1,27.28,2.0,11,11,1,0.0,False
26527,29.26,1,29.26,3.0,155,155,1,0.0,False
26529,1549.4175,2,774.70875,1.5,142,527,2,0.9941978195031359,True
26530,4468.1582,2,2234.0791,1.5,132,586,2,0.992169032869069,True
26532,4469.4696,2,2234.7348,2.0,114,585,2,0.9968721120734327,True
26533,1629.4075,2,814.70375,2.5,137,488,3,0.9453911928108837,True
26535,64.97,1,64.97,3.0,112,112,1,0.0,False
26536,4514.9696,2,2257.4848,2.0,94,599,3,0.9868260464035019,True
26537,4468.1582,2,2234.0791,1.5,98,591,2,0.992169032869069,True
26538,4464.479600000001,2,2232.2398000000003,1.5,98,590,2,0.9979863274546041,True
26542,27.28,1,27.28,2.0,261,261,1,0.0,False
26543,14.23,1,14.23,3.0,318,318,1,0.0,False
26544,21.49,1,21.49,1.0,236,236,1,0.0,False
26545,2822.7596000000003,2,1411.3798000000002,1.5,209,595,2,0.9968151733502209,True
26546,2847.7496,2,1423.8748,2.0,191,608,2,0.9880677711270683,True
26547,1407.96,2,703.98,2.0,27,560,3,0.9396431716810136,True
26549,1361.45,2,680.725,2.5,25,553,3,0.9717433618568437,True
26550,93.48,1,93.48,3.0,149,149,2,0.0,False
26553,68.97,1,68.97,3.0,16,16,1,0.0,False
26554,68.97,1,68.97,3.0,59,59,1,0.0,False
26556,36.27,1,36.27,3.0,226,226,1,0.0,False
26557,44.22,1,44.22,4.0,233,233,1,0.0,False
26559,38.98,1,38.98,2.0,229,229,1,0.0,False
26560,1396.44,2,698.22,3.0,29,568,3,0.9473948039299934,True
26562,1925.41,2,962.705,2.5,76,566,2,0.9886102180834212,True
26567,1957.47,2,978.735,1.5,29,571,2,0.9724184789549776,True
26570,1957.47,2,978.735,1.5,17,560,2,0.9724184789549776,True
26575,2890.4082,2,1445.2041,3.0,197,599,3,0.9657626213487772,True
26576,28.99,1,28.99,1.0,213,213,1,0.0,False
26577,68.97,1,68.97,3.0,212,212,1,0.0,False
26582,1000.4375,1,1000.4375,1.0,404,404,1,1.0,True
26585,1903.48,2,951.74,1.0,12,578,1,1.0,True
26587,1920.42,2,960.21,2.0,10,572,2,0.9911790129242561,True
26590,69.99,1,69.99,1.0,74,74,1,0.0,False
26592,78.98,1,78.98,2.0,218,218,1,0.0,False
26594,29.98,1,29.98,2.0,206,206,1,0.0,False
26596,36.27,1,36.27,3.0,204,204,1,0.0,False
26598,33.98,1,33.98,2.0,329,329,1,0.0,False
26599,28.99,1,28.99,1.0,322,322,1,0.0,False
26601,2862.7396000000003,2,1431.3698000000002,2.5,212,591,2,0.9828940082430133,True
26602,4468.1582,2,2234.0791,1.5,121,570,2,0.992169032869069,True
26606,2890.4082,2,1445.2041,3.0,187,570,3,0.9657626213487772,True
26607,2813.7696,2,1406.8848,1.0,211,556,1,1.0,True
26608,2881.7396000000003,2,1440.8698000000002,2.5,190,554,3,0.9764135524250701,True
26615,1000.4375,1,1000.4375,1.0,418,418,1,1.0,True
26616,2800.4382,2,1400.2191,1.5,169,561,2,0.9967897881124462,True
26617,2881.7396000000003,2,1440.8698000000002,2.5,168,568,3,0.9764135524250701,True
26619,2972.7696,2,1486.3848,1.5,135,577,2,0.9465145230225713,True
26620,699.0982,1,699.0982,1.0,1068,1068,1,1.0,True
26623,2841.4382,2,1420.7191,1.5,145,558,2,0.9824067966707846,True
26625,2827.7496,2,1413.8748,2.0,138,557,2,0.9950561393413336,True
26629,699.0982,1,699.0982,1.0,1048,1048,1,1.0,True
26633,2883.9082,2,1441.9541,3.0,65,577,3,0.9679393400941129,True
26634,2896.7196000000004,2,1448.3598000000002,3.5,42,578,2,0.9713641596514903,True
26636,36.27,1,36.27,3.0,157,157,1,0.0,False
26639,49.48,1,49.48,2.0,148,148,2,0.0,False
26640,1288.0582,2,644.0291,2.5,136,977,2,0.9619815315798618,True
26642,4490.479600000001,2,2245.2398000000003,1.5,123,572,2,0.9922079592567351,True
26643,699.0982,1,699.0982,1.0,948,948,1,1.0,True
26644,2805.4282,2,1402.7141,2.0,13,561,2,0.9950168034954523,True
26645,2800.4382,2,1400.2191,1.5,22,575,2,0.9967897881124462,True
26647,2889.9382,2,1444.9691,2.0,25,552,3,0.9659196864486583,True
26649,4433.1682,2,2216.5841,1.0,93,579,1,1.0,True
26651,1957.47,2,978.735,1.5,28,526,2,0.9724184789549776,True
26653,1938.47,2,969.235,1.5,29,536,2,0.981949681965674,True
26654,1346.76,2,673.38,2.0,349,520,2,0.9823428079242033,True
26655,1322.98,2,661.49,1.0,358,526,1,1.0,True
26656,1345.95,2,672.975,2.5,343,527,3,0.982933987146625,True
26657,1357.97,2,678.985,1.5,349,539,2,0.9742335986803832,True
26661,1912.47,2,956.235,1.5,72,524,2,0.9952992726683294,True
26663,1976.94,2,988.47,3.0,65,498,3,0.9628415632239724,True
26668,119.98,1,119.98,2.0,270,270,1,0.0,False
26670,69.99,1,69.99,1.0,208,208,1,0.0,False
26672,123.98,1,123.98,2.0,65,65,1,0.0,False
26674,68.97,1,68.97,3.0,165,165,1,0.0,False
26677,29.98,1,29.98,2.0,102,102,1,0.0,False
26678,4.99,1,4.99,1.0,150,150,1,0.0,False
26679,29.98,1,29.98,2.0,168,168,1,0.0,False
26680,32.27,1,32.27,3.0,244,244,1,0.0,False
26681,2813.7696,2,1406.8848,1.0,24,558,1,1.0,True
26685,24.99,1,24.99,1.0,79,79,1,0.0,False
26686,39.98,1,39.98,2.0,71,71,1,0.0,False
26688,64.97,1,64.97,3.0,275,275,1,0.0,False
26689,96.92,1,96.92,4.0,147,147,1,0.0,False
26690,132.47,1,132.47,4.0,218,218,2,0.0,False
26691,28.99,1,28.99,1.0,314,314,1,0.0,False
26693,7.28,1,7.28,2.0,302,302,1,0.0,False
26694,4456.138199999999,2,2228.0690999999997,2.5,120,532,3,0.9948453124725801,True
26695,4524.4596,2,2262.2298,2.5,101,544,2,0.984756190551464,True
26696,68.97,1,68.97,3.0,246,246,1,0.0,False
26698,4442.1582,2,2221.0791,1.5,112,522,2,0.9979762089517659,True
26699,64.47,1,64.47,3.0,244,244,2,0.0,False
26700,7.28,1,7.28,2.0,248,248,1,0.0,False
26702,68.97,1,68.97,3.0,190,190,1,0.0,False
26706,7.28,1,7.28,2.0,292,292,1,0.0,False
26707,33.98,1,33.98,2.0,164,164,1,0.0,False
26708,4504.4596,2,2252.2298,2.5,111,548,2,0.9891285516247056,True
26710,2071.4196,1,2071.4196,1.0,532,532,1,1.0,True
26713,58.47,1,58.47,3.0,208,208,2,0.0,False
26716,68.97,1,68.97,3.0,32,32,2,0.0,False
26717,2071.4196,1,2071.4196,1.0,541,541,1,1.0,True
26719,127.95,1,127.95,5.0,166,166,2,0.0,False
26721,58.47,1,58.47,3.0,138,138,2,0.0,False
26722,33.98,1,33.98,2.0,303,303,1,0.0,False
26723,4467.1482,2,2233.5741,2.0,94,523,2,0.9923933573549228,True
26724,2049.0982,1,2049.0982,1.0,529,529,1,1.0,True
26725,2049.0982,1,2049.0982,1.0,530,530,1,1.0,True
26726,2071.4196,1,2071.4196,1.0,528,528,1,1.0,True
26727,4482.138199999999,2,2241.0690999999997,2.5,122,535,2,0.9890744109585913,True
26728,4455.0982,2,2227.5491,2.5,121,531,2,0.9950775495812866,True
26734,2049.0982,1,2049.0982,1.0,536,536,1,1.0,True
26737,68.97,1,68.97,3.0,213,213,1,0.0,False
26738,33.98,1,33.98,2.0,30,30,1,0.0,False
26740,1938.47,2,969.235,1.5,84,493,2,0.981949681965674,True
26741,69.99,1,69.99,1.0,140,140,1,0.0,False
26742,69.99,1,69.99,1.0,89,89,1,0.0,False
26743,1371.95,2,685.975,2.5,313,504,2,0.9643062793833594,True
26745,1932.46,2,966.23,2.0,87,495,2,0.9850035705784337,True
26746,2001.45,2,1000.725,2.5,82,510,3,0.951050488395913,True
26749,1322.98,2,661.49,1.0,335,514,1,1.0,True
26750,1938.47,2,969.235,1.5,76,464,2,0.981949681965674,True
26751,1903.48,2,951.74,1.0,77,470,1,1.0,True
26754,1938.47,2,969.235,1.5,40,468,2,0.981949681965674,True
26755,123.98,1,123.98,2.0,16,16,1,0.0,False
26757,1344.47,2,672.235,1.5,283,468,2,0.9840160063073181,True
26758,1322.98,2,661.49,1.0,294,462,1,1.0,True
26759,123.98,1,123.98,2.0,167,167,1,0.0,False
26761,1938.47,2,969.235,1.5,39,472,2,0.981949681965674,True
26763,1957.47,2,978.735,1.5,56,478,2,0.9724184789549776,True
26765,78.98,1,78.98,2.0,292,292,1,0.0,False
26766,78.98,1,78.98,2.0,47,47,1,0.0,False
26769,37.29,1,37.29,2.0,119,119,1,0.0,False
26773,69.99,1,69.99,1.0,288,288,1,0.0,False
26774,1331.97,2,665.985,1.5,288,471,2,0.9932505987372088,True
26775,88.98,1,88.98,3.0,7,7,2,0.0,False
26776,25.48,1,25.48,2.0,222,222,1,0.0,False
26777,68.97,1,68.97,3.0,188,188,1,0.0,False
26778,33.98,1,33.98,2.0,83,83,1,0.0,False
26784,88.97,1,88.97,3.0,287,287,2,0.0,False
26785,74.98,1,74.98,3.0,227,227,1,0.0,False
26786,2071.4196,1,2071.4196,1.0,540,540,1,1.0,True
26788,36.27,1,36.27,3.0,329,329,1,0.0,False
26789,699.0982,1,699.0982,1.0,877,877,1,1.0,True
26790,27.77,1,27.77,3.0,70,70,1,0.0,False
26792,184.48,1,184.48,3.0,274,274,1,0.0,False
26793,88.97,1,88.97,3.0,42,42,1,0.0,False
26794,44.22,1,44.22,4.0,169,169,1,0.0,False
26795,1992.46,2,996.23,2.0,50,430,3,0.9553416379751664,True
26796,1957.47,2,978.735,1.5,48,448,2,0.9724184789549776,True
26797,1957.47,2,978.735,1.5,50,442,2,0.9724184789549776,True
26798,28.99,1,28.99,1.0,147,147,1,0.0,False
26801,2049.0982,1,2049.0982,1.0,538,538,1,1.0,True
26802,4.99,1,4.99,1.0,182,182,1,0.0,False
26805,2071.4196,1,2071.4196,1.0,540,540,1,1.0,True
26807,68.97,1,68.97,3.0,328,328,1,0.0,False
26808,33.98,1,33.98,2.0,26,26,1,0.0,False
26809,118.96,1,118.96,4.0,235,235,2,0.0,False
26811,2071.4196,1,2071.4196,1.0,537,537,1,1.0,True
26812,58.47,1,58.47,3.0,176,176,2,0.0,False
26816,1735.98,1,1735.98,2.0,45,45,2,0.9798442378368414,False
26821,27.77,1,27.77,3.0,208,208,1,0.0,False
26822,2442.03,1,2442.03,5.0,36,36,3,0.9762656478421644,False
26823,2419.06,1,2419.06,2.0,17,17,2,0.9855357039511216,False
26825,1228.83,1,1228.83,3.0,337,337,2,0.9886233246258637,False
26827,1750.98,1,1750.98,2.0,62,62,2,0.9714502735610915,False
26828,1732.26,1,1732.26,4.0,56,56,2,0.9819484373015598,False
26830,553.97,1,553.97,3.0,216,216,2,0.9747639763886131,False
26833,6.28,1,6.28,2.0,196,196,1,0.0,False
26834,6.28,1,6.28,2.0,152,152,1,0.0,False
26835,68.97,1,68.97,3.0,51,51,1,0.0,False
26837,548.98,1,548.98,2.0,231,231,2,0.9836241757441072,False
26838,36.27,1,36.27,3.0,316,316,1,0.0,False
26839,77.96,1,77.96,4.0,226,226,2,0.0,False
26840,33.98,1,33.98,2.0,71,71,1,0.0,False
26843,184.48,1,184.48,3.0,77,77,1,0.0,False
26845,27.77,1,27.77,3.0,151,151,1,0.0,False
26846,28.48,1,28.48,2.0,18,18,2,0.0,False
26847,60.47,1,60.47,3.0,71,71,1,0.0,False
26850,53.98,1,53.98,2.0,206,206,2,0.0,False
26851,23.78,1,23.78,2.0,78,78,1,0.0,False
26852,114.46,1,114.46,4.0,331,331,2,0.0,False
26854,1714.97,1,1714.97,3.0,56,56,2,0.9918482539053162,False
26855,1700.99,1,1700.99,1.0,58,58,1,1.0,False
26857,21.49,1,21.49,1.0,202,202,1,0.0,False
26860,539.99,1,539.99,1.0,209,209,1,1.0,False
26866,615.46,1,615.46,4.0,190,190,3,0.8773762714067527,False
26867,1728.27,1,1728.27,3.0,27,27,2,0.9842154293021346,False
26870,548.98,1,548.98,2.0,208,208,2,0.9836241757441072,False
26872,23.78,1,23.78,2.0,135,135,1,0.0,False
26874,23.78,1,23.78,2.0,243,243,1,0.0,False
26875,60.47,1,60.47,3.0,45,45,1,0.0,False
26876,588.96,1,588.96,4.0,201,201,2,0.9168534365661505,False
26878,21.49,1,21.49,1.0,235,235,1,0.0,False
26879,75.48,1,75.48,2.0,75,75,2,0.0,False
26884,1273.83,1,1273.83,3.0,308,308,2,0.9536986882080026,False
26886,553.97,1,553.97,3.0,192,192,2,0.9747639763886131,False
26888,38.98,1,38.98,2.0,15,15,1,0.0,False
26894,23.78,1,23.78,2.0,275,275,1,0.0,False
26895,553.97,1,553.97,3.0,186,186,2,0.9747639763886131,False
26897,38.98,1,38.98,2.0,283,283,1,0.0,False
26898,173.95,1,173.95,5.0,302,302,2,0.0,False
26899,23.78,1,23.78,2.0,310,310,1,0.0,False
26900,47.97,1,47.97,3.0,97,97,2,0.0,False
26903,800.82,1,800.82,4.0,219,219,3,0.9269873379785719,False
26905,6.28,1,6.28,2.0,220,220,1,0.0,False
26907,108.46,1,108.46,4.0,37,37,2,0.0,False
26908,36.27,1,36.27,3.0,71,71,1,0.0,False
26911,3.99,1,3.99,1.0,311,311,1,0.0,False
26912,27.77,1,27.77,3.0,173,173,1,0.0,False
26913,607.96,1,607.96,4.0,184,184,3,0.8881998815711559,False
26914,588.96,1,588.96,4.0,193,193,2,0.9168534365661505,False
26916,1322.98,2,661.49,1.0,2,455,1,1.0,True
26919,1350.75,2,675.375,2.5,17,433,2,0.9794410512678142,True
26921,1336.96,2,668.48,2.0,21,452,2,0.9895434418382001,True
26926,28.99,1,28.99,1.0,27,27,1,0.0,False
26927,36.27,1,36.27,3.0,252,252,1,0.0,False
26929,588.96,1,588.96,4.0,126,126,2,0.9168534365661505,False
26930,1263.82,1,1263.82,4.0,285,285,2,0.9612523935370543,False
26931,561.48,1,561.48,2.0,204,204,2,0.9617261523117475,False
26933,1223.84,1,1223.84,2.0,273,273,2,0.9926542685318342,False
26934,553.97,1,553.97,3.0,202,202,2,0.9747639763886131,False
26938,722.77,1,722.77,4.0,207,207,2,0.7471118059687037,False
26939,777.34,1,777.34,2.0,218,218,2,0.9549875215478426,False
26944,553.97,1,553.97,3.0,202,202,2,0.9747639763886131,False
26948,1293.33,1,1293.33,3.0,204,204,2,0.9393194312356475,False
26953,786.33,1,786.33,3.0,202,202,3,0.9440692838884438,False
26955,565.47,1,565.47,3.0,151,151,2,0.9549401382920403,False
26956,607.96,1,607.96,4.0,178,178,3,0.8881998815711559,False
26957,1759.97,1,1759.97,3.0,19,19,2,0.9664880651374739,False
26958,1732.26,1,1732.26,4.0,7,7,2,0.9819484373015598,False
26963,1237.82,1,1237.82,4.0,168,168,3,0.9814431823690035,False
26964,751.34,1,751.34,2.0,209,209,2,0.9880347113157825,False
26965,776.33,1,776.33,3.0,184,184,2,0.9562299537567787,False
26967,1336.96,2,668.48,2.0,299,433,2,0.9895434418382001,True
26969,23.78,1,23.78,2.0,165,165,1,0.0,False
26970,38.98,1,38.98,2.0,133,133,1,0.0,False
26972,83.97,1,83.97,3.0,278,278,2,0.0,False
26973,38.98,1,38.98,2.0,232,232,1,0.0,False
26974,1292.81,1,1292.81,5.0,162,162,3,0.9396972486289555,False
26976,791.32,1,791.32,4.0,163,163,2,0.9381160592427842,False
26978,553.97,1,553.97,3.0,109,109,2,0.9747639763886131,False
26979,588.96,1,588.96,4.0,118,118,2,0.9168534365661505,False
26980,23.78,1,23.78,2.0,1,1,1,0.0,False
26981,21.49,1,21.49,1.0,283,283,1,0.0,False
26982,28.99,1,28.99,1.0,148,148,1,0.0,False
26983,1744.97,1,1744.97,3.0,3,3,3,0.9747961283002,False
26984,1764.96,1,1764.96,4.0,23,23,2,0.9637555525337684,False
26987,1155.48,1,1155.48,2.0,283,283,2,0.9697182123446533,False
26990,23.78,1,23.78,2.0,258,258,1,0.0,False
26991,1264.84,1,1264.84,2.0,176,176,2,0.9604772145093451,False
26992,583.97,1,583.97,3.0,160,160,3,0.9246879120502766,False
26994,1134.47,1,1134.47,3.0,359,359,2,0.987677065061218,False
26996,15.23,1,15.23,3.0,78,78,1,0.0,False
27000,30.48,1,30.48,2.0,302,302,2,0.0,False
27001,30.48,1,30.48,2.0,288,288,2,0.0,False
27003,21.49,1,21.49,1.0,118,118,1,0.0,False
27011,36.27,1,36.27,3.0,3,3,1,0.0,False
27013,36.27,1,36.27,3.0,19,19,1,0.0,False
27014,1274.0782,2,637.0391,1.5,83,761,2,0.9725370075400396,True
27015,68.97,1,68.97,3.0,56,56,1,0.0,False
27022,4.99,1,4.99,1.0,244,244,1,0.0,False
27023,60.47,1,60.47,3.0,261,261,1,0.0,False
27027,782.99,1,782.99,1.0,694,694,1,1.0,True
27031,4.99,1,4.99,1.0,53,53,1,0.0,False
27033,29.48,1,29.48,2.0,217,217,2,0.0,False
27034,4.99,1,4.99,1.0,116,116,1,0.0,False
27035,7.28,1,7.28,2.0,158,158,1,0.0,False
27040,7.28,1,7.28,2.0,331,331,1,0.0,False
27047,2049.0982,1,2049.0982,1.0,498,498,1,1.0,True
27049,4.99,1,4.99,1.0,241,241,1,0.0,False
27053,782.99,1,782.99,1.0,655,655,1,1.0,True
27054,2071.4196,1,2071.4196,1.0,517,517,1,1.0,True
27055,33.98,1,33.98,2.0,285,285,1,0.0,False
27059,118.96,1,118.96,4.0,308,308,2,0.0,False
27062,782.99,1,782.99,1.0,643,643,1,1.0,True
27063,2071.4196,1,2071.4196,1.0,503,503,1,1.0,True
27066,33.98,1,33.98,2.0,334,334,1,0.0,False
27067,2049.0982,1,2049.0982,1.0,497,497,1,1.0,True
27068,2049.0982,1,2049.0982,1.0,501,501,1,1.0,True
27072,31.28,1,31.28,2.0,242,242,1,0.0,False
27073,4433.1682,2,2216.5841,1.0,111,513,1,1.0,True
27074,4433.1682,2,2216.5841,1.0,116,511,1,1.0,True
27076,2071.4196,1,2071.4196,1.0,499,499,1,1.0,True
27077,2071.4196,1,2071.4196,1.0,506,506,1,1.0,True
27080,2071.4196,1,2071.4196,1.0,477,477,1,1.0,True
27081,2049.0982,1,2049.0982,1.0,476,476,1,1.0,True
27082,782.99,1,782.99,1.0,617,617,1,1.0,True
27084,782.99,1,782.99,1.0,640,640,1,1.0,True
27085,782.99,1,782.99,1.0,583,583,1,1.0,True
27086,2049.0982,1,2049.0982,1.0,470,470,1,1.0,True
27087,2071.4196,1,2071.4196,1.0,488,488,1,1.0,True
27090,2049.0982,1,2049.0982,1.0,462,462,1,1.0,True
27092,4519.4596,2,2259.7298,2.5,113,485,3,0.9858456528740739,True
27094,2071.4196,1,2071.4196,1.0,465,465,1,1.0,True
27095,2049.0982,1,2049.0982,1.0,472,472,1,1.0,True
27096,4490.479600000001,2,2245.2398000000003,1.5,94,459,2,0.9922079592567351,True
27097,4464.479600000001,2,2232.2398000000003,1.5,119,480,2,0.9979863274546041,True
27098,68.97,1,68.97,3.0,134,134,1,0.0,False
27099,782.99,1,782.99,1.0,583,583,1,1.0,True
27102,782.99,1,782.99,1.0,582,582,1,1.0,True
27103,4468.1582,2,2234.0791,1.5,101,464,2,0.992169032869069,True
27104,4468.1582,2,2234.0791,1.5,82,481,2,0.992169032869069,True
27105,4447.1482,2,2223.5741,2.0,76,483,2,0.9968564123858072,True
27107,4455.489600000001,2,2227.7448000000004,1.0,69,487,1,1.0,True
27110,4.99,1,4.99,1.0,46,46,1,0.0,False
27113,77.96,1,77.96,4.0,111,111,2,0.0,False
27114,4464.479600000001,2,2232.2398000000003,1.5,92,435,2,0.9979863274546041,True
27115,58.47,1,58.47,3.0,57,57,2,0.0,False
27116,4464.479600000001,2,2232.2398000000003,1.5,66,448,2,0.9979863274546041,True
27117,4490.479600000001,2,2245.2398000000003,1.5,67,441,2,0.9922079592567351,True
27118,777.34,1,777.34,2.0,180,180,2,0.9549875215478426,False
27119,1228.83,1,1228.83,3.0,116,116,2,0.9886233246258637,False
27120,1264.84,1,1264.84,2.0,119,119,2,0.9604772145093451,False
27121,539.99,1,539.99,1.0,169,169,1,1.0,False
27122,786.33,1,786.33,3.0,140,140,3,0.9440692838884438,False
27123,777.34,1,777.34,2.0,127,127,2,0.9549875215478426,False
27126,1155.48,1,1155.48,2.0,307,307,2,0.9697182123446533,False
27129,1134.47,1,1134.47,3.0,240,240,2,0.987677065061218,False
27130,539.99,1,539.99,1.0,65,65,1,1.0,False
27134,777.34,1,777.34,2.0,121,121,2,0.9549875215478426,False
27135,42.97,1,42.97,3.0,175,175,2,0.0,False
27137,617.47,1,617.47,4.0,136,136,3,0.8745202196058108,False
27138,777.34,1,777.34,2.0,100,100,2,0.9549875215478426,False
27145,35.0,1,35.0,1.0,142,142,1,0.0,False
27148,78.98,1,78.98,2.0,183,183,1,0.0,False
27149,42.28,1,42.28,3.0,85,85,1,0.0,False
27151,6.28,1,6.28,2.0,83,83,1,0.0,False
27152,38.98,1,38.98,2.0,274,274,1,0.0,False
27154,1228.83,1,1228.83,3.0,71,71,2,0.9886233246258637,False
27157,60.47,1,60.47,3.0,202,202,1,0.0,False
27159,791.32,1,791.32,4.0,122,122,2,0.9381160592427842,False
27163,7.28,1,7.28,2.0,241,241,1,0.0,False
27164,3.99,1,3.99,1.0,232,232,1,0.0,False
27166,827.33,1,827.33,3.0,74,74,3,0.8972840341822489,False
27167,1203.46,1,1203.46,4.0,231,231,3,0.9310571186412511,False
27169,1214.85,1,1214.85,1.0,27,27,1,1.0,False
27170,756.33,1,756.33,3.0,80,80,2,0.9815160049184879,False
27171,588.96,1,588.96,4.0,141,141,2,0.9168534365661505,False
27172,23.78,1,23.78,2.0,65,65,1,0.0,False
27174,7.28,1,7.28,2.0,111,111,1,0.0,False
27175,565.47,1,565.47,3.0,44,44,2,0.9549401382920403,False
27177,28.48,1,28.48,2.0,27,27,2,0.0,False
27180,1268.84,1,1268.84,2.0,31,31,2,0.9574493237918098,False
27181,1155.48,1,1155.48,2.0,186,186,2,0.9697182123446533,False
27183,1147.77,1,1147.77,3.0,210,210,2,0.9762321719508265,False
27184,89.97,1,89.97,3.0,332,332,2,0.0,False
27186,600.46,1,600.46,4.0,51,51,2,0.8992938746960664,False
27188,4.99,1,4.99,1.0,84,84,1,0.0,False
27189,58.47,1,58.47,3.0,111,111,2,0.0,False
27192,33.98,1,33.98,2.0,320,320,1,0.0,False
27193,2049.0982,1,2049.0982,1.0,457,457,1,1.0,True
27195,4455.489600000001,2,2227.7448000000004,1.0,78,445,1,1.0,True
27198,147.95,1,147.95,5.0,166,166,2,0.0,False
27200,36.27,1,36.27,3.0,44,44,1,0.0,False
27203,18.97,1,18.97,3.0,74,74,1,0.0,False
27206,2071.4196,1,2071.4196,1.0,443,443,1,1.0,True
27209,13.98,1,13.98,2.0,153,153,2,0.0,False
27212,2071.4196,1,2071.4196,1.0,444,444,1,1.0,True
27214,187.98,1,187.98,3.0,243,243,1,0.0,False
27215,64.47,1,64.47,3.0,70,70,2,0.0,False
27217,28.98,1,28.98,2.0,215,215,1,0.0,False
27218,6.28,1,6.28,2.0,261,261,1,0.0,False
27219,67.49,1,67.49,2.0,217,217,2,0.0,False
27221,3.99,1,3.99,1.0,245,245,1,0.0,False
27223,6.28,1,6.28,2.0,279,279,1,0.0,False
27225,28.48,1,28.48,2.0,112,112,2,0.0,False
27226,2049.0982,1,2049.0982,1.0,451,451,1,1.0,True
27228,2071.4196,1,2071.4196,1.0,447,447,1,1.0,True
27231,2049.0982,1,2049.0982,1.0,452,452,1,1.0,True
27233,58.47,1,58.47,3.0,241,241,2,0.0,False
27236,33.98,1,33.98,2.0,51,51,1,0.0,False
27239,2071.4196,1,2071.4196,1.0,440,440,1,1.0,True
27242,782.99,1,782.99,1.0,554,554,1,1.0,True
27244,36.27,1,36.27,3.0,4,4,1,0.0,False
27247,68.97,1,68.97,3.0,226,226,1,0.0,False
27248,36.27,1,36.27,3.0,141,141,1,0.0,False
27249,28.99,1,28.99,1.0,310,310,1,0.0,False
27250,4587.9596,2,2293.9798,3.0,89,431,3,0.9711265984120698,True
27251,2049.0982,1,2049.0982,1.0,454,454,1,1.0,True
27252,782.99,1,782.99,1.0,551,551,1,1.0,True
27253,782.99,1,782.99,1.0,551,551,1,1.0,True
27254,2049.0982,1,2049.0982,1.0,436,436,1,1.0,True
27257,2071.4196,1,2071.4196,1.0,429,429,1,1.0,True
27259,782.99,1,782.99,1.0,560,560,1,1.0,True
27262,2049.0982,1,2049.0982,1.0,403,403,1,1.0,True
27264,2071.4196,1,2071.4196,1.0,409,409,1,1.0,True
27270,782.99,1,782.99,1.0,466,466,1,1.0,True
27271,2071.4196,1,2071.4196,1.0,402,402,1,1.0,True
27273,4490.479600000001,2,2245.2398000000003,1.5,71,421,2,0.9922079592567351,True
27274,4468.1582,2,2234.0791,1.5,76,403,2,0.992169032869069,True
27275,2049.0982,1,2049.0982,1.0,398,398,1,1.0,True
27276,2049.0982,1,2049.0982,1.0,403,403,1,1.0,True
27277,2071.4196,1,2071.4196,1.0,400,400,1,1.0,True
27278,28.99,1,28.99,1.0,48,48,1,0.0,False
27279,4490.479600000001,2,2245.2398000000003,1.5,90,409,2,0.9922079592567351,True
27281,4540.4696,2,2270.2348,2.0,75,400,3,0.981283874249483,True
27290,28.99,1,28.99,1.0,157,157,1,0.0,False
27291,4455.489600000001,2,2227.7448000000004,1.0,66,428,1,1.0,True
27293,88.97,1,88.97,3.0,314,314,1,0.0,False
27296,4518.4696,2,2259.2348,2.0,87,400,2,0.9860616523789383,True
27297,782.99,1,782.99,1.0,463,463,1,1.0,True
27298,782.99,1,782.99,1.0,464,464,1,1.0,True
27301,68.97,1,68.97,3.0,67,67,1,0.0,False
27302,36.27,1,36.27,3.0,17,17,1,0.0,False
27305,1714.97,1,1714.97,3.0,15,15,2,0.9918482539053162,False
27307,68.97,1,68.97,3.0,165,165,1,0.0,False
27310,68.97,1,68.97,3.0,73,73,1,0.0,False
27311,33.98,1,33.98,2.0,165,165,1,0.0,False
27313,33.98,1,33.98,2.0,239,239,1,0.0,False
27316,2443.35,1,2443.35,1.0,302,302,1,1.0,False
27317,6.28,1,6.28,2.0,68,68,1,0.0,False
27319,1775.47,1,1775.47,3.0,5,5,2,0.958050544362901,False
27323,83.97,1,83.97,3.0,330,330,2,0.0,False
27326,83.97,1,83.97,3.0,166,166,2,0.0,False
27327,33.98,1,33.98,2.0,219,219,1,0.0,False
27329,39.98,1,39.98,2.0,198,198,1,0.0,False
27330,42.97,1,42.97,3.0,3,3,2,0.0,False
27333,28.99,1,28.99,1.0,65,65,1,0.0,False
27334,4.99,1,4.99,1.0,120,120,1,0.0,False
27337,11.94,1,11.94,2.0,124,124,1,0.0,False
27341,1322.98,2,661.49,1.0,229,408,1,1.0,True
27342,1348.46,2,674.23,2.0,228,412,2,0.9811043709120033,True
27344,69.99,1,69.99,1.0,223,223,1,0.0,False
27345,69.99,1,69.99,1.0,64,64,1,0.0,False
27346,1390.95,2,695.475,2.5,240,416,3,0.9511341169704158,True
27347,78.98,1,78.98,2.0,199,199,1,0.0,False
27350,69.99,1,69.99,1.0,273,273,1,0.0,False
27351,123.98,1,123.98,2.0,208,208,1,0.0,False
27352,1357.97,2,678.985,1.5,214,417,2,0.9742335986803832,True
27353,1371.95,2,685.975,2.5,204,424,2,0.9643062793833594,True
27354,1322.98,2,661.49,1.0,190,415,1,1.0,True
27355,1383.45,2,691.725,2.5,204,417,2,0.9562904333369475,True
27356,1336.96,2,668.48,2.0,207,399,2,0.9895434418382001,True
27357,69.99,1,69.99,1.0,105,105,1,0.0,False
27358,78.98,1,78.98,2.0,247,247,1,0.0,False
27359,1344.47,2,672.235,1.5,184,405,2,0.9840160063073181,True
27360,69.99,1,69.99,1.0,260,260,1,0.0,False
27361,69.99,1,69.99,1.0,102,102,1,0.0,False
27362,1407.45,2,703.725,2.5,209,398,3,0.9399836583892855,True
27363,132.97,1,132.97,3.0,174,174,1,0.0,False
27364,78.98,1,78.98,2.0,304,304,1,0.0,False
27366,1322.98,2,661.49,1.0,204,412,1,1.0,True
27367,69.99,1,69.99,1.0,144,144,1,0.0,False
27368,132.97,1,132.97,3.0,299,299,1,0.0,False
27369,78.98,1,78.98,2.0,224,224,1,0.0,False
27375,6.28,1,6.28,2.0,285,285,1,0.0,False
27376,6.28,1,6.28,2.0,47,47,1,0.0,False
27378,78.98,1,78.98,2.0,77,77,1,0.0,False
27379,152.47,1,152.47,4.0,147,147,2,0.0,False
27381,68.97,1,68.97,3.0,42,42,1,0.0,False
27382,36.27,1,36.27,3.0,261,261,1,0.0,False
27384,78.98,1,78.98,2.0,207,207,1,0.0,False
27385,68.97,1,68.97,3.0,105,105,1,0.0,False
27388,83.97,1,83.97,3.0,262,262,2,0.0,False
27389,28.99,1,28.99,1.0,299,299,1,0.0,False
27391,33.98,1,33.98,2.0,168,168,1,0.0,False
27393,123.98,1,123.98,2.0,293,293,1,0.0,False
27394,30.48,1,30.48,2.0,117,117,2,0.0,False
27397,33.43,1,33.43,3.0,37,37,1,0.0,False
27399,84.46,1,84.46,4.0,250,250,2,0.0,False
27401,69.99,1,69.99,1.0,244,244,1,0.0,False
27407,4490.479600000001,2,2245.2398000000003,1.5,72,423,2,0.9922079592567351,True
27411,23.78,1,23.78,2.0,209,209,1,0.0,False
27415,69.99,1,69.99,1.0,332,332,1,0.0,False
27420,69.99,1,69.99,1.0,324,324,1,0.0,False
27422,60.47,1,60.47,3.0,86,86,1,0.0,False
27425,2049.0982,1,2049.0982,1.0,427,427,1,1.0,True
27426,23.78,1,23.78,2.0,148,148,1,0.0,False
27427,4490.479600000001,2,2245.2398000000003,1.5,72,398,2,0.9922079592567351,True
27428,94.48,1,94.48,2.0,184,184,1,0.0,False
27430,33.43,1,33.43,3.0,159,159,1,0.0,False
27431,2049.0982,1,2049.0982,1.0,400,400,1,1.0,True
27432,27.77,1,27.77,3.0,48,48,1,0.0,False
27436,94.48,1,94.48,2.0,44,44,1,0.0,False
27440,4447.1482,2,2223.5741,2.0,76,424,2,0.9968564123858072,True
27443,23.78,1,23.78,2.0,247,247,1,0.0,False
27444,31.28,1,31.28,2.0,69,69,1,0.0,False
27447,4490.479600000001,2,2245.2398000000003,1.5,83,428,2,0.9922079592567351,True
27449,4482.138199999999,2,2241.0690999999997,2.5,86,427,2,0.9890744109585913,True
27450,4514.9696,2,2257.4848,2.0,79,401,3,0.9868260464035019,True
27451,37.43,1,37.43,3.0,152,152,2,0.0,False
27452,4544.4696,2,2272.2348,2.0,68,403,3,0.9804201572830414,True
27455,4532.9696,2,2266.4848,2.5,66,398,3,0.9829074521038041,True
27457,58.47,1,58.47,3.0,123,123,2,0.0,False
27460,4490.479600000001,2,2245.2398000000003,1.5,66,378,2,0.9922079592567351,True
27461,110.46,1,110.46,4.0,173,173,2,0.0,False
27464,6.28,1,6.28,2.0,103,103,1,0.0,False
27465,11.94,1,11.94,2.0,204,204,1,0.0,False
27467,2049.0982,1,2049.0982,1.0,375,375,1,1.0,True
27469,1331.97,2,665.985,1.5,6,401,2,0.9932505987372088,True
27470,1371.95,2,685.975,2.5,15,376,2,0.9643062793833594,True
27471,1386.48,2,693.24,1.5,4,377,2,0.9542005654607351,True
27473,1398.46,2,699.23,2.0,2,387,3,0.9460263432633039,True
27475,33.43,1,33.43,3.0,4,4,1,0.0,False
27476,25.48,1,25.48,2.0,36,36,1,0.0,False
27477,23.78,1,23.78,2.0,183,183,1,0.0,False
27478,27.77,1,27.77,3.0,265,265,1,0.0,False
27479,23.78,1,23.78,2.0,277,277,1,0.0,False
27488,1322.98,2,661.49,1.0,15,395,1,1.0,True
27492,1344.9099999999999,2,672.4549999999999,2.5,29,384,2,0.9836940761835364,True
27493,1353.46,2,676.73,2.0,19,393,3,0.977479940301154,True
27494,1952.45,2,976.225,2.5,62,370,2,0.9749186918999206,True
27495,35.0,1,35.0,1.0,103,103,1,0.0,False
27496,42.28,1,42.28,3.0,245,245,1,0.0,False
27498,1350.75,2,675.375,2.5,196,393,2,0.9794410512678142,True
27499,1331.97,2,665.985,1.5,203,392,2,0.9932505987372088,True
27500,1371.95,2,685.975,2.5,181,370,2,0.9643062793833594,True
27501,578.46,1,578.46,4.0,172,172,3,0.9334958337655153,False
27503,21.49,1,21.49,1.0,149,149,1,0.0,False
27506,33.43,1,33.43,3.0,168,168,1,0.0,False
27511,548.98,1,548.98,2.0,158,158,2,0.9836241757441072,False
27513,563.77,1,563.77,3.0,178,178,2,0.9578196782375792,False
27514,539.99,1,539.99,1.0,161,161,1,1.0,False
27515,539.99,1,539.99,1.0,182,182,1,1.0,False
27518,123.98,1,123.98,2.0,238,238,1,0.0,False
27519,78.98,1,78.98,2.0,30,30,1,0.0,False
27520,78.98,1,78.98,2.0,226,226,1,0.0,False
27521,4462.1582,2,2231.0791,1.5,85,369,2,0.9935031438374373,True
27522,69.99,1,69.99,1.0,150,150,1,0.0,False
27524,2049.0982,1,2049.0982,1.0,372,372,1,1.0,True
27526,23.78,1,23.78,2.0,283,283,1,0.0,False
27527,4514.9696,2,2257.4848,2.0,71,380,3,0.9868260464035019,True
27528,88.97,1,88.97,3.0,111,111,1,0.0,False
27530,47.96,1,47.96,4.0,281,281,1,0.0,False
27531,2071.4196,1,2071.4196,1.0,383,383,1,1.0,True
27533,25.48,1,25.48,2.0,258,258,1,0.0,False
27536,782.99,1,782.99,1.0,400,400,1,1.0,True
27539,4468.1582,2,2234.0791,1.5,36,369,2,0.992169032869069,True
27542,4532.9696,2,2266.4848,2.5,32,389,3,0.9829074521038041,True
27543,4468.1582,2,2234.0791,1.5,47,386,2,0.992169032869069,True
27546,2049.0982,1,2049.0982,1.0,374,374,1,1.0,True
27547,2071.4196,1,2071.4196,1.0,392,392,1,1.0,True
27551,2049.0982,1,2049.0982,1.0,389,389,1,1.0,True
27556,2049.0982,1,2049.0982,1.0,369,369,1,1.0,True
27559,2049.0982,1,2049.0982,1.0,371,371,1,1.0,True
27561,84.96,1,84.96,4.0,307,307,2,0.0,False
27563,84.96,1,84.96,4.0,185,185,2,0.0,False
27568,4490.479600000001,2,2245.2398000000003,1.5,54,370,2,0.9922079592567351,True
27570,4518.4696,2,2259.2348,2.0,52,391,2,0.9860616523789383,True
27571,4484.479600000001,2,2242.2398000000003,1.5,41,368,2,0.9935354817981557,True
27572,4490.479600000001,2,2245.2398000000003,1.5,40,386,2,0.9922079592567351,True
27574,4456.138199999999,2,2228.0690999999997,2.5,53,378,3,0.9948453124725801,True
27575,2071.4196,1,2071.4196,1.0,395,395,1,1.0,True
27577,3578.27,1,3578.27,1.0,1089,1089,1,1.0,True
27581,539.99,1,539.99,1.0,142,142,1,1.0,False
27584,599.47,1,599.47,3.0,131,131,3,0.9007790214689643,False
27585,562.96,1,562.96,4.0,138,138,3,0.9591978115674292,False
27588,15.23,1,15.23,3.0,37,37,1,0.0,False
27589,1183.47,1,1183.47,3.0,29,29,2,0.9467836109069093,False
27595,64.47,1,64.47,3.0,12,12,2,0.0,False
27598,556.26,1,556.26,4.0,120,120,2,0.9707510876208967,False
27600,23.78,1,23.78,2.0,74,74,1,0.0,False
27601,3578.27,1,3578.27,1.0,1093,1093,1,1.0,True
27604,3578.27,1,3578.27,1.0,1088,1088,1,1.0,True
27605,3578.27,1,3578.27,1.0,1069,1069,1,1.0,True
27606,5997.33,2,2998.665,1.5,41,1094,2,0.9941657370863368,True
27608,33.98,1,33.98,2.0,56,56,1,0.0,False
27609,36.27,1,36.27,3.0,181,181,1,0.0,False
27610,42.97,1,42.97,3.0,226,226,1,0.0,False
27614,3578.27,1,3578.27,1.0,1079,1079,1,1.0,True
27615,5998.610000000001,2,2999.3050000000003,2.5,52,1075,2,0.9939535992504931,True
27616,5998.610000000001,2,2999.3050000000003,2.5,51,1095,2,0.9939535992504931,True
27617,5976.32,2,2988.16,2.0,33,1083,2,0.9976607678303706,True
27618,68.97,1,68.97,3.0,149,149,1,0.0,False
27621,5971.33,2,2985.665,1.5,40,1095,2,0.9984944727556508,True
27622,28.99,1,28.99,1.0,119,119,1,0.0,False
27623,5984.27,2,2992.135,2.5,54,1084,2,0.9963353926209881,True
27630,42.97,1,42.97,3.0,225,225,2,0.0,False
27635,93.46,1,93.46,4.0,15,15,2,0.0,False
27639,21.49,1,21.49,1.0,155,155,1,0.0,False
27641,5962.34,2,2981.17,1.0,62,1067,1,1.0,True
27643,54.98,1,54.98,2.0,79,79,2,0.0,False
27645,6051.3099999999995,2,3025.6549999999997,2.5,41,1096,2,0.9852973984145583,True
27646,5997.33,2,2998.665,1.5,40,1082,2,0.9941657370863368,True
27648,23.78,1,23.78,2.0,171,171,1,0.0,False
27652,75.47,1,75.47,3.0,147,147,2,0.0,False
27653,128.97,1,128.97,3.0,226,226,1,0.0,False
27656,69.99,1,69.99,1.0,147,147,1,0.0,False
27658,27.77,1,27.77,3.0,271,271,1,0.0,False
27659,75.48,1,75.48,2.0,336,336,2,0.0,False
27661,23.78,1,23.78,2.0,309,309,1,0.0,False
27662,5997.33,2,2998.665,1.5,58,1071,2,0.9941657370863368,True
27665,21.49,1,21.49,1.0,216,216,1,0.0,False
27666,3578.27,1,3578.27,1.0,1089,1089,1,1.0,True
27668,6006.5599999999995,2,3003.2799999999997,3.0,49,1092,2,0.9926380490663542,True
27670,5976.32,2,2988.16,2.0,57,1083,2,0.9976607678303706,True
27671,5997.33,2,2998.665,1.5,47,1086,2,0.9941657370863368,True
27672,3578.27,1,3578.27,1.0,858,858,1,1.0,True
27674,23.78,1,23.78,2.0,132,132,1,0.0,False
27679,31.73,1,31.73,3.0,154,154,1,0.0,False
27681,3578.27,1,3578.27,1.0,1049,1049,1,1.0,True
27682,23.78,1,23.78,2.0,35,35,1,0.0,False
27684,60.47,1,60.47,3.0,118,118,1,0.0,False
27685,74.98,1,74.98,3.0,17,17,1,0.0,False
27687,1183.47,1,1183.47,3.0,8,8,2,0.9467836109069093,False
27688,166.28,1,166.28,3.0,336,336,1,0.0,False
27689,539.99,1,539.99,1.0,108,108,1,1.0,False
27691,603.49,1,603.49,2.0,116,116,2,0.8947787038724752,False
27692,603.49,1,603.49,2.0,120,120,2,0.8947787038724752,False
27696,1183.47,1,1183.47,3.0,23,23,2,0.9467836109069093,False
27699,1155.48,1,1155.48,2.0,11,11,2,0.9697182123446533,False
27700,39.98,1,39.98,2.0,233,233,1,0.0,False
27701,1155.48,1,1155.48,2.0,10,10,2,0.9697182123446533,False
27703,4.99,1,4.99,1.0,191,191,1,0.0,False
27704,42.28,1,42.28,3.0,296,296,1,0.0,False
27706,553.97,1,553.97,3.0,113,113,2,0.9747639763886131,False
27709,628.97,1,628.97,3.0,119,119,3,0.8585306135427763,False
27710,563.77,1,563.77,3.0,81,81,2,0.9578196782375792,False
27712,1174.48,1,1174.48,2.0,4,4,2,0.9540307199782031,False
27715,1147.77,1,1147.77,3.0,23,23,2,0.9762321719508265,False
27716,7.28,1,7.28,2.0,184,184,1,0.0,False
27718,58.98,1,58.98,2.0,202,202,2,0.0,False
27719,599.47,1,599.47,3.0,86,86,3,0.9007790214689643,False
27720,39.98,1,39.98,2.0,303,303,1,0.0,False
27721,166.28,1,166.28,3.0,68,68,1,0.0,False
27722,564.21,1,564.21,5.0,83,83,2,0.9570727211499264,False
27723,1155.48,1,1155.48,2.0,10,10,2,0.9697182123446533,False
27729,12.98,1,12.98,2.0,322,322,2,0.0,False
27731,69.99,1,69.99,1.0,18,18,1,0.0,False
27733,157.29,1,157.29,3.0,18,18,1,0.0,False
27736,60.47,1,60.47,3.0,29,29,1,0.0,False
27738,78.98,1,78.98,2.0,101,101,1,0.0,False
27744,643.95,1,643.95,5.0,343,343,3,0.8385588943240935,False
27746,628.97,1,628.97,4.0,306,306,3,0.8585306135427763,False
27747,84.96,1,84.96,4.0,29,29,2,0.0,False
27752,3578.27,1,3578.27,1.0,864,864,1,1.0,True
27754,23.78,1,23.78,2.0,130,130,1,0.0,False
27760,1169.46,1,1169.46,4.0,214,214,2,0.9581259726711473,False
27762,574.98,1,574.98,2.0,54,54,2,0.9391457094159796,False
27765,742.35,1,742.35,1.0,344,344,1,1.0,False
27766,827.33,1,827.33,3.0,361,361,3,0.8972840341822489,False
27769,776.33,1,776.33,3.0,68,68,2,0.9562299537567787,False
27771,777.34,1,777.34,2.0,86,86,2,0.9549875215478426,False
27772,123.48,1,123.48,3.0,298,298,2,0.0,False
27773,777.34,1,777.34,2.0,40,40,2,0.9549875215478426,False
27776,751.34,1,751.34,2.0,47,47,2,0.9880347113157825,False
27777,778.62,1,778.62,4.0,313,313,2,0.9534175849580027,False
27778,539.99,1,539.99,1.0,151,151,1,1.0,False
27779,39.98,1,39.98,2.0,45,45,1,0.0,False
27782,47.97,1,47.97,3.0,308,308,2,0.0,False
27784,751.34,1,751.34,2.0,40,40,2,0.9880347113157825,False
27785,38.98,1,38.98,2.0,159,159,1,0.0,False
27786,574.98,1,574.98,2.0,116,116,2,0.9391457094159796,False
27788,6.28,1,6.28,2.0,294,294,1,0.0,False
27789,553.97,1,553.97,3.0,122,122,2,0.9747639763886131,False
27790,562.96,1,562.96,4.0,116,116,3,0.9591978115674292,False
27791,777.34,1,777.34,2.0,303,303,2,0.9549875215478426,False
27794,25.48,1,25.48,2.0,302,302,1,0.0,False
27800,1120.49,1,1120.49,1.0,331,331,1,1.0,False
27803,39.98,1,39.98,2.0,231,231,1,0.0,False
27805,48.97,1,48.97,3.0,49,49,2,0.0,False
27809,1164.47,1,1164.47,3.0,165,165,3,0.9622317449139952,False
27812,39.98,1,39.98,2.0,134,134,1,0.0,False
27814,182.78,1,182.78,3.0,289,289,1,0.0,False
27816,48.97,1,48.97,3.0,220,220,2,0.0,False
27817,563.77,1,563.77,3.0,13,13,2,0.9578196782375792,False
27818,607.96,1,607.96,4.0,3,3,3,0.8881998815711559,False
27819,2419.06,1,2419.06,2.0,350,350,2,0.9855357039511216,False
27821,2428.05,1,2428.05,3.0,321,321,3,0.9818866992030644,False
27822,34.47,1,34.47,3.0,159,159,2,0.0,False
27827,25.48,1,25.48,2.0,53,53,1,0.0,False
27830,60.47,1,60.47,3.0,52,52,1,0.0,False
27832,21.49,1,21.49,1.0,141,141,1,0.0,False
27835,43.46,1,43.46,4.0,310,310,2,0.0,False
27836,4.99,1,4.99,1.0,288,288,1,0.0,False
27837,60.47,1,60.47,3.0,318,318,1,0.0,False
27838,30.48,1,30.48,2.0,36,36,2,0.0,False
27841,60.47,1,60.47,3.0,286,286,1,0.0,False
27842,23.78,1,23.78,2.0,185,185,1,0.0,False
27844,89.97,1,89.97,3.0,195,195,2,0.0,False
27846,791.32,1,791.32,4.0,27,27,2,0.9381160592427842,False
27847,23.78,1,23.78,2.0,195,195,1,0.0,False
27848,27.77,1,27.77,3.0,63,63,1,0.0,False
27850,72.96,1,72.96,4.0,278,278,2,0.0,False
27852,574.98,1,574.98,2.0,110,110,2,0.9391457094159796,False
27854,750.3,1,750.3,2.0,28,28,2,0.989404238304678,False
27858,75.47,1,75.47,3.0,163,163,2,0.0,False
27860,615.47,1,615.47,3.0,9,9,3,0.8773620160202772,False
27861,539.99,1,539.99,1.0,10,10,1,1.0,False
27862,548.98,1,548.98,2.0,9,9,2,0.9836241757441072,False
27864,2447.05,1,2447.05,3.0,211,211,2,0.9742628879671443,False
27865,2419.06,1,2419.06,2.0,206,206,2,0.9855357039511216,False
27866,2398.05,1,2398.05,3.0,177,177,2,0.9941702633389631,False
27867,2443.55,1,2443.55,3.0,145,145,3,0.9756583659020689,False
27869,2462.55,1,2462.55,3.0,68,68,2,0.9681305963330695,False
27870,2419.06,1,2419.06,2.0,48,48,2,0.9855357039511216,False
27871,2384.07,1,2384.07,1.0,7,7,1,1.0,False
27873,1249.84,1,1249.84,2.0,367,367,2,0.9720044165653203,True
27874,1288.31,1,1288.31,5.0,294,294,3,0.9429795623724103,False
27875,1268.84,1,1268.84,2.0,294,294,2,0.9574493237918098,False
27877,1228.83,1,1228.83,3.0,172,172,2,0.9886233246258637,False
27878,1283.82,1,1283.82,4.0,149,149,2,0.9462775155395616,False
27880,2393.06,1,2393.06,2.0,263,263,2,0.9962433035527736,False
27881,777.34,1,777.34,2.0,14,14,2,0.9549875215478426,False
27882,791.32,1,791.32,4.0,262,262,2,0.9381160592427842,False
27885,603.49,1,603.49,2.0,93,93,2,0.8947787038724752,False
27886,39.98,1,39.98,2.0,54,54,1,0.0,False
27887,39.47,1,39.47,3.0,239,239,2,0.0,False
27888,22.93,1,22.93,3.0,13,13,1,0.0,False
27890,561.48,1,561.48,2.0,109,109,2,0.9617261523117475,False
27891,597.95,1,597.95,5.0,108,108,3,0.9030688184630822,False
27894,548.98,1,548.98,2.0,73,73,2,0.9836241757441072,False
27895,811.32,1,811.32,4.0,15,15,2,0.9149903860375683,False
27897,750.3,1,750.3,2.0,219,219,2,0.989404238304678,False
27898,751.34,1,751.34,2.0,17,17,2,0.9880347113157825,False
27899,777.34,1,777.34,2.0,21,21,2,0.9549875215478426,False
27900,777.34,1,777.34,2.0,226,226,2,0.9549875215478426,False
27902,1174.48,1,1174.48,2.0,153,153,2,0.9540307199782031,False
27903,38.88,1,38.88,3.0,277,277,1,0.0,False
27905,21.49,1,21.49,1.0,195,195,1,0.0,False
27910,574.98,1,574.98,2.0,320,320,2,0.9391457094159796,False
27913,4.99,1,4.99,1.0,141,141,1,0.0,False
27915,39.98,1,39.98,2.0,76,76,1,0.0,False
27916,39.98,1,39.98,2.0,8,8,1,0.0,False
27917,3578.27,1,3578.27,1.0,1046,1046,1,1.0,True
27919,6016.33,2,3008.165,1.5,60,1037,2,0.9910260906565963,True
27920,5997.33,2,2998.665,1.5,53,1049,2,0.9941657370863368,True
27921,7.28,1,7.28,2.0,133,133,1,0.0,False
27924,2525.94,1,2525.94,3.0,276,276,3,0.9673032613601275,False
27927,3.99,1,3.99,1.0,6,6,1,0.0,False
27929,3.99,1,3.99,1.0,282,282,1,0.0,False
27930,36.27,1,36.27,3.0,273,273,1,0.0,False
27931,7.28,1,7.28,2.0,38,38,1,0.0,False
27933,12.94,1,12.94,2.0,40,40,1,0.0,False
27934,4.99,1,4.99,1.0,17,17,1,0.0,False
27937,2641.23,1,2641.23,5.0,287,287,2,0.9250803602866847,False
27939,92.97,1,92.97,3.0,264,264,2,0.0,False
27940,38.98,1,38.98,2.0,233,233,1,0.0,False
27941,15.23,1,15.23,3.0,189,189,1,0.0,False
27943,2443.35,1,2443.35,1.0,255,255,1,1.0,False
27944,2578.91,1,2578.91,6.0,216,216,3,0.9474351567134955,False
27947,4.99,1,4.99,1.0,63,63,1,0.0,False
27949,553.97,1,553.97,3.0,360,360,2,0.9747639763886131,False
27950,4.99,1,4.99,1.0,54,54,1,0.0,False
27951,2334.97,1,2334.97,3.0,16,16,2,0.9935845000149897,False
27956,553.97,1,553.97,3.0,312,312,2,0.9747639763886131,False
27957,6.28,1,6.28,2.0,274,274,1,0.0,False
27959,54.98,1,54.98,2.0,151,151,2,0.0,False
27960,7.28,1,7.28,2.0,254,254,1,0.0,False
27964,6.28,1,6.28,2.0,240,240,1,0.0,False
27965,565.47,1,565.47,3.0,296,296,2,0.9549401382920403,False
27969,599.47,1,599.47,3.0,35,35,3,0.9007790214689643,False
27970,64.47,1,64.47,3.0,270,270,2,0.0,False
27972,67.93,1,67.93,3.0,37,37,1,0.0,False
27974,553.97,1,553.97,3.0,44,44,2,0.9747639763886131,False
27975,83.47,1,83.47,3.0,110,110,2,0.0,False
27977,553.97,1,553.97,3.0,51,51,2,0.9747639763886131,False
27979,4.99,1,4.99,1.0,150,150,1,0.0,False
27983,539.99,1,539.99,1.0,60,60,1,1.0,False
27985,539.99,1,539.99,1.0,43,43,1,1.0,False
27986,553.97,1,553.97,3.0,21,21,2,0.9747639763886131,False
27987,553.97,1,553.97,3.0,26,26,2,0.9747639763886131,False
27994,7.28,1,7.28,2.0,129,129,1,0.0,False
27997,4.99,1,4.99,1.0,59,59,1,0.0,False
27998,144.47,1,144.47,3.0,111,111,1,0.0,False
27999,102.96,1,102.96,4.0,50,50,2,0.0,False
28001,39.98,1,39.98,2.0,78,78,1,0.0,False
28002,39.98,1,39.98,2.0,273,273,1,0.0,False
28003,4.99,1,4.99,1.0,313,313,1,0.0,False
28004,7.28,1,7.28,2.0,259,259,1,0.0,False
28005,7.28,1,7.28,2.0,278,278,1,0.0,False
28006,7.28,1,7.28,2.0,204,204,1,0.0,False
28008,7.28,1,7.28,2.0,159,159,1,0.0,False
28011,7.28,1,7.28,2.0,250,250,1,0.0,False
28012,7.28,1,7.28,2.0,129,129,1,0.0,False
28014,3578.27,1,3578.27,1.0,1060,1060,1,1.0,True
28015,29.48,1,29.48,2.0,217,217,2,0.0,False
28016,2.29,1,2.29,1.0,81,81,1,0.0,False
28017,3578.27,1,3578.27,1.0,1053,1053,1,1.0,True
28018,3578.27,1,3578.27,1.0,1065,1065,1,1.0,True
28019,7.28,1,7.28,2.0,9,9,1,0.0,False
28022,3578.27,1,3578.27,1.0,1049,1049,1,1.0,True
28026,7.28,1,7.28,2.0,33,33,1,0.0,False
28028,64.47,1,64.47,3.0,266,266,2,0.0,False
28030,5971.33,2,2985.665,1.5,40,1054,2,0.9984944727556508,True
28031,6047.32,2,3023.66,2.0,41,1057,3,0.9859474940965586,True
28033,25.48,1,25.48,2.0,61,61,1,0.0,False
28036,3578.27,1,3578.27,1.0,880,880,1,1.0,True
28037,34.47,1,34.47,3.0,16,16,2,0.0,False
28038,5985.3099999999995,2,2992.6549999999997,2.5,39,1063,3,0.9961622706259159,True
28039,3578.27,1,3578.27,1.0,1055,1055,1,1.0,True
28040,3578.27,1,3578.27,1.0,1056,1056,1,1.0,True
28043,39.98,1,39.98,2.0,250,250,1,0.0,False
28044,3578.27,1,3578.27,1.0,1048,1048,1,1.0,True
28045,119.98,1,119.98,2.0,114,114,1,0.0,False
28046,69.99,1,69.99,1.0,17,17,1,0.0,False
28047,3578.27,1,3578.27,1.0,1049,1049,1,1.0,True
28048,84.47,1,84.47,3.0,60,60,2,0.0,False
28050,21.49,1,21.49,1.0,81,81,1,0.0,False
28052,67.93,1,67.93,3.0,56,56,1,0.0,False
28053,68.97,1,68.97,3.0,259,259,2,0.0,False
28054,25.48,1,25.48,2.0,275,275,1,0.0,False
28055,75.48,1,75.48,2.0,197,197,2,0.0,False
28057,21.49,1,21.49,1.0,280,280,1,0.0,False
28058,21.49,1,21.49,1.0,27,27,1,0.0,False
28059,82.47,1,82.47,4.0,160,160,2,0.0,False
28060,39.98,1,39.98,2.0,144,144,1,0.0,False
28061,6006.32,2,3003.16,2.0,59,1048,3,0.9926777128091744,True
28063,6026.3099999999995,2,3013.1549999999997,2.5,59,1055,3,0.9893848806317631,True
28064,5962.34,2,2981.17,1.0,54,1041,1,1.0,True
28065,5997.33,2,2998.665,1.5,45,1062,2,0.9941657370863368,True
28066,5997.33,2,2998.665,1.5,36,1066,2,0.9941657370863368,True
28067,5997.33,2,2998.665,1.5,42,1056,2,0.9941657370863368,True
28069,553.97,1,553.97,3.0,33,33,2,0.9747639763886131,False
28071,5971.33,2,2985.665,1.5,20,1056,2,0.9984944727556508,True
28073,7.28,1,7.28,2.0,220,220,1,0.0,False
28076,5997.33,2,2998.665,1.5,6,1057,2,0.9941657370863368,True
28081,25.48,1,25.48,2.0,16,16,1,0.0,False
28082,60.47,1,60.47,3.0,303,303,1,0.0,False
28083,5962.34,2,2981.17,1.0,5,1052,1,1.0,True
28087,7.28,1,7.28,2.0,215,215,1,0.0,False
28089,15.23,1,15.23,3.0,109,109,1,0.0,False
28090,39.98,1,39.98,2.0,273,273,1,0.0,False
28094,2.29,1,2.29,1.0,312,312,1,0.0,False
28096,3578.27,1,3578.27,1.0,1021,1021,1,1.0,True
28099,6021.82,2,3010.91,2.0,4,1010,3,0.9901225875233735,True
28100,49.97,1,49.97,3.0,140,140,2,0.0,False
28102,1299.83,1,1299.83,3.0,3,3,3,0.9346222198287468,False
28105,7.28,1,7.28,2.0,111,111,1,0.0,False
28106,12.94,1,12.94,2.0,259,259,1,0.0,False
28107,810.32,1,810.32,4.0,319,319,3,0.9161195577055977,False
28108,751.34,1,751.34,2.0,298,298,2,0.9880347113157825,False
28110,845.31,1,845.31,5.0,293,293,3,0.8781985307165419,False
28112,3578.27,1,3578.27,1.0,1029,1029,1,1.0,True
28114,570.47,1,570.47,3.0,308,308,3,0.9465703717986923,False
28115,562.96,1,562.96,4.0,296,296,3,0.9591978115674292,False
28116,617.47,1,617.47,4.0,251,251,3,0.8745202196058108,False
28118,588.96,1,588.96,4.0,8,8,2,0.9168534365661505,False
28120,539.99,1,539.99,1.0,24,24,1,1.0,False
28121,119.98,1,119.98,2.0,54,54,1,0.0,False
28124,21.26,1,21.26,4.0,32,32,1,0.0,False
28125,4.99,1,4.99,1.0,17,17,1,0.0,False
28126,13.98,1,13.98,2.0,265,265,2,0.0,False
28127,4.99,1,4.99,1.0,267,267,1,0.0,False
28128,12.94,1,12.94,2.0,29,29,1,0.0,False
28133,574.98,1,574.98,2.0,30,30,2,0.9391457094159796,False
28135,548.98,1,548.98,2.0,28,28,2,0.9836241757441072,False
28136,2384.07,1,2384.07,1.0,362,362,1,1.0,False
28139,127.28,1,127.28,3.0,120,120,1,0.0,False
28140,39.98,1,39.98,2.0,2,2,1,0.0,False
28141,94.48,1,94.48,2.0,311,311,1,0.0,False
28143,13.98,1,13.98,2.0,287,287,2,0.0,False
28144,15.23,1,15.23,3.0,166,166,1,0.0,False
28146,60.47,1,60.47,3.0,176,176,1,0.0,False
28149,3578.27,1,3578.27,1.0,1020,1020,1,1.0,True
28150,3578.27,1,3578.27,1.0,1021,1021,1,1.0,True
28151,4.99,1,4.99,1.0,185,185,1,0.0,False
28153,570.47,1,570.47,3.0,57,57,3,0.9465703717986923,False
28155,5962.34,2,2981.17,1.0,26,1013,1,1.0,True
28158,5997.33,2,2998.665,1.5,6,1026,2,0.9941657370863368,True
28159,5978.610000000001,2,2989.3050000000003,2.5,6,1020,2,0.9972786316551842,True
28160,574.98,1,574.98,2.0,34,34,2,0.9391457094159796,False
28161,3578.27,1,3578.27,1.0,872,872,1,1.0,True
28162,3578.27,1,3578.27,1.0,1019,1019,1,1.0,True
28163,3578.27,1,3578.27,1.0,1013,1013,1,1.0,True
28165,3578.27,1,3578.27,1.0,871,871,1,1.0,True
28166,3578.27,1,3578.27,1.0,1016,1016,1,1.0,True
28169,3578.27,1,3578.27,1.0,869,869,1,1.0,True
28172,3578.27,1,3578.27,1.0,1033,1033,1,1.0,True
28173,3578.27,1,3578.27,1.0,857,857,1,1.0,True
28175,7.28,1,7.28,2.0,309,309,1,0.0,False
28178,3578.27,1,3578.27,1.0,877,877,1,1.0,True
28180,3578.27,1,3578.27,1.0,1017,1017,1,1.0,True
28183,3578.27,1,3578.27,1.0,1029,1029,1,1.0,True
28187,39.98,1,39.98,2.0,170,170,1,0.0,False
28190,5997.33,2,2998.665,1.5,26,1011,2,0.9941657370863368,True
28191,5997.33,2,2998.665,1.5,28,1014,2,0.9941657370863368,True
28193,6016.33,2,3008.165,1.5,9,1030,2,0.9910260906565963,True
28194,6114.8099999999995,2,3057.4049999999997,3.0,10,1009,3,0.9750654558359132,True
28195,574.98,1,574.98,2.0,25,25,2,0.9391457094159796,False
28198,3578.27,1,3578.27,1.0,871,871,1,1.0,True
28199,3578.27,1,3578.27,1.0,1003,1003,1,1.0,True
28201,2419.06,1,2419.06,2.0,345,345,2,0.9855357039511216,False
28204,2419.06,1,2419.06,2.0,364,364,2,0.9855357039511216,False
28205,603.49,1,603.49,2.0,248,248,2,0.8947787038724752,False
28206,2398.05,1,2398.05,3.0,340,340,2,0.9941702633389631,False
28207,2461.55,1,2461.55,4.0,359,359,3,0.9685238975442304,False
28210,564.48,1,564.48,2.0,259,259,2,0.9566149376417233,False
28212,619.46,1,619.46,4.0,255,255,3,0.8717108449294546,False
28213,39.98,1,39.98,2.0,141,141,1,0.0,False
28214,59.98,1,59.98,2.0,91,91,1,0.0,False
28217,2408.29,1,2408.29,5.0,308,308,2,0.9899430716400436,False
28220,13.98,1,13.98,2.0,44,44,2,0.0,False
28222,3578.27,1,3578.27,1.0,1005,1005,1,1.0,True
28225,60.47,1,60.47,3.0,178,178,1,0.0,False
28226,60.47,1,60.47,3.0,332,332,1,0.0,False
28229,27.77,1,27.77,3.0,131,131,1,0.0,False
28230,25.48,1,25.48,2.0,221,221,1,0.0,False
28232,143.78,1,143.78,3.0,179,179,1,0.0,False
28233,21.49,1,21.49,1.0,228,228,1,0.0,False
28237,33.43,1,33.43,3.0,335,335,1,0.0,False
28240,5998.610000000001,2,2999.3050000000003,2.5,8,992,2,0.9939535992504931,True
28241,130.46,1,130.46,4.0,299,299,2,0.0,False
28242,7.28,1,7.28,2.0,139,139,1,0.0,False
28243,6060.83,2,3030.415,2.0,8,998,3,0.9837497504467211,True
28247,5962.34,2,2981.17,1.0,15,978,1,1.0,True
28248,4.99,1,4.99,1.0,312,312,1,0.0,False
28251,4.99,1,4.99,1.0,199,199,1,0.0,False
28256,29.48,1,29.48,2.0,217,217,2,0.0,False
28259,6118.610000000001,2,3059.3050000000003,3.0,8,997,2,0.9744598854968695,True
28264,5997.33,2,2998.665,1.5,19,979,2,0.9941657370863368,True
28265,39.98,1,39.98,2.0,32,32,1,0.0,False
28266,4.99,1,4.99,1.0,272,272,1,0.0,False
28267,64.47,1,64.47,3.0,305,305,2,0.0,False
28270,3578.27,1,3578.27,1.0,985,985,1,1.0,True
28275,39.98,1,39.98,2.0,15,15,1,0.0,False
28276,64.47,1,64.47,3.0,109,109,2,0.0,False
28279,7.28,1,7.28,2.0,234,234,1,0.0,False
28280,4.99,1,4.99,1.0,126,126,1,0.0,False
28282,4.99,1,4.99,1.0,173,173,1,0.0,False
28285,5997.33,2,2998.665,1.5,12,997,2,0.9941657370863368,True
28288,6039.3,2,3019.65,3.0,3,978,3,0.9872568012849172,True
28289,54.98,1,54.98,2.0,14,14,2,0.0,False
28291,39.98,1,39.98,2.0,107,107,1,0.0,False
28295,3578.27,1,3578.27,1.0,979,979,1,1.0,True
28296,5997.33,2,2998.665,1.5,18,994,2,0.9941657370863368,True
28303,74.98,1,74.98,3.0,165,165,1,0.0,False
28304,91.97,1,91.97,3.0,298,298,1,0.0,False
28305,29.48,1,29.48,2.0,83,83,2,0.0,False
28306,4.99,1,4.99,1.0,153,153,1,0.0,False
28308,588.96,1,588.96,4.0,241,241,2,0.9168534365661505,False
28309,2419.06,1,2419.06,2.0,313,313,2,0.9855357039511216,False
28312,574.98,1,574.98,2.0,231,231,2,0.9391457094159796,False
28315,556.93,1,556.93,3.0,204,204,2,0.9695832510369345,False
28316,539.99,1,539.99,1.0,212,212,1,1.0,False
28319,556.93,1,556.93,3.0,192,192,2,0.9695832510369345,False
28320,539.99,1,539.99,1.0,200,200,1,1.0,False
28321,599.47,1,599.47,3.0,187,187,3,0.9007790214689643,False
28323,2384.07,1,2384.07,1.0,319,319,1,1.0,False
28324,548.98,1,548.98,2.0,190,190,2,0.9836241757441072,False
28325,574.98,1,574.98,2.0,214,214,2,0.9391457094159796,False
28326,2442.54,1,2442.54,4.0,320,320,3,0.9760618045149724,False
28327,2407.04,1,2407.04,4.0,318,318,3,0.9904571590002662,False
28329,6.28,1,6.28,2.0,111,111,1,0.0,False
28330,10.24,1,10.24,2.0,283,283,1,0.0,False
28331,53.99,1,53.99,1.0,298,298,1,0.0,False
28335,62.98,1,62.98,2.0,84,84,1,0.0,False
28337,59.98,1,59.98,2.0,22,22,1,0.0,False
28338,47.97,1,47.97,3.0,208,208,2,0.0,False
28341,128.97,1,128.97,3.0,125,125,1,0.0,False
28344,53.99,1,53.99,1.0,269,269,1,0.0,False
28345,4.99,1,4.99,1.0,203,203,1,0.0,False
28351,574.98,1,574.98,2.0,164,164,2,0.9391457094159796,False
28352,562.96,1,562.96,4.0,175,175,3,0.9591978115674292,False
28353,548.98,1,548.98,2.0,155,155,2,0.9836241757441072,False
28354,3578.27,1,3578.27,1.0,857,857,1,1.0,True
28355,3578.27,1,3578.27,1.0,988,988,1,1.0,True
28356,59.98,1,59.98,2.0,104,104,1,0.0,False
28357,133.49,1,133.49,2.0,12,12,1,0.0,False
28359,78.98,1,78.98,2.0,176,176,1,0.0,False
28360,7.28,1,7.28,2.0,212,212,1,0.0,False
28361,13.98,1,13.98,2.0,80,80,2,0.0,False
28363,3578.27,1,3578.27,1.0,877,877,1,1.0,True
28366,578.46,1,578.46,4.0,79,79,3,0.9334958337655153,False
28367,600.46,1,600.46,4.0,81,81,2,0.8992938746960664,False
28368,791.32,1,791.32,4.0,2,2,2,0.9381160592427842,False
28372,607.96,1,607.96,4.0,64,64,3,0.8881998815711559,False
28373,38.88,1,38.88,3.0,147,147,1,0.0,False
28374,68.97,1,68.97,3.0,297,297,1,0.0,False
28375,567.76,1,567.76,4.0,57,57,2,0.9510884880935607,False
28377,2433.04,1,2433.04,4.0,237,237,2,0.9798729161871571,False
28378,38.88,1,38.88,3.0,9,9,1,0.0,False
28381,92.96,1,92.96,4.0,107,107,2,0.0,False
28382,786.33,1,786.33,3.0,197,197,3,0.9440692838884438,False
28385,71.58,1,71.58,3.0,10,10,1,0.0,False
28386,600.46,1,600.46,4.0,57,57,2,0.8992938746960664,False
28388,751.34,1,751.34,2.0,195,195,2,0.9880347113157825,False
28391,32.6,1,32.6,1.0,318,318,1,0.0,False
28392,23.78,1,23.78,2.0,329,329,1,0.0,False
28393,4539.46,2,2269.73,2.0,151,1068,3,0.9903116229683708,True
28394,4555.469999999999,2,2277.7349999999997,1.5,132,1041,2,0.9923191240420857,True
28395,4554.46,2,2277.23,2.0,111,1036,2,0.9870500564282045,True
28398,71.58,1,71.58,3.0,174,174,1,0.0,False
28400,777.34,1,777.34,2.0,205,205,2,0.9549875215478426,False
28401,3374.99,1,3374.99,1.0,1015,1015,1,1.0,True
28402,71.58,1,71.58,3.0,321,321,1,0.0,False
28403,2419.06,1,2419.06,2.0,217,217,2,0.9855357039511216,False
28404,56.95,1,56.95,5.0,80,80,2,0.0,False
28408,23.78,1,23.78,2.0,238,238,1,0.0,False
28410,60.47,1,60.47,3.0,313,313,1,0.0,False
28411,134.95,1,134.95,5.0,308,308,2,0.0,False
28412,45.58,1,45.58,3.0,310,310,2,0.0,False
28416,2442.03,1,2442.03,5.0,214,214,3,0.9762656478421644,False
28417,2426.0,1,2426.0,4.0,209,209,2,0.982716405605936,False
28418,4539.46,2,2269.73,2.0,99,937,3,0.9903116229683708,True
28420,4534.46,2,2267.23,2.0,78,892,2,0.9969169427010053,True
28421,776.33,1,776.33,3.0,201,201,2,0.9562299537567787,False
28423,33.98,1,33.98,2.0,288,288,1,0.0,False
28424,564.48,1,564.48,2.0,47,47,2,0.9566149376417233,False
28425,588.96,1,588.96,4.0,59,59,2,0.9168534365661505,False
28428,603.49,1,603.49,2.0,40,40,2,0.8947787038724752,False
28430,42.97,1,42.97,3.0,147,147,2,0.0,False
28431,197.88,1,197.88,4.0,131,131,1,0.0,False
28432,28.99,1,28.99,1.0,62,62,1,0.0,False
28436,617.47,1,617.47,4.0,60,60,3,0.8745202196058108,False
28437,567.76,1,567.76,4.0,30,30,2,0.9510884880935607,False
28442,69.99,1,69.99,1.0,278,278,1,0.0,False
28444,123.98,1,123.98,2.0,285,285,1,0.0,False
28445,33.98,1,33.98,2.0,50,50,1,0.0,False
28447,69.99,1,69.99,1.0,215,215,1,0.0,False
28450,68.97,1,68.97,3.0,321,321,1,0.0,False
28453,36.27,1,36.27,3.0,149,149,1,0.0,False
28455,42.97,1,42.97,3.0,232,232,2,0.0,False
28459,21.49,1,21.49,1.0,153,153,1,0.0,False
28461,33.98,1,33.98,2.0,42,42,1,0.0,False
28462,69.99,1,69.99,1.0,279,279,1,0.0,False
28465,68.97,1,68.97,3.0,295,295,1,0.0,False
28467,36.27,1,36.27,3.0,84,84,1,0.0,False
28470,3399.99,1,3399.99,1.0,848,848,1,1.0,True
28471,3374.99,1,3374.99,1.0,831,831,1,1.0,True
28472,750.3,1,750.3,2.0,188,188,2,0.989404238304678,False
28473,21.49,1,21.49,1.0,104,104,1,0.0,False
28474,565.47,1,565.47,3.0,24,24,2,0.9549401382920403,False
28475,123.98,1,123.98,2.0,280,280,1,0.0,False
28477,548.98,1,548.98,2.0,26,26,2,0.9836241757441072,False
28478,3374.99,1,3374.99,1.0,842,842,1,1.0,True
28479,831.33,1,831.33,3.0,253,253,3,0.8929666919273934,False
28480,742.35,1,742.35,1.0,231,231,1,1.0,False
28481,778.62,1,778.62,4.0,224,224,2,0.9534175849580027,False
28482,777.34,1,777.34,2.0,232,232,2,0.9549875215478426,False
28483,765.32,1,765.32,4.0,222,222,3,0.9699864109130821,False
28484,778.62,1,778.62,4.0,216,216,2,0.9534175849580027,False
28485,751.34,1,751.34,2.0,230,230,2,0.9880347113157825,False
28487,805.33,1,805.33,3.0,186,186,2,0.9217960339239815,False
28488,742.35,1,742.35,1.0,196,196,1,1.0,False
28489,786.33,1,786.33,3.0,153,153,3,0.9440692838884438,False
28493,814.8,1,814.8,6.0,153,153,3,0.9110824742268041,False
28494,751.34,1,751.34,2.0,164,164,2,0.9880347113157825,False
28495,119.98,1,119.98,2.0,237,237,1,0.0,False
28497,776.33,1,776.33,3.0,176,176,2,0.9562299537567787,False
28499,778.62,1,778.62,4.0,174,174,2,0.9534175849580027,False
28500,777.34,1,777.34,2.0,170,170,2,0.9549875215478426,False
28505,827.33,1,827.33,3.0,130,130,3,0.8972840341822489,False
28506,3213.5681999999997,2,1606.7840999999999,2.0,63,719,3,0.9863142783153008,True
28508,574.98,1,574.98,2.0,19,19,2,0.9391457094159796,False
28509,777.34,1,777.34,2.0,138,138,2,0.9549875215478426,False
28510,2071.4196,1,2071.4196,1.0,715,715,1,1.0,True
28511,562.96,1,562.96,4.0,9,9,3,0.9591978115674292,False
28512,2049.0982,1,2049.0982,1.0,678,678,1,1.0,True
28513,811.32,1,811.32,4.0,124,124,2,0.9149903860375683,False
28514,78.98,1,78.98,2.0,247,247,1,0.0,False
28517,578.46,1,578.46,4.0,2,2,3,0.9334958337655153,False
28518,750.3,1,750.3,2.0,152,152,2,0.989404238304678,False
28519,2049.0982,1,2049.0982,1.0,678,678,1,1.0,True
28520,3226.8996,2,1613.4498,1.5,47,671,2,0.9891567745088816,True
28521,1164.47,1,1164.47,3.0,117,117,3,0.9622317449139952,False
28522,1197.97,1,1197.97,4.0,96,96,3,0.9353239229696904,False
28525,574.98,1,574.98,2.0,7,7,2,0.9391457094159796,False
28527,563.77,1,563.77,3.0,9,9,2,0.9578196782375792,False
28530,588.96,1,588.96,4.0,31,31,2,0.9168534365661505,False
28532,2071.4196,1,2071.4196,1.0,698,698,1,1.0,True
28534,603.49,1,603.49,2.0,166,166,2,0.8947787038724752,False
28535,2433.04,1,2433.04,4.0,328,328,2,0.9798729161871571,False
28537,39.98,1,39.98,2.0,202,202,1,0.0,False
28538,36.27,1,36.27,3.0,128,128,1,0.0,False
28539,119.98,1,119.98,2.0,262,262,1,0.0,False
28540,2049.0982,1,2049.0982,1.0,682,682,1,1.0,True
28543,108.46,1,108.46,4.0,275,275,2,0.0,False
28545,132.97,1,132.97,3.0,190,190,1,0.0,False
28546,119.98,1,119.98,2.0,184,184,1,0.0,False
28548,751.34,1,751.34,2.0,120,120,2,0.9880347113157825,False
28556,1155.48,1,1155.48,2.0,67,67,2,0.9697182123446533,False
28557,2419.06,1,2419.06,2.0,172,172,2,0.9855357039511216,False
28560,2071.4196,1,2071.4196,1.0,667,667,1,1.0,True
28563,1197.97,1,1197.97,4.0,83,83,3,0.9353239229696904,False
28564,1174.48,1,1174.48,2.0,32,32,2,0.9540307199782031,False
28565,58.47,1,58.47,3.0,6,6,2,0.0,False
28567,69.99,1,69.99,1.0,60,60,1,0.0,False
28570,67.49,1,67.49,2.0,179,179,2,0.0,False
28571,29.48,1,29.48,2.0,10,10,2,0.0,False
28577,7.28,1,7.28,2.0,160,160,1,0.0,False
28579,7.28,1,7.28,2.0,27,27,1,0.0,False
28582,34.99,1,34.99,1.0,93,93,1,0.0,False
28583,3578.27,1,3578.27,1.0,986,986,1,1.0,True
28585,34.99,1,34.99,1.0,133,133,1,0.0,False
28586,3578.27,1,3578.27,1.0,987,987,1,1.0,True
28588,3578.27,1,3578.27,1.0,992,992,1,1.0,True
28589,69.99,1,69.99,1.0,264,264,1,0.0,False
28590,59.48,1,59.48,2.0,286,286,2,0.0,False
28591,34.99,1,34.99,1.0,156,156,1,0.0,False
28593,34.99,1,34.99,1.0,17,17,1,0.0,False
28594,49.99,1,49.99,1.0,139,139,1,0.0,False
28597,7.95,1,7.95,1.0,256,256,1,0.0,False
28598,3578.27,1,3578.27,1.0,1003,1003,1,1.0,True
28601,7.95,1,7.95,1.0,271,271,1,0.0,False
28603,7.95,1,7.95,1.0,118,118,1,0.0,False
28605,7.95,1,7.95,1.0,130,130,1,0.0,False
28606,7.95,1,7.95,1.0,294,294,1,0.0,False
28608,78.98,1,78.98,2.0,48,48,1,0.0,False
28614,8.99,1,8.99,1.0,229,229,1,0.0,False
28615,8.99,1,8.99,1.0,241,241,1,0.0,False
28616,120.0,1,120.0,1.0,27,27,1,0.0,False
28619,3578.27,1,3578.27,1.0,961,961,1,1.0,True
28622,88.46,1,88.46,4.0,137,137,2,0.0,False
28625,3578.27,1,3578.27,1.0,948,948,1,1.0,True
28627,3578.27,1,3578.27,1.0,971,971,1,1.0,True
28628,3578.27,1,3578.27,1.0,967,967,1,1.0,True
28630,3578.27,1,3578.27,1.0,881,881,1,1.0,True
28631,144.47,1,144.47,3.0,323,323,1,0.0,False
28632,74.98,1,74.98,2.0,240,240,2,0.0,False
28633,187.98,1,187.98,3.0,247,247,1,0.0,False
28635,3578.27,1,3578.27,1.0,958,958,1,1.0,True
28637,31.27,1,31.27,3.0,97,97,1,0.0,False
28638,37.97,1,37.97,3.0,267,267,2,0.0,False
28640,69.99,1,69.99,1.0,160,160,1,0.0,False
28643,3578.27,1,3578.27,1.0,956,956,1,1.0,True
28645,3578.27,1,3578.27,1.0,970,970,1,1.0,True
28647,3578.27,1,3578.27,1.0,863,863,1,1.0,True
28648,3578.27,1,3578.27,1.0,882,882,1,1.0,True
28649,3578.27,1,3578.27,1.0,951,951,1,1.0,True
28651,3578.27,1,3578.27,1.0,963,963,1,1.0,True
28653,3578.27,1,3578.27,1.0,973,973,1,1.0,True
28654,3578.27,1,3578.27,1.0,967,967,1,1.0,True
28656,3578.27,1,3578.27,1.0,854,854,1,1.0,True
28659,2443.35,1,2443.35,1.0,706,706,1,1.0,True
28660,3578.27,1,3578.27,1.0,974,974,1,1.0,True
28663,2443.35,1,2443.35,1.0,727,727,1,1.0,True
28664,4793.12,2,2396.56,1.0,81,974,1,1.0,True
28665,4852.6,2,2426.3,2.0,36,947,3,0.9877426534229073,True
28666,4822.11,2,2411.055,1.5,13,967,2,0.9939881089398624,True
28667,4370.61,2,2185.305,1.5,354,973,2,0.9885622373078358,True
28668,78.98,1,78.98,2.0,282,282,1,0.0,False
28673,4380.1,2,2190.05,2.0,324,945,3,0.9864204013606996,True
28679,27.28,1,27.28,2.0,17,17,1,0.0,False
28681,24.99,1,24.99,1.0,57,57,1,0.0,False
28683,2049.0982,1,2049.0982,1.0,657,657,1,1.0,True
28684,777.34,1,777.34,2.0,119,119,2,0.9549875215478426,False
28687,28.99,1,28.99,1.0,174,174,1,0.0,False
28688,901.35,1,901.35,2.0,90,90,2,0.8235979364286903,False
28690,2049.0982,1,2049.0982,1.0,611,611,1,1.0,True
28692,539.99,1,539.99,1.0,20,20,1,1.0,False
28693,574.98,1,574.98,2.0,16,16,2,0.9391457094159796,False
28694,2393.06,1,2393.06,2.0,349,349,2,0.9962433035527736,False
28697,2452.04,1,2452.04,4.0,124,124,3,0.9722802238136411,False
28700,1170.48,1,1170.48,2.0,62,62,2,0.9572910259039027,False
28701,1155.48,1,1155.48,2.0,61,61,2,0.9697182123446533,False
28703,2419.06,1,2419.06,2.0,112,112,2,0.9855357039511216,False
28706,773.63,1,773.63,3.0,74,74,2,0.9595672349831315,False
28708,2071.4196,1,2071.4196,1.0,632,632,1,1.0,True
28710,33.98,1,33.98,2.0,150,150,1,0.0,False
28716,29.48,1,29.48,2.0,132,132,2,0.0,False
28724,2049.0982,1,2049.0982,1.0,616,616,1,1.0,True
28725,78.98,1,78.98,2.0,248,248,1,0.0,False
28728,2049.0982,1,2049.0982,1.0,561,561,1,1.0,True
28729,2452.04,1,2452.04,4.0,267,267,3,0.9722802238136411,False
28730,23.78,1,23.78,2.0,330,330,1,0.0,False
28732,2419.06,1,2419.06,2.0,99,99,2,0.9855357039511216,False
28733,2407.04,1,2407.04,4.0,109,109,3,0.9904571590002662,False
28734,2419.06,1,2419.06,2.0,92,92,2,0.9855357039511216,False
28735,2420.34,1,2420.34,4.0,236,236,2,0.9850145020947472,False
28736,2071.4196,1,2071.4196,1.0,550,550,1,1.0,True
28737,69.99,1,69.99,1.0,320,320,1,0.0,False
28738,60.47,1,60.47,3.0,126,126,1,0.0,False
28741,1169.46,1,1169.46,4.0,15,15,2,0.9581259726711473,False
28742,2428.05,1,2428.05,3.0,91,91,3,0.9818866992030644,False
28746,23.78,1,23.78,2.0,266,266,1,0.0,False
28747,2398.05,1,2398.05,3.0,220,220,2,0.9941702633389631,False
28749,2049.0982,1,2049.0982,1.0,556,556,1,1.0,True
28752,1155.48,1,1155.48,2.0,17,17,2,0.9697182123446533,False
28753,23.78,1,23.78,2.0,307,307,1,0.0,False
28755,2407.04,1,2407.04,4.0,202,202,3,0.9904571590002662,False
28757,2611.4096,2,1305.7048,1.0,341,562,1,1.0,True
28759,69.97,1,69.97,3.0,3,3,1,0.0,False
28764,27.28,1,27.28,2.0,325,325,1,0.0,False
28765,3578.27,1,3578.27,1.0,964,964,1,1.0,True
28766,2443.35,1,2443.35,1.0,725,725,1,1.0,True
28768,4.99,1,4.99,1.0,59,59,1,0.0,False
28771,69.99,1,69.99,1.0,4,4,1,0.0,False
28772,3578.27,1,3578.27,1.0,968,968,1,1.0,True
28775,3578.27,1,3578.27,1.0,960,960,1,1.0,True
28776,2.29,1,2.29,1.0,168,168,1,0.0,False
28777,53.99,1,53.99,1.0,36,36,1,0.0,False
28781,2.29,1,2.29,1.0,147,147,1,0.0,False
28786,127.95,1,127.95,2.0,217,217,1,0.0,False
28787,13.98,1,13.98,2.0,95,95,1,0.0,False
28790,3578.27,1,3578.27,1.0,971,971,1,1.0,True
28792,3578.27,1,3578.27,1.0,969,969,1,1.0,True
28794,3578.27,1,3578.27,1.0,971,971,1,1.0,True
28796,63.97,1,63.97,3.0,272,272,1,0.0,False
28797,3578.27,1,3578.27,1.0,956,956,1,1.0,True
28799,3578.27,1,3578.27,1.0,956,956,1,1.0,True
28800,24.99,1,24.99,1.0,53,53,1,0.0,False
28802,2443.35,1,2443.35,1.0,698,698,1,1.0,True
28803,27.28,1,27.28,2.0,247,247,1,0.0,False
28804,3578.27,1,3578.27,1.0,940,940,1,1.0,True
28805,3578.27,1,3578.27,1.0,919,919,1,1.0,True
28807,3578.27,1,3578.27,1.0,934,934,1,1.0,True
28808,24.99,1,24.99,1.0,183,183,1,0.0,False
28810,78.98,1,78.98,2.0,312,312,2,0.0,False
28811,63.97,1,63.97,3.0,141,141,1,0.0,False
28812,24.99,1,24.99,1.0,138,138,1,0.0,False
28813,37.97,1,37.97,3.0,292,292,2,0.0,False
28814,31.27,1,31.27,3.0,34,34,1,0.0,False
28815,31.27,1,31.27,3.0,42,42,1,0.0,False
28816,27.28,1,27.28,2.0,131,131,1,0.0,False
28817,69.99,1,69.99,1.0,312,312,1,0.0,False
28818,2181.5625,1,2181.5625,1.0,687,687,1,1.0,True
28819,2181.5625,1,2181.5625,1.0,696,696,1,1.0,True
28821,3578.27,1,3578.27,1.0,933,933,1,1.0,True
28824,3578.27,1,3578.27,1.0,922,922,1,1.0,True
28827,3578.27,1,3578.27,1.0,942,942,1,1.0,True
28830,3578.27,1,3578.27,1.0,928,928,1,1.0,True
28831,3578.27,1,3578.27,1.0,924,924,1,1.0,True
28832,2181.5625,1,2181.5625,1.0,695,695,1,1.0,True
28833,3578.27,1,3578.27,1.0,934,934,1,1.0,True
28835,3578.27,1,3578.27,1.0,925,925,1,1.0,True
28836,2443.35,1,2443.35,1.0,684,684,1,1.0,True
28837,2181.5625,1,2181.5625,1.0,690,690,1,1.0,True
28840,4399.1,2,2199.55,2.0,303,930,2,0.9821599872701235,True
28841,4334.6,2,2167.3,2.0,288,919,2,0.9967747889078578,True
28842,4393.58,2,2196.79,3.0,293,940,3,0.9833939520846328,True
28843,3578.27,1,3578.27,1.0,925,925,1,1.0,True
28846,4320.62,2,2160.31,1.0,275,914,1,1.0,True
28848,2181.5625,1,2181.5625,1.0,688,688,1,1.0,True
28850,2443.35,1,2443.35,1.0,696,696,1,1.0,True
28851,3578.27,1,3578.27,1.0,926,926,1,1.0,True
28854,4355.61,2,2177.805,1.5,236,920,2,0.9919666820491275,True
28857,3578.27,1,3578.27,1.0,939,939,1,1.0,True
28858,12.94,1,12.94,2.0,206,206,1,0.0,False
28861,28.98,1,28.98,2.0,76,76,1,0.0,False
28864,28.98,1,28.98,2.0,96,96,1,0.0,False
28867,63.97,1,63.97,3.0,186,186,1,0.0,False
28868,28.98,1,28.98,2.0,6,6,1,0.0,False
28869,4355.61,2,2177.805,1.5,240,917,2,0.9919666820491275,True
28870,4334.6,2,2167.3,2.0,238,919,2,0.9967747889078578,True
28871,4414.59,2,2207.295,2.5,244,915,3,0.9787137650382031,True
28872,59.98,1,59.98,2.0,294,294,1,0.0,False
28874,4.99,1,4.99,1.0,222,222,1,0.0,False
28875,39.98,1,39.98,2.0,18,18,1,0.0,False
28878,6.28,1,6.28,2.0,70,70,1,0.0,False
28879,102.96,1,102.96,4.0,170,170,2,0.0,False
28881,39.98,1,39.98,2.0,200,200,1,0.0,False
28884,11.94,1,11.94,2.0,12,12,1,0.0,False
28888,39.98,1,39.98,2.0,12,12,1,0.0,False
28889,12.94,1,12.94,2.0,137,137,1,0.0,False
28890,109.97,1,109.97,3.0,177,177,2,0.0,False
28891,38.98,1,38.98,2.0,131,131,1,0.0,False
28898,69.46,1,69.46,4.0,299,299,2,0.0,False
28902,2529.93,1,2529.93,4.0,155,155,3,0.9657777092646834,False
28903,23.78,1,23.78,2.0,322,322,1,0.0,False
28905,13.98,1,13.98,2.0,249,249,2,0.0,False
28907,23.78,1,23.78,2.0,99,99,1,0.0,False
28908,33.43,1,33.43,3.0,332,332,1,0.0,False
28911,4.99,1,4.99,1.0,148,148,1,0.0,False
28912,54.98,1,54.98,2.0,89,89,2,0.0,False
28914,27.77,1,27.77,3.0,234,234,1,0.0,False
28915,39.98,1,39.98,2.0,199,199,1,0.0,False
28918,23.78,1,23.78,2.0,311,311,1,0.0,False
28923,2393.06,1,2393.06,2.0,290,290,2,0.9962433035527736,False
28925,7.28,1,7.28,2.0,44,44,1,0.0,False
28929,7.28,1,7.28,2.0,80,80,1,0.0,False
28931,166.28,1,166.28,3.0,196,196,1,0.0,False
28932,93.97,1,93.97,3.0,18,18,2,0.0,False
28935,2419.06,1,2419.06,2.0,287,287,2,0.9855357039511216,False
28936,7.28,1,7.28,2.0,292,292,1,0.0,False
28937,7.28,1,7.28,2.0,191,191,1,0.0,False
28938,9.99,1,9.99,1.0,57,57,1,0.0,False
28945,68.97,1,68.97,3.0,254,254,2,0.0,False
28947,14.98,1,14.98,2.0,205,205,1,0.0,False
28949,2473.05,1,2473.05,3.0,290,290,3,0.9640201370776977,False
28950,44.98,1,44.98,2.0,258,258,1,0.0,False
28951,9.99,1,9.99,1.0,168,168,1,0.0,False
28954,2393.06,1,2393.06,2.0,255,255,2,0.9962433035527736,False
28955,14.98,1,14.98,2.0,2,2,1,0.0,False
28961,2478.04,1,2478.04,4.0,262,262,3,0.9620789010669726,False
28962,2477.53,1,2477.53,5.0,254,254,3,0.9622769451833079,False
28963,2398.05,1,2398.05,3.0,253,253,2,0.9941702633389631,False
28965,63.97,1,63.97,3.0,55,55,1,0.0,False
28966,3578.27,1,3578.27,1.0,930,930,1,1.0,True
28971,27.28,1,27.28,2.0,327,327,1,0.0,False
28972,63.97,1,63.97,3.0,127,127,1,0.0,False
28973,24.99,1,24.99,1.0,63,63,1,0.0,False
28974,24.99,1,24.99,1.0,86,86,1,0.0,False
28975,37.97,1,37.97,3.0,54,54,2,0.0,False
28977,74.98,1,74.98,2.0,214,214,2,0.0,False
28978,63.97,1,63.97,3.0,173,173,1,0.0,False
28979,37.97,1,37.97,3.0,281,281,2,0.0,False
28980,36.93,1,36.93,3.0,223,223,1,0.0,False
28984,28.98,1,28.98,2.0,160,160,1,0.0,False
28990,3578.27,1,3578.27,1.0,925,925,1,1.0,True
28991,63.97,1,63.97,3.0,276,276,1,0.0,False
28992,78.98,1,78.98,2.0,164,164,1,0.0,False
28995,31.27,1,31.27,3.0,212,212,1,0.0,False
28997,3578.27,1,3578.27,1.0,941,941,1,1.0,True
28998,28.98,1,28.98,2.0,313,313,1,0.0,False
28999,4.99,1,4.99,1.0,158,158,1,0.0,False
29001,624.97,1,624.97,3.0,26,26,3,0.8640254732227146,False
29002,67.93,1,67.93,3.0,286,286,1,0.0,False
29006,151.27,1,151.27,4.0,149,149,1,0.0,False
29008,3578.27,1,3578.27,1.0,921,921,1,1.0,True
29009,28.98,1,28.98,2.0,169,169,1,0.0,False
29010,3578.27,1,3578.27,1.0,922,922,1,1.0,True
29011,4334.6,2,2167.3,2.0,191,944,2,0.9967747889078578,True
29012,78.98,1,78.98,2.0,68,68,1,0.0,False
29013,2181.5625,1,2181.5625,1.0,678,678,1,1.0,True
29014,63.97,1,63.97,3.0,329,329,1,0.0,False
29015,24.99,1,24.99,1.0,220,220,1,0.0,False
29016,3578.27,1,3578.27,1.0,923,923,1,1.0,True
29018,63.97,1,63.97,3.0,41,41,1,0.0,False
29022,63.97,1,63.97,3.0,91,91,1,0.0,False
29025,27.28,1,27.28,2.0,310,310,1,0.0,False
29028,7.28,1,7.28,2.0,80,80,1,0.0,False
29029,29.48,1,29.48,2.0,38,38,2,0.0,False
29031,64.47,1,64.47,3.0,50,50,2,0.0,False
29032,4389.59,2,2194.795,2.5,202,930,2,0.9842878264257028,True
29033,31.27,1,31.27,3.0,199,199,1,0.0,False
29034,190.27,1,190.27,4.0,198,198,1,0.0,False
29039,4.99,1,4.99,1.0,62,62,1,0.0,False
29040,39.98,1,39.98,2.0,327,327,1,0.0,False
29041,628.45,1,628.45,5.0,5,5,3,0.8592409897366536,False
29042,2420.34,1,2420.34,4.0,353,353,2,0.9850145020947472,False
29043,2447.05,1,2447.05,3.0,348,348,2,0.9742628879671443,False
29046,31.27,1,31.27,3.0,166,166,1,0.0,False
29047,51.46,1,51.46,3.0,155,155,2,0.0,False
29048,4355.61,2,2177.805,1.5,192,934,2,0.9919666820491275,True
29051,3.99,1,3.99,1.0,118,118,1,0.0,False
29052,38.98,1,38.98,2.0,273,273,1,0.0,False
29053,38.98,1,38.98,2.0,229,229,1,0.0,False
29056,3578.27,1,3578.27,1.0,934,934,1,1.0,True
29057,8.99,1,8.99,1.0,195,195,1,0.0,False
29062,742.35,1,742.35,1.0,196,196,1,1.0,False
29063,801.83,1,801.83,3.0,206,206,3,0.9258196874649239,False
29064,815.81,1,815.81,5.0,192,192,3,0.9099545237248868,False
29066,539.99,1,539.99,1.0,166,166,1,1.0,False
29068,751.34,1,751.34,2.0,210,210,2,0.9880347113157825,False
29069,756.33,1,756.33,3.0,189,189,2,0.9815160049184879,False
29072,128.97,1,128.97,3.0,6,6,1,0.0,False
29073,38.98,1,38.98,2.0,244,244,1,0.0,False
29076,3.99,1,3.99,1.0,14,14,1,0.0,False
29081,742.35,1,742.35,1.0,159,159,1,1.0,False
29083,3.99,1,3.99,1.0,95,95,1,0.0,False
29087,810.32,1,810.32,4.0,138,138,3,0.9161195577055977,False
29089,6.28,1,6.28,2.0,267,267,1,0.0,False
29090,778.62,1,778.62,4.0,125,125,2,0.9534175849580027,False
29091,756.33,1,756.33,3.0,148,148,2,0.9815160049184879,False
29092,6.28,1,6.28,2.0,214,214,1,0.0,False
29096,574.98,1,574.98,2.0,145,145,2,0.9391457094159796,False
29097,548.98,1,548.98,2.0,132,132,2,0.9836241757441072,False
29103,2419.06,1,2419.06,2.0,273,273,2,0.9855357039511216,False
29106,3578.27,1,3578.27,1.0,918,918,1,1.0,True
29109,6.28,1,6.28,2.0,243,243,1,0.0,False
29110,3578.27,1,3578.27,1.0,927,927,1,1.0,True
29113,2453.04,1,2453.04,4.0,250,250,2,0.9718838665492616,False
29115,2407.04,1,2407.04,4.0,261,261,3,0.9904571590002662,False
29116,17.27,1,17.27,3.0,266,266,1,0.0,False
29119,69.97,1,69.97,3.0,60,60,1,0.0,False
29121,69.97,1,69.97,3.0,111,111,1,0.0,False
29126,3578.27,1,3578.27,1.0,943,943,1,1.0,True
29127,28.98,1,28.98,2.0,281,281,1,0.0,False
29132,3578.27,1,3578.27,1.0,921,921,1,1.0,True
29133,88.97,1,88.97,3.0,5,5,2,0.0,False
29134,6.28,1,6.28,2.0,85,85,1,0.0,False
29135,2181.5625,1,2181.5625,1.0,677,677,1,1.0,True
29136,3578.27,1,3578.27,1.0,934,934,1,1.0,True
29137,2419.06,1,2419.06,2.0,339,339,2,0.9855357039511216,False
29140,3578.27,1,3578.27,1.0,908,908,1,1.0,True
29141,3578.27,1,3578.27,1.0,906,906,1,1.0,True
29142,3578.27,1,3578.27,1.0,908,908,1,1.0,True
29143,3578.27,1,3578.27,1.0,912,912,1,1.0,True
29147,3578.27,1,3578.27,1.0,887,887,1,1.0,True
29148,3578.27,1,3578.27,1.0,893,893,1,1.0,True
29150,3578.27,1,3578.27,1.0,883,883,1,1.0,True
29152,2181.5625,1,2181.5625,1.0,652,652,1,1.0,True
29154,2181.5625,1,2181.5625,1.0,614,614,1,1.0,True
29157,3578.27,1,3578.27,1.0,897,897,1,1.0,True
29158,3578.27,1,3578.27,1.0,904,904,1,1.0,True
29159,2443.35,1,2443.35,1.0,616,616,1,1.0,True
29160,11.94,1,11.94,2.0,174,174,1,0.0,False
29162,53.98,1,53.98,2.0,224,224,2,0.0,False
29163,3578.27,1,3578.27,1.0,903,903,1,1.0,True
29164,67.49,1,67.49,2.0,204,204,2,0.0,False
29167,4364.84,2,2182.42,3.0,154,910,2,0.9898690444552379,True
29168,4343.59,2,2171.795,2.5,160,893,3,0.9947117476557411,True
29169,3578.27,1,3578.27,1.0,905,905,1,1.0,True
29170,3578.27,1,3578.27,1.0,911,911,1,1.0,True
29173,27.28,1,27.28,2.0,247,247,1,0.0,False
29174,4334.6,2,2167.3,2.0,164,910,2,0.9967747889078578,True
29175,4334.6,2,2167.3,2.0,177,883,2,0.9967747889078578,True
29180,2452.04,1,2452.04,4.0,246,246,3,0.9722802238136411,False
29182,539.99,1,539.99,1.0,122,122,1,1.0,False
29183,2393.06,1,2393.06,2.0,261,261,2,0.9962433035527736,False
29185,563.77,1,563.77,3.0,105,105,2,0.9578196782375792,False
29186,603.49,1,603.49,2.0,104,104,2,0.8947787038724752,False
29187,588.96,1,588.96,4.0,68,68,2,0.9168534365661505,False
29188,69.97,1,69.97,3.0,179,179,1,0.0,False
29192,2419.06,1,2419.06,2.0,251,251,2,0.9855357039511216,False
29193,49.97,1,49.97,3.0,20,20,1,0.0,False
29194,2419.06,1,2419.06,2.0,259,259,2,0.9855357039511216,False
29195,2419.06,1,2419.06,2.0,268,268,2,0.9855357039511216,False
29196,2438.06,1,2438.06,2.0,265,265,2,0.9778553440030189,False
29197,78.98,1,78.98,2.0,48,48,1,0.0,False
29198,3578.27,1,3578.27,1.0,897,897,1,1.0,True
29206,148.98,1,148.98,3.0,256,256,1,0.0,False
29207,3578.27,1,3578.27,1.0,890,890,1,1.0,True
29209,39.98,1,39.98,2.0,307,307,1,0.0,False
29212,190.27,1,190.27,4.0,80,80,1,0.0,False
29217,63.97,1,63.97,3.0,254,254,1,0.0,False
29220,24.99,1,24.99,1.0,147,147,1,0.0,False
29225,4320.62,2,2160.31,1.0,137,883,1,1.0,True
29228,24.99,1,24.99,1.0,315,315,1,0.0,False
29230,4.99,1,4.99,1.0,306,306,1,0.0,False
29231,39.98,1,39.98,2.0,54,54,1,0.0,False
29232,173.47,1,173.47,4.0,273,273,2,0.0,False
29236,4329.61,2,2164.805,1.5,126,905,2,0.9979236005090528,True
29237,4355.61,2,2177.805,1.5,140,884,2,0.9919666820491275,True
29238,4398.1,2,2199.05,2.5,104,897,3,0.9823833018803575,True
29243,122.95,1,122.95,5.0,66,66,2,0.0,False
29245,27.28,1,27.28,2.0,26,26,1,0.0,False
29248,27.28,1,27.28,2.0,318,318,1,0.0,False
29249,24.99,1,24.99,1.0,316,316,1,0.0,False
29250,37.97,1,37.97,3.0,249,249,2,0.0,False
29252,4389.59,2,2194.795,2.5,94,884,2,0.9842878264257028,True
29254,3578.27,1,3578.27,1.0,897,897,1,1.0,True
29257,165.28,1,165.28,3.0,72,72,1,0.0,False
29264,4384.59,2,2192.295,2.5,86,903,3,0.9854102664103145,True
29267,4.99,1,4.99,1.0,159,159,1,0.0,False
29268,38.98,1,38.98,2.0,314,314,1,0.0,False
29269,3.99,1,3.99,1.0,86,86,1,0.0,False
29273,63.47,1,63.47,3.0,126,126,2,0.0,False
29280,3578.27,1,3578.27,1.0,861,861,1,1.0,True
29281,2443.35,1,2443.35,1.0,614,614,1,1.0,True
29283,53.99,1,53.99,1.0,212,212,1,0.0,False
29286,13.98,1,13.98,2.0,281,281,2,0.0,False
29287,4.99,1,4.99,1.0,333,333,1,0.0,False
29290,4.99,1,4.99,1.0,321,321,1,0.0,False
29291,564.48,1,564.48,2.0,92,92,2,0.9566149376417233,False
29293,2384.07,1,2384.07,1.0,260,260,1,1.0,False
29294,553.97,1,553.97,3.0,63,63,2,0.9747639763886131,False
29295,2384.07,1,2384.07,1.0,245,245,1,1.0,False
29296,49.97,1,49.97,3.0,55,55,1,0.0,False
29298,548.98,1,548.98,2.0,67,67,2,0.9836241757441072,False
29305,14.98,1,14.98,2.0,1,1,1,0.0,False
29306,2384.07,1,2384.07,1.0,228,228,1,1.0,False
29308,2438.06,1,2438.06,2.0,237,237,2,0.9778553440030189,False
29309,2419.06,1,2419.06,2.0,223,223,2,0.9855357039511216,False
29313,539.99,1,539.99,1.0,53,53,1,1.0,False
29314,564.48,1,564.48,2.0,40,40,2,0.9566149376417233,False
29315,103.96,1,103.96,4.0,234,234,2,0.0,False
29316,2433.04,1,2433.04,4.0,231,231,2,0.9798729161871571,False
29317,2438.06,1,2438.06,2.0,219,219,2,0.9778553440030189,False
29320,23.97,1,23.97,3.0,123,123,2,0.0,False
29325,63.47,1,63.47,3.0,134,134,2,0.0,False
29326,3578.27,1,3578.27,1.0,873,873,1,1.0,True
29330,38.98,1,38.98,2.0,112,112,1,0.0,False
29331,47.97,1,47.97,3.0,133,133,2,0.0,False
29333,54.98,1,54.98,2.0,297,297,2,0.0,False
29338,39.98,1,39.98,2.0,159,159,1,0.0,False
29341,98.97,1,98.97,3.0,114,114,2,0.0,False
29344,548.98,1,548.98,2.0,4,4,2,0.9836241757441072,False
29345,574.98,1,574.98,2.0,3,3,2,0.9391457094159796,False
29350,3578.27,1,3578.27,1.0,868,868,1,1.0,True
29353,63.47,1,63.47,3.0,120,120,2,0.0,False
29354,3578.27,1,3578.27,1.0,860,860,1,1.0,True
29356,628.97,1,628.97,4.0,360,360,3,0.8585306135427763,False
29357,2398.05,1,2398.05,3.0,88,88,2,0.9941702633389631,False
29359,2453.04,1,2453.04,4.0,47,47,2,0.9718838665492616,False
29360,2418.05,1,2418.05,3.0,58,58,2,0.9859473542730715,False
29361,2071.4196,1,2071.4196,1.0,541,541,1,1.0,True
29363,777.34,1,777.34,2.0,56,56,2,0.9549875215478426,False
29365,778.62,1,778.62,4.0,59,59,2,0.9534175849580027,False
29366,2419.06,1,2419.06,2.0,40,40,2,0.9855357039511216,False
29367,2419.06,1,2419.06,2.0,39,39,2,0.9855357039511216,False
29369,2422.54,1,2422.54,4.0,17,17,3,0.9841199732512159,False
29371,777.34,1,777.34,2.0,60,60,2,0.9549875215478426,False
29376,21.49,1,21.49,1.0,151,151,1,0.0,False
29377,33.98,1,33.98,2.0,169,169,1,0.0,False
29379,23.78,1,23.78,2.0,249,249,1,0.0,False
29383,23.78,1,23.78,2.0,120,120,1,0.0,False
29386,27.77,1,27.77,3.0,291,291,1,0.0,False
29389,2589.0882,2,1294.5441,1.0,292,518,1,1.0,True
29390,2589.0882,2,1294.5441,1.0,293,515,1,1.0,True
29391,3949.97,2,1974.985,1.5,319,975,2,0.991141704873708,True
29393,23.78,1,23.78,2.0,335,335,1,0.0,False
29394,36.27,1,36.27,3.0,283,283,1,0.0,False
29395,13.98,1,13.98,2.0,25,25,1,0.0,False
29396,36.27,1,36.27,3.0,238,238,1,0.0,False
29397,2049.0982,1,2049.0982,1.0,509,509,1,1.0,True
29399,3936.47,2,1968.235,1.5,295,995,2,0.9945407941632987,True
29400,3992.46,2,1996.23,2.5,289,969,3,0.9805934185940499,True
29405,53.99,1,53.99,1.0,139,139,1,0.0,False
29408,53.99,1,53.99,1.0,152,152,1,0.0,False
29410,3399.99,1,3399.99,1.0,947,947,1,1.0,True
29413,53.99,1,53.99,1.0,16,16,1,0.0,False
29414,2071.4196,1,2071.4196,1.0,497,497,1,1.0,True
29417,195.27,1,195.27,4.0,173,173,1,0.0,False
29418,83.97,1,83.97,3.0,8,8,2,0.0,False
29421,78.48,1,78.48,2.0,28,28,1,0.0,False
29424,33.98,1,33.98,2.0,189,189,1,0.0,False
29426,25.48,1,25.48,2.0,79,79,1,0.0,False
29431,1249.84,1,1249.84,2.0,298,298,2,0.9720044165653203,False
29432,1307.31,1,1307.31,5.0,267,267,3,0.9292746173440117,False
29433,1289.33,1,1289.33,3.0,269,269,2,0.9422335631684673,False
29435,68.97,1,68.97,3.0,252,252,1,0.0,False
29438,33.98,1,33.98,2.0,233,233,1,0.0,False
29439,23.78,1,23.78,2.0,178,178,1,0.0,False
29441,68.97,1,68.97,3.0,5,5,1,0.0,False
29442,33.98,1,33.98,2.0,255,255,1,0.0,False
29443,88.98,1,88.98,3.0,187,187,2,0.0,False
29444,25.48,1,25.48,2.0,83,83,1,0.0,False
29447,23.78,1,23.78,2.0,4,4,1,0.0,False
29448,3399.99,1,3399.99,1.0,974,974,1,1.0,True
29453,742.35,1,742.35,1.0,118,118,1,1.0,False
29456,765.32,1,765.32,4.0,113,113,3,0.9699864109130821,False
29459,805.33,1,805.33,3.0,102,102,2,0.9217960339239815,False
29460,751.34,1,751.34,2.0,115,115,2,0.9880347113157825,False
29463,751.34,1,751.34,2.0,82,82,2,0.9880347113157825,False
29465,791.32,1,791.32,4.0,71,71,2,0.9381160592427842,False
29466,3374.99,1,3374.99,1.0,929,929,1,1.0,True
29468,2428.05,1,2428.05,3.0,209,209,3,0.9818866992030644,False
29472,88.98,1,88.98,3.0,120,120,2,0.0,False
29473,2419.06,1,2419.06,2.0,210,210,2,0.9855357039511216,False
29477,2428.05,1,2428.05,3.0,195,195,3,0.9818866992030644,False
29482,2049.0982,1,2049.0982,1.0,468,468,1,1.0,True
29483,2049.0982,1,2049.0982,1.0,477,477,1,1.0,True
